6.488390363749215,-7.066490629600746,-4.48646978432615,3.1427164493445297,2.407800333174981,7.109177373741087,-6.953157102494318,-0.1122341341185944,-8.005585193717383,-0.5694524448207599,-4.6964875814944325,1.6546484051180048,-5.822021228311296,0.2974807451883983,3.821215278641624,-5.190918843517423,-4.313570544235317,6.505629856174462,6.805202575290014,-4.988880879730182,-9.816748880365333,-2.3809173093604086,-3.826796053736077,-9.140545067235522,-6.701798292443013
2.058362182004025,-1.3584923718384996,6.559644114902959,8.564624957026052,-8.912395403500796,-9.437958110088253,1.9006427116268902,5.130147502255355,-5.529237584883475,-7.668343962178894,0.5169627870096036,6.967452736206731,4.524771155459451,-8.56770111840462,-5.0774561701877925,9.448580011422102,-8.356489553542009,5.204257789025066,-6.866384782769495,3.99756453496137,9.362209021489566,4.372956576876238,8.818547745313357,4.96420173317885,-9.226013714408527
-6.143740237677219,-2.9513199063764635,1.9001835767965716,-4.346857961800536,9.300187609890727,-9.996990596841798,2.545543532862588,3.6875395897893917,-0.5071775073530009,4.673440266768804,-8.716293435433274,-0.5210178924770492,-7.296232395256414,5.475587625408556,4.50034757548184,9.895321539075848,-8.43974753458207,1.6479006461531895,-5.243906399940452,-2.7130458765921333,0.29156044753880117,-8.535593464883437,-5.6210424814053255,-8.801512349960808,4.894501873801296
7.36725544802901,8.061355240283994,-5.7512772267101875,3.8729149831612357,-8.424173305826839,6.99358517521712,4.13954490358047,-6.020893874387623,-8.833963846295577,-4.8798964907106495,2.5731574070144667,-6.838364537166561,-7.064279476529942,6.258389405045545,3.23906171139339,0.816759285567823,-6.224785955001819,-5.204591643732583,-0.4733441103135618,2.5247472120460976,-7.528962865311173,3.1555002603794513,-1.25165986554771,7.337889654612514,-7.3740812979224675
-8.37473517326793,-0.047607939645937236,7.88955757927857,-8.703379313209085,2.212468874094993,-3.3606124161947992,-3.6923324112619493,-4.913245480277668,-8.558469295069518,-5.413890855915593,0.23454818266266386,2.728368472539991,-9.50959168646872,3.4376289758070318,-9.933614739087586,-0.9010544890409236,8.587871717177705,4.770788823444047,-7.4728090775017275,3.3013920697229686,6.408777210178847,-7.141244896658556,-2.0656313856296844,-8.758702908579451,-8.219509889429355
-7.9073477899653515,-9.520212954992793,9.32975905257151,4.698647635910291,-9.640671738260062,4.178933219512226,1.5095727554504954,-5.523365941926439,-8.616181393709574,3.585702026795099,-3.4781383945171633,7.436817751975276,-1.3193353381685018,-7.7932724655209356,-2.4954009438423714,-5.92671546006901,-1.0593707849633578,-4.227037831561928,3.9647303783453847,-6.353252036883694,-9.768992518270366,-4.373598675398478,6.606404863484961,5.266140262254931,-6.244483465103299
-2.974599676201983,-4.767935487562824,2.965405662450582,6.371770141586531,-8.506017541100942,6.057459351785717,5.178216672842959,-8.825751047254107,5.34847524076342,5.877568161832961,0.6192992080886626,0.1725675335518222,-5.013964154123882,-0.8799241955639143,-5.327826087103446,8.968484764466307,-8.777808249110354,8.168317815822263,1.9079418566633954,7.171395346464546,-7.443213494542473,-7.696108254992835,-0.4720984942007984,1.1820557793582847,-2.21858319703051
9.930412876676556,-4.365869245585518,-3.845373065718074,-0.005700814337439297,0.9484272905980173,-7.521364171563471,-9.503875910787588,-4.440604544119808,6.000282792447766,2.3192678783967615,3.9830136467174366,-9.095134933188183,3.040693168258441,-5.773335802747459,0.14224119957567005,-3.2907428082033796,8.50858525100972,8.362493894546002,-6.4366083589118395,2.671488914362815,1.5416999809253262,6.706790484612682,-8.913974216352683,-7.145746064921871,9.009704878596349
-5.848387352793518,-9.016181591988916,-3.0380940937983647,-7.6855844418056325,-0.3051915067112976,4.722947712766572,-0.7197539504910839,-2.2187408631371364,-5.013971626932796,-9.945987061282285,4.19079486315262,-2.9792610025068473,-1.9080030785501947,3.3659102876926976,1.2258582248663004,6.251975451603986,5.966353752300764,-5.17857874110492,4.150652230353419,-4.582806853449501,7.360591079360102,8.15451725625772,-2.7312541553666003,-3.807914311576079,6.172313575536734
1.8794567431775278,-3.6955648459451833,-3.7679706783677585,2.772344384267722,3.7619951831941947,-6.195694659714677,-3.2956528834981436,-8.23884204292476,-4.922396553599628,7.88045809190605,7.174911114225196,-7.314951148811042,-2.234292407338579,2.4823438963698585,2.767183106653654,6.51122491790219,4.818051158359914,-0.5206692612085284,-3.317274064011264,7.719765535333853,-2.405623335388092,-3.2938041660990214,-1.7853871925248566,-7.143788666609114,-4.7659083022573085

-2.69835871607685,9.104957193360846,-2.76145420956383,-8.837449294141082,-5.089833252084404,9.65605638897883,0.2574763931066286,6.142644886299532,-2.029802512174097,8.245992434271699,3.866970757955217,8.909605036123502,6.1350733986805785,0.9813544314862881,-3.423918291938463,8.970822156673488,1.842989432527384,2.188004034448607,7.3083997729233765,-2.05203548674759,6.030479659366613,-3.7095283419853082,3.673067997164594,0.5174455355963996,-6.456475616978401,-4.67635491261251,-9.388363640754424,6.990970269302132,9.391882875422198,-9.632292995173142,7.862298043792485,5.115905881283711,6.015569896706431,-5.415859899441835,7.180832796743445,7.779184132786803,0.005308509396106942,6.971117208754048,-9.475544320810425,8.516347775848367,-7.216845484394703,1.824765813714306,8.981745323506242,5.9262624179763215,1.0547300856644544,-5.452758619000404,-2.2769098655960063,-3.6487355121968212,8.325510350734262,7.1176125623059825,-9.177198990845897,-7.477675693425427,3.9970934425340072,8.059283347943119,-1.0066153998311478,-5.461195705776596,0.7550934498887969,8.300714261677456,1.4815733569390233,-7.7034803260391875,8.716527174631082,9.152581341740337,0.17197203511888048,-0.48632743057647865,-3.1716086554540563,9.884168066910345,-1.3515759729049055,-5.281702347445465,6.794829236516982,1.030348400972649,8.003966687800613,-7.128920667276795,4.236098860242141,-9.024025852329627,-4.5956530177245085,-2.181280890795829,-7.960260578557641,-0.3358385261238013,7.853217528507315,-4.130198983550601,-0.4861810169506313,-1.805197088135932,2.839312583611475,6.11654440944336,-9.093060305683823,6.093701407278619,9.872920184090795,3.372392033613954,8.714744085398351,9.999567381209292,-4.429809708862429,-4.209378540513454,2.6241842980322545,7.497906382672479,-5.662383329344458,4.05151167103954,6.183253728594558,-2.440707056480278,0.2930845128649473,-2.0312509200821722,2.875831411405745,-2.808399284758618,-5.386725301949129,-6.68336518175037,6.077947245246854,-4.559204730666302,3.981415300953797,-9.497648557806768,-7.955013252539899,1.5086314748644263,-0.027589780412483833,-7.468863285071756,4.578326094099181,-1.2084071697383933,9.158581174093598,-4.029190331881301,-3.4854610515695335,8.975579590298452,4.797123107350391,2.192869354886785,6.875272626001173,-3.671941500369593,6.00013943955863,0.9013252455281169,5.237790560420466,9.722807073488895,8.441044425598843,-6.0326423586636295,7.634741530297653,-3.9864021368907965,7.49044022118354,6.886215319572024,-2.9247988190602463,6.4847382106780636,0.5357135089198657,0.48517485907503755,9.913224653825637,-7.877066033380446,-5.35238402716441,-6.113691981965177,-8.597122150629207,-8.996488429068549,-3.638942240102418,5.462462263113299,-4.030132846345986,3.386416864378001,-0.9784957210436591,-6.277713944566543,0.012399192103796253,-0.6978944773790996,-5.755195164052685,-4.008126736034335,5.546512602060204,-2.8149817486099904,-7.0758655554804495,1.5685192242779813,-2.968622255752962,5.350403644718597,3.445467191458677,5.15406315417396,3.7836102052109766,8.551361148846144,9.19700989560426,3.803361775901525,-0.6538256693116686,-4.794804565236439,-9.91414336730411,9.013349505813604,3.462799474027964,2.298483074814941,3.137602273151469,1.4249229192345787,4.37372278386065,-6.432691274423199,9.677298079039922,-1.934372535874365,2.254734750521097,6.805788990334943,-5.837824594566854,2.9112293587488978,-1.4347252131094574,9.665253303489493,-8.986805706006649,4.054623662141994,-2.860939208209232,-8.5025316617158,-9.18218624704658,-8.923021392730785,-8.048125163480716,-9.56627391019862,-0.5485781367005682,-9.630753678587865,9.18052316970028,2.8099400033928035,-0.17945708213315115,7.471505615641423,8.72415289558407,-2.5680571161772274,-8.804171527948492,-4.2879529746732326,9.739764726751595,-1.1963961366713942,9.605373869452276,4.766035766656987,0.5978694787806411,-8.275893250138724,-2.759786603824452,-4.453181608522594,-3.7693759276847683,-1.0640755655104641,-5.418861985408412,-8.344734534210115,1.8479433514965429,5.536631854353518,3.4327167953686555,-2.3753315759500104,-0.9127534850392944,-6.786905731365023,3.3564725862752205,-9.165827623576003,2.189796230994494,6.038112701545462,7.146509798442835,-7.050609695904891,-0.19815612012537898,-1.385641366495804,-0.3860090434785075,-3.213802466582216,9.24424263104645,1.954757732068419,-7.1952291805507524,-1.3637813445428613,0.22936902947935423,-3.0642550281569525,-4.76044177789853,-6.112689542738165,-2.1203210373140386,3.301218350622019,-4.994413040590658,-6.135544376798356,-8.266982249949127,8.098247314433326,0.9034201102973238,2.538196727370142,9.17409788214772,1.70551210385295,-9.183050879848576,5.440239138846188,3.548730648963808,8.713191773326319,6.130227015915878,-7.544086660624787,1.1521712990419317,3.499061172531132,9.967902560326646,7.792657341440815,4.930822885826199,9.72255759658686,2.9196880484931675,4.026180787602154,-2.9272971943199995,3.315201079752825,1.336438109580138,-0.15952244281443306,7.721188254834985,-2.6877536082081193,6.558463912014794,-5.110690121575187,3.9745917731736355,1.554641823096663,-0.22395122285665892,-6.746456771866489,4.406433833846727,7.657511502165487,-6.53192936485218,4.717176211820572,-5.648406941082644,1.050876028697779,-1.1740441321517086,1.4030640979514715,-8.487296095206638,-4.040305703391334,4.622255838769965,-2.9226838980100585,-3.7989884476203706,-3.5181037298812745,-4.6910423385453885,-8.068123081524849,6.726005492784598,-2.124390295628398,6.0421841819276665,8.693309592107862,-6.802971081781259,7.600206616892727,-9.401659692468547,-6.871119123576297,-5.278790834922611,-1.4952945524889412,2.600212532957011,9.000015341761074,7.038331473012608,-3.944637928487893,1.486570712096583,8.281993357872121,0.21875541636878637,6.090276178369237,-6.008953290115175,7.576932557728732,-7.470546700980383,3.8297057735439033,5.052859253881499,2.594068505568515,-9.360250333876692,2.844659921055035,-2.4962524989896906,-1.4284172260584231,7.924570243781773,8.960410156551141,7.4548604004370596,0.12428539653296333,7.781813803931939,-1.9678836429694453,-5.228789189578686,-6.919887749157459,-7.901397230525351,-8.204533644838834,-0.9959559992463198,-2.0889445564949716,8.604481940777148,-9.075183167712265,1.664439523736558,-9.071733993193059,-9.590660763733588,-7.151075488080205,-1.8561831588836526,-7.927448918232736,4.607757737658456,-3.7108637997623317,5.96965535545538,-6.635558021185945,-7.93889147137129,-9.570473418781983,-4.0922415827382075,0.09530788920190147,7.198675779587084,-1.9278613846658228,4.343476482398941,-8.378740147863596,5.897058196738458,7.463803772737506,-4.081148341729759,-7.049904578982913,-5.0443475800597515,-3.4329449019075975,-5.113401351910214,0.8157800747438664,-5.077780021865914,6.673317769196501,-5.236262204742954,-9.738560754996008,4.384736994050458,-0.7241817533936903,-4.420260228942025,1.7646724223850008,-4.814673483887302,7.325861701111187,6.97671788511893,3.0392319899803155,8.187876213940516,-5.038877139855438,9.823376717426932,3.491557004375318,3.2481671613423693,5.8518514646720945,-9.242758779320466,-8.649708515944623,6.919115857200456,5.959081673394476,-3.270604059400865,8.444945290014584,-4.563360318138178,8.52512472045714,-9.174169599164859,-6.927402410845551,-2.780232826318361,0.9611582840077872,-3.9319368165605617,4.483764387247163,-0.14541851203796874,-3.1555506207716437,8.525147174221239,4.683582663141756,-2.322401196072801,-0.621411454436199,4.801908679621567,-6.611540536027691,-9.522515763207505,-2.9716328289495975,-8.576532237953497,-8.051386739654639,9.543020040598662,-8.362013243257334,8.40924355334404,0.45148774014739423,6.806103793872616,5.631925259147968,-9.370159926973749,-9.335585221661306,4.52728170277226,-4.528747089686956,7.346382044943191,-8.18532020376759,-4.089993590702927,-9.965503757644274,2.6929283316843655,0.9137806295259452,-0.025438364881667397,9.397142438316951,7.184083767065289,2.7996679112653453,8.909343885202578,4.098040147198796,1.8356938865228045,8.03766178172047,1.4434995300056226,-6.718511829889636,-2.4802724612223814,2.5302790132984327,-4.995770280732563,9.263887433171774,6.4182474566106045,-2.4945437253669507,-2.264333977157749,2.1597583087602352,-3.4370594643518615,-7.871105946697769,-9.99948563426617,7.678894053943495,-1.9456216494820033,-5.273647730410054,-8.292924286927848,0.16552887797177895,2.122225645409859,-6.916264974856459,-8.194397863174135,-8.941449051969794,-2.5342810832313383,2.9723488132834355,8.246147716680415,-3.5788354092552925,4.091182407355532,5.025002605830846,2.3462816467846217,-9.33172398222689,9.017001598437982,-7.520717840505602,-8.282773136734304,1.0512412575382548,-7.330543359260718,-4.789684872270403,-8.677907311607836,1.7576846324291324,7.298099383586663,8.342762726860279,-3.493657658174884,-7.806270082747853,2.1647852561609007,2.634546197746758,-8.542442192151638,-3.4795000540788346,-6.292681875888386,9.47800311843088,9.918635979040303,-2.5800719961119922,3.016188939428117,-6.939480480831081,-6.470219202048362,3.2764243133087163,4.296359298965873,-1.4194625234865441,-1.0768084184680422,8.414989587138813,5.6602630991589855,0.946726906807914,5.850267159826789,9.620443905860178,3.17708271947906,-0.7449594849053014,7.501474623599666,5.372195581239275,3.441804995270285,-0.8165246013856589,-0.706674719746923,-8.577211822095528,-4.7193440600356436,-4.820551688891241,-9.636084101299666,-6.777061776147219,-1.9453678519354778,-3.97005086329413,8.824405430700367,8.571514581342491,7.494014336112766,5.365528300739264,1.1479818791709757,2.371253352899327,5.685968817630709,6.428388444160905,3.6459066965559543,6.698094938552185,-4.592956311448502,-6.157777525053094,1.0910073536020786,-8.978138363210258,4.7559602075662575,3.8158984397952125,3.74375280908815,9.779488360632968,-9.453138553362727,-1.8632557522711934,-7.4580274049765505,-9.899175470425423,-5.020534386135367,0.8314330031337729,-1.5184949833672707,-6.224058273347448,8.274421680864474,2.128359628984363,-9.09944549499192,-7.618824083767944,4.091210161607265,2.2447131986643996,4.442274082132942,-8.653632929740079,8.90435608541383,1.7922838848996783,4.583465949640939,-3.2430318715242663,-5.558787101289038,-0.10752399577259375,3.1231802006618246,7.688764393636507,3.374231409217243,-7.760290399200144,-5.910073473438773,-1.7118845859513563,-7.034308546005548,-2.7751805112014765,-3.1686313155989705,4.357609952204056,4.67357133901557,-6.935383176908745,-1.5972757973785576,-3.793103717746207,-1.073145912895301,6.157070097344771,7.448627241679809,9.133983201823458,7.411021645061883,2.929192897401137,-2.6861947189135593,3.0914239194883244,-1.7260682381789287,7.902008932675656,7.152150205977385,-5.011603300571754,-0.9111361820090291,-8.04873667102987,-1.045806193165502,4.499916057910172,-9.570439236893655,-5.20955974922332,2.666666163539425,-9.686414361292272,-5.964460875840178,-4.007070877387764,6.257728060055587,7.353281548272921,3.2662921134862763,-7.479138531468514,8.557704201609596,-3.649386866196693,4.380054217220533,4.066577105478519,9.586975630744437,3.4284266046364635,8.048895551365305,-2.0373623502008975,-3.922944439679661,9.676727081348378,4.5972024820564865,-7.1475358829387226,-0.06764464651482349,-0.014668541196172669,3.4993928190217254,-8.227110368729551,7.4133744598793925,3.4239150520993373,-5.740601734667267,8.222377728670647,-0.7466480270048752,-9.266187340288749,-4.387699098593019,2.574428532512144,-9.642273534461703,-5.7975627518691475,2.008582648200468,-1.0304375199605698,-7.127243510939207,2.15238859139912,6.7587314806328,-6.520947243725832,5.354230954569189,7.899704224100589,2.214434680576314,-0.7773444901652233,-4.991200652253321,-6.255868157146461,1.0359805479296735,-0.4032616441740995,2.8264792991416616,0.9507419937923842,9.02593500543966,-4.492330396276634,2.2099835477621887,7.635607369194865,-7.88340108734086,-9.746087211378661,-1.1011661835907844,3.1394422625677283,-9.956329190351425,-9.490592652319556,9.974733593207223,-1.5963653409598173,-8.189202092505074,6.331374240623063,-3.453359947760184,-5.37009748753565,-2.252601432833041,2.790692258386718,3.2945266519438583,-6.394421893255835,4.424425154675015,6.915281660744931,5.960302493483834,3.344705540394571,-6.629968226843255,2.099955494804437,1.1150565320267383,1.0854004622693125,3.9473135673316566,6.67130745899971,-8.645800573174746,7.645112093631472,-7.23550326643953,9.11371640348467,6.662039047880597,4.6874528257558765,-2.0864606299072275,-3.7492686527148873,5.977004008610701,4.920018917745626,-1.1758629030048482,-9.341411862363502,-2.2328763185358707,9.356367267285727,-0.642684854485509,-6.221014157790618,-6.11972940023122,4.240723510993259,-1.9080627467910105,3.5534552977287976,9.660239015685402,-2.2602930326804804,1.12489157900586,-0.67980565572093,8.687530175687609,8.85887769237521,-5.030843992792072,0.7345847304794617,-6.110157210956306,6.506367760376545,7.92990572305014,1.4175189403577875,8.054654428237363,8.374885695245148,1.0437869964178947,-6.72036041399971,5.82634737450832,6.2174003397073605,-4.930265644234433,8.09047624982837,0.08958129529118963,8.555785359074207,-5.5884789393863326,5.399304831595199,1.1923773674783789,1.4969429646544228,2.536422242275261,-3.571961157189647,1.2783129738508308,4.6736829598146485,7.377943966849575,2.667461187106259,3.990707958683002,-1.5945330128070534,6.235885240830321,-5.016864945792367,8.994980911833135,-6.461527266463887,-1.6087655470066657,8.582992028107263,8.009234313058286,0.7053371275487574,8.777532160647429,-5.428977101966379,1.4765958976163969,-8.320065056621313,-2.3578483902945386,1.5585960701822703,-7.952119916573452,-9.377137529249921,-1.1838696824159136,8.350340144072636,1.4327307118648864,7.601966983392462,9.7144301327948,-9.233735881137498,-0.443784912155218,-6.60527732923192,-4.439266967250042,6.152096883138224,7.285107316250745,8.35544827512049,0.61516697290166,2.1439048027137595,3.603455286701047,9.319716191628139,2.817330828775761,2.3021487037260346,-9.414830073311766,0.4888232903708456,8.363575729634242,-7.172830066549761,0.30777550509685625,0.06670275677743476,-8.99386914521626,-1.788529088893986,8.275827205084475,-6.125223015204011,-0.3561841241889674,-7.287122015823346,6.674866666244302,-0.26091438504830045,6.989012216717494,-8.856304784514624,-4.101736977545354,0.5054742393208151,0.7203913427600188,-0.8413202271237363,-7.344049383131839,-9.162851288457938,-5.691183341791359,-5.066735575797545,1.5198059989111385,-4.064480764542473,-6.55434060601922,-1.648662781046193,2.484247747428423,7.483609529489172,-5.5585168454303036,8.340535682402148,1.3732429378504492,0.4246133002214023,4.0860746933119785,-1.5216183648485035,5.297520456020715,-2.9878641413252005,1.3850244222452375,-7.56534820511237,8.106124253239127,0.10411198910085062,-3.1779611807715247,-9.875936438358346,8.136722066076953,-7.633535176033826,1.9706962654865219,-0.7267721702631,4.140230751381537,3.1448921036652706,-8.578918255786945,-4.368608876837447,-5.421040358203215,-7.992727519320271,-8.374506017525295,7.638961562713789,-2.209574615368113,-2.001141376422682,-5.95853566866243,0.19719924849883697,9.023564606586728,-8.65665877275902,8.225092483857804,-6.641457299858924,-4.983108462767383,-8.264506104231216,8.664010995338767,2.120794114769202,1.909935441784036,3.336245639356356,-1.359277104641908,-5.52016514002119,-1.4897351667421717,-9.293770396524284,0.633214111127776,5.865026145642485,4.496020944892081,-6.414995665836107,7.550649146851697,1.2496572363907337,-7.209763421823643,7.319107347128185,-7.9834822631226565,-3.2596406656261774,-6.737701347907139,-4.267553016977546,7.535359394900436,3.3925179260717826,-7.492995833422295,-8.636666946992557,-6.577166836851662,5.553252931978109,-2.14254686495617,-5.415469536339213,-5.470790986171035,0.5568065245647968,4.796808206013573,-6.50086466895673,5.4824596423382825,1.6099536005430508,6.514201714829294,4.088245130619647,-7.4001301950159455,9.79785913135813,-3.617868318558111,-5.428019755828613,3.5644813654066727,-3.102836870070556,-0.8388040466196127,-2.8302691021009885,7.566833383637935,8.720508892156644,-0.027880890651019286,-8.923860970025972,4.6201055844654455,-7.686120154221618,-8.422261662622885,-6.377514379484703,-2.1881051653433836,3.315547610363044,-1.8359225360645137,0.7669731028892528,-3.506130271944863,6.092689287294522,1.3603166468286787,4.440929727998917,9.706686516206315,3.618363025062516,2.375506428240721,7.5059570589254285,8.499604335874537,1.5855937796773212,-3.151765279093297,-1.5901024904368946,3.4506508357828007,-0.6859153205960382,1.1689848663857472,2.1310420016647313,-0.8822284255227331,-2.609891783822751,-4.1733357278861245,-9.285385596488783,4.953350572818033,2.0363840029071447,-8.402725736618379,4.6861994155878595,-3.9132054717096976,0.6531742417321045,1.8662518609829384,-2.789061766378569,3.554133296140275,9.828910152271341,5.4820715748063655,9.404873742903558,4.047640392994333,7.385459808883731,5.1919601743961525,6.883418752576475,5.05759724894183,8.761025314832139,-2.337778935274102,-2.972304449788947,-5.964499632450176,8.05707924936626,-1.5335018758427292,-8.22602531415486,-5.35779140191615,-9.221292436267312,-5.6736463410111355,-6.882749010975779,9.577323848605069,-5.163368612879438,-5.844335662863478,-6.129685487943888,-3.3116332581462764,-5.222478484114605,-6.630690439176233,-9.50959434464526,-4.863632317043272,-6.957859650874642,3.0976260213042277,-7.2853303968543015,0.6503151283563309,-8.440464680088258,5.2575362127252685,-8.864447624071223,-7.710426311917287,9.672611255320781,-5.848648504616543,2.829658548187563,-2.7395512759232776,-6.7818254460001315,-2.3347271187458514,5.63284112435991,-1.6252511147078952,-2.5813328184447304,4.615447637419406,-6.621480466136688,-7.2097641123705225,-1.425391014777107,-6.987524853612905,8.177470812910965,-8.165723653728454,4.377293207009377,5.103862454420387,-9.539376203120897,1.3617276878660096,2.6673843950608678,5.027035469152958,0.8467435060123041,7.137015743268414,5.275499580689933,-4.402540530858237,8.809115437737976,1.51289502092048,-0.4128023307991242,-9.30241669976432,4.738755295179164,6.003310233389129,7.045105851157409,-4.229565652549341,-6.225078275201827,9.185666450695862,1.8676672949337991,-2.7443067454480508,-3.3840007809400907,-0.36366739877941967,1.8785687921949936,-8.605633992040007,5.170788079554967,-8.585307180761623,7.908633871636535,-5.0735656739301715,-0.6464838519051153,-6.07805469870674,-5.849023094821786,1.2053699777856597,-9.785298235615867,-0.32093725611249013,-5.6833603032495255,4.78832832767063,-2.493817808264156,-4.029984823076114,-1.3451999731489828,3.88774395225888,-3.85902394849259,4.2340270528955095,-2.7793597165782753,-8.867814639700738,5.2247870785625405,-1.595635936458768,6.689639549694782,0.7435857768971399,-3.4585768408429303,8.057652283283282,1.0834101792567274,5.882188453415564,-6.161938689501765,-5.026164932081192,-5.90909521039253,-2.9033526381334784,-3.9387064141110812,-7.332386317214732,7.667849707270381,2.7176494062653322,-2.6026029851973647,9.439294222666192,4.646776362161926,4.207635496893634,-9.08698409561092,0.5016722427979197,-8.852449867647557,-6.175962096560856,1.4698103284978696,4.278549730226956,8.288209013062126,6.910040201853242,9.63457265160497,-7.740501982093444,3.118591666487081,-2.194363876923651,1.1985181833891048,-3.9774621086821993,-3.668960046511634,-7.834571895752296,-2.2530281785457795,4.8620328436855065,7.582681202313729,-9.609561975874714,-9.614143107067363,2.6189951009493146,1.576491415641959,-9.789254148652983,-6.552157735029542,7.023140472138589,-4.134777421238988,0.20741667474676007,-0.37079034222131213,-3.9949483167482924,-8.000621021820502,-8.374919549947437,7.747757371655975,5.223464604444114,9.803878608310026,-3.7106093217817353,-8.897615036144707,0.6585793924691234,5.84203213522045,-9.238955002519331,9.14411132979549,8.666684764107188,-3.5764730614237124,-8.34671753995974,2.701035080610904,1.2354679237966018,2.7443949226104465,4.494007426156198,4.350982436681129,0.26017543451553315,5.45854194047128,1.4596258174875398,-3.4189665332576595,1.679020066168576,-3.3992108045672698,-2.433022076396676,-3.6202654682230495,-9.9104312906106,6.611866043502879,8.90546263532788,-9.467773928437817,3.6988796367843246,6.682125719822231,0.0750475524056693,-5.529611489912876,-4.194970055458864,-8.280130856637689,-1.60699169178352,0.2848113029099828,-6.713282356351642,9.10766717953073,1.1339902250298337,-8.134526976596323,4.762704833679646,-6.579322290033733,7.862448978309427,-4.701742703547199,6.9462070950912675,1.6778802036628004,5.538305355271284,5.803009911919183,5.449030450573371,-8.967043667345425,1.467754025338765,5.311297733822416,7.553738366511457,-6.109419122274362,-9.286541646614141,-3.107016757060606,-1.765703247169018,-7.50959835415272,1.9601393917038799,5.965881671344908,5.109544407959008,3.420228547958592,3.9974845254302203,1.135435621250533,-9.083258330731866,-6.604992365781546,-6.360717981258642,8.897715701262594,-5.674275727395388,5.630262775197732,-0.9949796912287372,-4.402244287514114,-9.372190750758351,-5.979926492534984,6.916480743160967,-2.9720467602554645,9.322067122764267,-8.781258286576074,-7.657255536778376,7.594991827871404,-3.779074705374841,6.514269052127087,4.385094460818191,-2.080977548707226,7.467226232374891,6.832381992458551,-4.45209933513365,-4.357637829299867,6.546875281575787,-7.129697715380827,-1.567537782586406,-0.43521198574776676,4.836216687201162,8.386607814776024,-1.6829454983709429,-9.14800076686738,-0.24563476573549536,9.549444017168454,-1.223536349828704,-9.110230889999851,-4.940590998516388,9.004549913416586,-0.9861932680052696,-4.480014579811142,-3.777928319371899,0.04875558749107789,6.584639309745029,8.035003848323413,8.7343452355205,-1.3903097615308688,2.0636529138281965,8.965851042195268,-4.388336152889636,-9.835830259029636,-7.461884463924234,7.856386278970405,-9.218909189245274,0.6604465747958272,-0.68113677485176,-5.064912065967735,0.3993069755638583,-7.88794429592487,8.46060027987281,5.639961025500714,7.693521360215801,8.713927439248003,-8.906529617113206,-7.163240045415689,3.194898133440935,-8.925726129969991,3.980164763492196,-3.6328988557523285,1.9545662821919567,-2.8430291787193536,4.841897499243196,-6.211470145314362,-7.243378576451731,-5.615332722678263,5.045542712224545,2.119335361387849,-0.31048153466984907,-5.1233938883329255,1.2899358434322128,-7.443136096804881,-8.642419010775306,-4.487360665353741,-4.272363004787163,3.7078910594287713,-2.4663037769418272,7.471865712162387,-3.006343463991527,5.719411454609338,0.07823966156665563,-8.530346345348596,-1.6712373708861215,8.841837886316245,-8.39010860670136,-9.561234353407022,7.712675003950885,-3.842294224145597,-1.5331427042089114,0.7373592208319479,0.8137836259756792,-2.5302946546089338,-4.106488979300895,-8.593625195742185,-1.0529243827466708,-6.217604069814415,-8.008045300314421,5.942917105032631,2.9952543668659644,-7.804646272355768,-9.948058996486406,-0.9289841992597019,-9.776354201351298,-4.023052754661944,-7.216269518622069,-1.1525819141503142,8.819357477622635,-9.718203043507954,3.7420769679918546,-2.1351854036517848,-9.731864176067775,1.9773725035902778,5.30742591489612,-5.926963210810873,-9.650698533896456,-0.995772902351197,-6.1840425100458045,-6.708127874597604,3.2815052070199364,3.219056483396143,-9.466736713961666,-9.205449907306363,4.125305607979357,-7.5404264597664845,-9.864213637570957,-0.2141022127360337,-3.008185340716789,8.47171293344254,0.912757225256513,2.984583127233458,-0.688881804394466,9.231956519776112,8.346779057401971,-2.9123748354975483,6.899036110494663,8.17150945579964,-7.087772411988129,7.751532107485012,7.68225594247771,-3.949091582295001,1.6339547677350268,2.2515977324801177,-7.195320015650058,7.728289934139092,3.5693838321077003,-4.925514137382729,0.14955264374329325,4.2024277769491825,9.253761506941192,-0.37714541436429094,0.20649775066790887,3.70454668963999,7.6591866501048145,-8.367036792169298,-6.733928160139104,-0.945590813048721,-6.259931078011007,-2.725027698484743,4.358760444603524,9.998076581305263,6.048069847093281,1.280287514008533,9.118972280157514,-8.679003975578116,-0.8291687388681517,-5.689276967618071,8.339299029538513,9.253156098809772,-5.2374643959464855,8.724881972014128,7.63806182300484,7.339974624991591,3.273316359374494,-6.734901312682471,-2.944301095442034,-7.96288109259891,-1.0530066011988204,-9.868974806403255,-5.321881197186967,-1.278739475284505,5.784222297357125,-2.650605574224394,-2.8113067557667986,3.160226509469325,-9.60385519827327,-0.9630224724369789,3.2326724461355383,-7.891507587015321,-7.24482874205028,-5.771421049193856,2.940770333203183,6.084410638182273,-8.0228969759651,6.351858093485973,5.602071897576879,-5.206661330222997,7.953161361757086,6.999135878445596,-8.673081836558234,1.6290979840609658,-9.879439764412641,-0.6718548080238982,-3.56229181407455,-8.378604707644058,2.154052195730644,-6.418642076229483,0.612447031478208,8.231286459465409,7.339735597616404,-7.442176677433993,4.671783322480717,-8.412346467655425,-3.0590176331009715,-3.805556690724292,-7.518188452834112,7.2248289602120614,-2.794361780212622,-4.584890326160888,3.1321697672035604,-8.924057620225522,3.961369206467783,4.472702642115635,1.282044205113305,9.42264968750176,-8.084552616367235,-3.5712079266683645,8.305932336576923,3.3878169986007123,-1.7042842699045817,1.1747563738268383,0.23502443666752093,-0.45354581019907236,-6.699034787722658,1.858806107338589,6.149328171379874,0.3045879665116953,-1.2715351865394293,-3.4165597050690693,4.576066128454245,7.648701860495102,-2.2101791736863463,-9.687384710173777,7.373908391864742,6.614663283893339,8.083360554609701,2.106746445937752,9.08650408793514,3.859386274682034,0.5784965990413244,2.9980969271773326,-4.515614465816147,-3.0759030823564437,4.8548202140243095,7.654014007664479,5.329319010122331,-9.812774103379285,-9.973028129015393,-2.4431721076743163,4.584929332038193,1.866802806588252,-6.235576849285652,2.1930100885867922,-3.4521802918270765,-1.9373376518462866,2.8223807504741405,-1.086100842443635,6.8654788445546835,-8.931047602789803,-5.511493301299741,7.533801772561439,-5.9925097940906,-6.826131576540444,4.600447986192895,5.769257738200455,4.167635432972476,7.641559649220948,6.253829354286317,-6.223296168879637,-5.7084979518356205,8.039956562451216,-2.551057267958372,4.054527196004711,-1.022906542841822,9.86307782811513,-8.009177275550062,-2.230018353143059,-2.8020744175890444,-2.2694189466280097,-1.777937035051325,7.9945894546945055,-9.127411813997345,-6.4097637902050035,4.598607063701243,-5.884162869047673,7.948528979251041,-1.7148188357050458,-6.059871313906793,5.6277873094912945,-1.322320497646869,-6.459817526865079,-4.024126245902105,2.9445341110680996,-2.8349656623368436,-3.048356704042199,4.171525701624894,-4.212195711909031,-4.39892014444262,3.9126304750583216,-0.23679769980780563,5.200909628333143,-4.4226296688710836,6.650700973328412,2.60043679191452,-3.2465187352406826,9.782508573857804,-0.4994538596976721,-3.544223014522787,-4.9266972296239135,-6.786979599025478,-0.6711825186520706,7.897989713095516,-4.736982801651212,6.495083365982946,8.580068876235686,1.818289922850056,-3.8285738040756474,0.505016301545913,2.3642567192958115,-2.0844052302994154,8.426203321248689,2.5285850199467603,3.8110202525160517,-1.1066946164985154,-8.16718499245302,-8.447976069816775,-4.20314918272684,4.954972768320713,-2.4637254061069154,-0.34812613318069907,4.942459675220977,-5.797988149496575,-9.12528799402894,8.043699478447778,9.422028771642918,0.7173459185576156,-8.070533538773041,6.153805708428457,0.01751565473046668,-5.396880212381157,8.896939058918512,2.4524548182220425,8.172030001402753,6.810358370193672,-5.898380087536179,3.775491451636279,-7.0074113570405805,8.43066983910336,6.411745535670551,-2.3879759254036204,-7.915351701971655,2.1004681852378386,0.5104467236591645,-5.787183724636423,1.860471835467525,-0.666503281111904,-6.792908336044481,-7.927001497162864,2.422603865990297,9.512330598100093,-9.560875837024748,1.9894724463560323,-4.550240877076453,1.832922241148422,-6.836877500784569,-7.325552195565315,-0.2877172256699456,2.3505215929521395,-7.8848181269873985,1.1018065289224204,3.243936908868932,-6.941872602830252,-0.9709023697503127,1.6553417983939784,-6.02571389780969,-9.276689335847282,2.572766455572033,3.77352372336456,4.461443720138972,1.9388589714554385,3.1354356083985397,-0.2738601749277194,3.5202318556472214,-9.411305911401662,-8.492593652189221,1.759215211520475,-3.482605042060813,7.674461798181927,2.3215476096155836,-3.4546873186617084,1.7413360589001687,6.310464620851654,-4.141799138005955,4.682362696646615,-2.2797015841815753,-4.4696903185181425,-1.4043946362924515,-0.8108028426103626,1.9446704292997588,8.28562357403737,1.4590375189680405,4.938344297691941,-3.8291358289877797,9.14565602379627,0.5968672910067774,5.286671425000174,-8.598080178125084,-8.383985178148762,-5.7720122375727705,-6.5335925282012575,4.172611459135329,-0.16516498102662425,4.999806573019383,-0.8208359454895877,-9.548382421482922,6.182297214474911,-9.878013809063003,-9.198704140638359,1.6897865897681932,-6.915386412524915,1.9167052283046697,2.4719291434913497,-7.448452692031024,-8.415165281558913,8.924768091874423,9.369246386256297,0.3749420852665004,-4.182318331764674,4.799950296655657,-8.24761986705134,-7.173118368997791,0.2874269977975388,6.273932915938069,-0.12007019720877743,-7.965339618498177,-2.964721677186379,-0.5233348995056737,2.9199642188060118,-8.048496484714,9.978707483544156,-9.885112922398767,-9.884873556575538,-3.2637085151213956,-8.402177629801916,-0.8090907252268202,4.290383779441111,-4.970789304981789,1.1869011306781765,-7.904214428158731,-5.167272023928144,-7.674283001955806,8.562116736300492,0.9445826756453979,-8.704449927607454,3.2216103582399658,-6.599494343009063,5.352145878242293,-9.883265044482725,0.6874819782435981,5.8864643744494245,1.4537787709581256,-7.481254698649213,6.562712111188752,0.30297620040063755,-9.595626925615672,-2.362959247017022,2.7901032272219197,4.338081846948649,-1.5778404539348934,-9.670540662028905,0.3291269994504482,-4.4419001453126405,8.696337876097292,-7.646436438388671,5.2834460927420075,-8.738544190022777,2.4949169695818902,8.7796335492771,4.864941433441688,6.0492529508947435,-4.057721247449038,-7.500915967306883,-7.679140929665618,5.683326765159176,-0.23087612112131062,9.662285283061802,0.07477156014898512,-5.430054102796511,8.897824528843046,-3.2076997117467165,-4.394112344583543,4.016359408980161,2.5168602725508364,8.71047052232926,-2.792751555284367,-5.5522638781033855,-7.495615977825658,8.846053796258271,-6.481123662940476,7.760652382679851,0.5598592303705558,1.9580608704557392,1.2058676861366955,-9.646313406533968,-5.527901218858407,5.742890655123693,-7.367790232991112,-4.017260716036857,8.069628617418122,-6.518293942743581,1.6033196911277532,-1.6238120352257468,5.7202994719498825,-5.232555753999641,9.315648421190787,-3.31592169925581,5.150149124724043,1.0964845087228206,4.007867796137694,8.590970806744266,-9.496667852968466,1.251009333724216,-6.742151003416909,4.936746185485854,2.015476119216906,3.3975156531251844,-6.627044895762277,-9.085145971433539,5.48294295169436,4.898690952042767,5.647188626653239,2.5770129776028643,0.7211017420590942,6.09540542737556,6.826766799419392,8.226868526247511,-8.12034379419554,1.3348224512206563,-6.995745676438276,8.636959994580657,-5.461299483471887,1.5677062102370698,-6.4595790050301805,-0.3964126570723536,-3.5002216714493573,5.409691523736813,3.8438798697101095,8.356679583719163,-3.5547900440923303,8.703837754914215,-7.551577652994867,1.1766196316337023,-4.593141250893029,-3.2248134380795594,-2.782801984707117,-4.9791965307823745,5.568483995074274,6.377928670419536,6.216566606853714,-8.910164358129332,9.701198969636394,-4.764700800444173,2.2679695248714786,-4.733601477858855,-2.281355185266108,1.2353372050231108,5.281365938373606,-7.409448896846937,7.135358552283066,-4.979691345263008,0.14614249156384673,0.4342439904100015,7.0844163227115615,-8.00385016120529,-5.764816863748874,-3.549413507805699,4.750745768397543,5.685502561266439,5.469512148098721,3.3818638232227265,8.958206889316116,3.1209581072054178,3.2507823119852457,4.840532052144075,-4.298426242240428,4.465831583016747,-2.4731721632013475,-3.054662447958087,0.7303455252473299,9.179882781092587,4.962338361936325,-4.970292127923672,5.733564388395999,8.799996645673566,-2.8597958912067734,6.957179566383619,0.57002562989023,7.197755604389471,-2.003689471535564,-0.058217477521044,-7.896734150411826,2.847393891149297,6.027599653420268,-9.504840369980794,-5.9322803569256966,-9.773373745656343,2.2737092175886886,-1.9601727357596115,-0.7242493233070313,-7.913457089989078,9.95437792850058,9.094491884315822,1.5308924924397083,-6.933127569969624,-9.247817373156348,4.787224863928534,-3.5831947521383416,-0.4506952515952367,2.228947415270106,-9.644308616134488,4.416746172483224,6.139953149622222,1.7600837285436306,-5.536681680039104,-6.9220229297014635,0.20731409534900713,0.9709753999812278,0.13786125662623938,1.004759654291087,-1.3191613760362664,1.1371739340289295,-6.454705420617747,-6.773024565620771,7.341336091274648,-2.528210073360116,-0.5873080023432014,6.986032756313602,9.92681480203781,-2.4780862072850773,-2.3582179186917145,-0.4903631563035393,-1.5262711303598824,-8.713024192775901,-2.919710831033475,-2.2334508585749973,1.455611763419295,-2.8098433291968616,8.657022006126589,2.133464815531587,7.739496242002954,0.2602204158251613,-3.601805382339604,9.337522992309125,-4.97476440405944,1.1091805133576251,7.959752805925358,-4.718310275474589,-4.3417774054061775,7.350545529810205,-8.6320136486387,-4.5028338111963,-1.5649533825886586,-2.3549820572567466,-5.793964844661477,-1.2232589519396022,3.4739961730276505,8.349675024545604,-4.753721028195123,7.72310114349953,-1.1323137652923503,-8.423191336459247,7.931410406423005,5.664103343466987,-6.764971486597544,-0.6332664891998725,-2.245602395667885,-3.5557212148419692,9.213359178929462,1.8346138638492793,-0.3799630010393251,-8.333722197656268,2.341980082765973,-7.856248892471543,-8.95274301608029,-0.6759028941131682,2.9302004021869514,7.026965235907433,6.657736752083782,-0.5050846998421896,-9.25473616019042,0.9983374299440033,-5.082325440886361,-9.24173134755662,3.9225312802784984,1.0542547423602606,-2.2201421574490476,-1.32158709686653,9.384098647277288,9.327993952437716,8.957992484262,2.9047906487842834,4.979237874434334,-2.404763306122282,3.3140712285241865,5.643680985404526,-8.026658504133643,-5.387756530689534,-9.363410148463185,-5.3278334547693795,-4.9451494973447225,-8.580907955685023,9.334457818218397,7.598420396302778,4.671839895777204,-0.4023643483087529,8.525489826021165,-3.547599273514816,3.051297176972314,8.914080139334143,7.952862154617694,-2.1097440822663476,9.82622277600241,-3.8715057061686924,-3.844273109070957,9.255983159958948,2.2685459941770922,0.019396894993267466,2.21798216974185,-0.22685240587316358,-7.7837216200239485,-8.025838454156995,0.8984854363970189,0.11801444516323478,6.819094446935058,-9.01797889858974,1.5647656091302267,-3.577208909505128,1.7998306288409243,-6.6018870704360495,6.2855735824886025,-2.967886663223993,-8.781461087433591,-7.610520193195995,9.975172680693621,9.888647094854488,-1.0772546899863613,1.0257296947317798,-3.490775922153066,-0.6496230299566204,-4.236260772529734,6.974292966512074,6.361713754868465,2.35653335806229,1.2233539445994062,9.123526931800889,0.0028392497285167906,-2.285172829211324,9.093226219753817,-1.5153656832068751,-1.4287431156433676,3.285216029373446,7.614320044633949,-1.2537111573001951,-5.394206014841569,6.214611015591444,-4.182946650534207,4.568235911708516,-1.177275620385478,5.020022831545102,-0.756499931014396,2.2608872143665053,-8.175928113045272,1.7977915648473548,-3.6117633002423517,-3.2398088803217124,1.095049327116298,1.3903578591366443,1.2938318315762825,4.356957694766912,2.3234922141008845,0.5768911829945171,-9.881236128344531,-1.689209717831714,6.3547263020054565,4.416424658920992,5.925995362317407,8.518919400615076,7.077080563848973,4.5088761366174275,9.58075483724896,-6.842950105184043,-3.3287096824350826,-8.621864625204962,4.4690103289294765,2.0879277970458237,7.64007545380592,-2.815344340719723,-7.891844986260585,-0.9839378122952489,7.836833322264596,-6.671434501335907,-5.456307411460564,-1.7102569259002731,2.7350281263974487,-8.985913362900032,7.962411470902534,-5.879620385337199,1.7389352203507578,-2.8708527858273296,3.6155859827017505,9.255788760089462,3.3937457596888763,-2.04205097507897,-1.3373680049134506,4.4063865024767335,-4.185079455842047,-0.9060382688516597,9.138782197562275,-7.589394783388181,7.861545128519232,-5.023803483522855,3.140155519062599,0.8334857796984032,7.4906194227556675,-4.64755439763281,-4.389474595802405,-9.049919737677934,-8.68522286883387,8.03276539698318,-7.740228392224402,8.486549642770406,3.8170319135742936,-3.882259299335633,-4.53768187478323,-3.75607646626462,3.032069394938329,-9.538213747390902,5.588093936495152,6.320623411338715,9.175810575111353,-7.072405773560638,0.9940303349974826,-2.7839866857453437,-7.009495872157814,-5.090597176308438,7.725726954637317,0.32869105674397225,8.711739679522438,-6.47468350857862,3.5989122216370113,-4.606047156358413,2.972242568285857,2.2479969044211714,6.0344652937484575,2.314836952258661,-5.858216833504453,3.8318766072554062,-3.44983804028264,-1.4649748641712197,-3.5297689093714846,-6.462920460938757,-9.500174561428498,3.0302687765333225,7.7970362975457235,-3.698322123263484,-0.265310743282388,-3.201261189813267,8.817134689952749,4.842944991170926,9.873655634165619,5.648590072138038,7.587440745557856,-0.34725147933984246,7.536240726839203,1.7813415482541153,-8.676054752283896,9.805219509547403,7.4959865594702855,4.6597263424938795,9.360730305207849,6.296979002442647,-2.787303651836086,-3.8557836369908323,-3.6024499320643466,1.2298774652781237,3.103216434544745,4.078479630221615,-2.526710062550375,-5.851569626172615,0.2858709205934922,9.196417266531121,-4.08437854183153,0.7540941708881803,0.6640570414488867,-6.748919055087517,-6.0236272828306925,2.0528426569818077,-0.37988775895724913,1.455640087638253,5.722380960061349,8.574898941472647,-9.447093410490105,5.0049301618958815,-5.876548199894618,2.9534997867208688,-9.288220093485071,1.9305885781018066,1.7212024975882283,2.279211546349467,7.4249248269014885,4.4136944876079465,5.085377464600986,-1.1442482140280212,3.1774674010274033,-1.8257625940576023,-4.4402996084276,7.07281561705922,-9.09745146225033,-9.671049924278833,9.201381110640327,8.122828878479659,-0.00866736187068895,8.889588053951435,0.8082148064523231,-4.419834696110985,0.9637158632490781,-3.913762867188872,-2.0679063422988797,9.853588896843021,3.413833404916426,6.973057219422021,3.8790689755891776,-5.14757560591381,6.52586419819789,-2.8837758663261726,-1.3143316801199134,-0.8430793692889011,-6.5587418057540825,-5.192412744444241,7.19252068130308,7.986928831451301,6.093435562271694,-5.10053143886341,0.9642523617567136,5.242855181849151,7.194015632367943,-2.7115050853325435,8.28239735373629,-0.07603199714916364,-9.68571027565349,-9.1515770915337,-9.607678894475312,1.7682222844683864,-6.89126759963713,6.869487036253691,-1.49691457995306,-6.734116530462573,-0.27382260750319354,1.7436399489579983,-3.200594623289234,5.894614293122755,4.644171512201531,-8.537455306559385,-4.507323760358055,4.685123860873691,7.180055101248502,-8.617327160883136,-5.777661362747146,0.03486088610529414,6.453759507046783,-2.106796416990486,-0.5569715003591043,6.604979814364896,7.376389905706894,6.406080714288251,-1.8471108750811123,2.2537366563223404,3.9148990111111175,1.7452332406708475,-6.359282402121044,-3.634287154318354,-2.3687722420743595,4.223804367250546,9.099330618352269,-4.8209836741630845,6.369296721885917,-1.4881021709835878,6.6353755262967695,9.830696925311202,9.650949674467917,-5.618487430113282,-5.756771926657802,-1.03361191739417,-4.264238774736193,-2.4147348416159637,-1.7661221916202656,3.7248660028881346,9.923358395909542,3.705277763876623,3.715210204286306,-2.061011715840408,-5.029287093123611,7.623163386835845,7.587780846756495,-5.85215559901032,-7.4149948505233665,-8.632434732726573,9.831941843677,-5.8659164419464656,6.639375660298239,-9.460637874533075,1.5324845692702134,-2.503168086318583,0.9106607202624506,3.0278672026044973,6.489015996582076,-8.279647560542776,-3.297732213319364,-3.8220210165890967,-9.245504392444486,-9.051139878417,5.5979569158703555,-2.1126416963076267,7.29993757092906,3.9023029084684,9.251591711003211,6.295833168974735,-7.37178711260195,-7.789303989008873,-4.803580083241772,-8.524245041716956,9.129361079476372,-6.372697562605354,8.852434005361808,3.496557773958564,8.7067047434373,-5.049226405133316,3.3610513946276406,-8.583593616477408,1.2250850501650241,-7.4453548617356535,9.84628019698598,3.8025209216296716,-9.946544154346284,7.821108521351594,2.2760820606540317,-4.8592116650847235,1.9675600694704976,1.4919055715678482,-1.0875305868688017,2.123659694939878,8.817300075675337,7.324349458209017,1.7128992725721766,-8.43981655635293,2.4833849163080064,6.969914504668914,1.1542259275028766,-2.4851720070571552,8.770262651419522,1.873641937639297,9.621754705802445,2.634487441482271,-8.760403981675864,-6.9196563122776,1.0445907443845552,8.216615105002962,4.202562672690359,-6.957353057588687,3.7506580382153825,6.052008958935566,8.349392467159294,-6.811915727953068,3.9541277081067108,-8.2096485735725,1.8368964183204568,-4.452791294102281,6.611078737586375,0.9710806100320806,-6.744386204255514,-8.269603800000763,8.371651857999215,-1.2920615818744903,-2.368903011348573,0.847915258525413,-7.1069398471350915,-2.1322567442391733,8.33425917067321,-3.1227727564250856,4.623462687098668,8.400962531639234,7.415549413342525,-3.279175369647172,8.01808969091676,3.9833988174640496,2.0125798664823353,-0.45536657800725244,6.5589848967311255,-1.7730617938071251,-4.4075797973754245,1.2393258818664918,7.84768248684486,-5.869431599130253,-1.9532970137967993,3.1323801949511765,9.001783845233497,-4.3606277643698,4.133956068866826,9.86371759951924,7.246374723651794,9.321567299672012,-1.242311887605032,-6.587153745501732,-3.8533308386233944,9.430312877797235,-8.384608444521426,-1.6389975042891507,-3.724434764720197,-8.57731631219677,3.0680271766244704,-9.668134277947933,-3.559254037101576,-2.7523549609470592,-1.1915986028974483,6.8711180274275385,-6.109029586359311,9.85989128855595,-0.07239823671094037,8.120547428435877,9.394056352528814,3.8496495383995217,-0.7724640041359976,-9.415850608163987,9.308635862488757,-9.650380314997317,7.073907011450931,5.837643083159222,-6.372905183547164,2.5443636431994747,-5.173873581708632,2.4810937839189613,0.3623980227562029,-8.312555179264658,1.354652461693366,5.514005106352226,0.4638041100739194,2.2775752702901126,7.461084660140713,-3.6380927779875876,-0.9202426232656808,-1.023912570022274,9.450838892850122,5.814871200638805,6.823167212071443,-8.01576952702207,-1.7536942740649142,3.908976407991961,7.199823513290422,-1.098261632361016,-2.4277660874926195,0.023660682189461824,-3.7017393026278995,2.232433223607913,0.7215449347978691,-4.090496518193099,1.7484150673752694,-0.08612699837857818,1.5090953926349862,-8.73983241910927,7.556487878240127,6.841026686737418,-2.3351741869704927,5.20191688050665,2.624191097557688,-2.3653952243396574,7.1698619144991085,1.6028806944824616,6.070753759906317,-6.042448706605228,1.6517435382075405,-9.50707046995229,5.884136980545719,-7.560907091927886,-6.253727796697119,-1.6120309298293911,-9.418405776282459,7.755204139895085,8.624325103624152,6.309722007971853,2.6459357392245053,1.9470736666235986,-2.7385649961370495,-3.5676510350030473,1.2769705232289201,2.69534059153586,7.858638300966131,-1.8528019543358258,-3.588157778579233,9.241217275743892,-3.17762503261525,-7.515766290142986,-0.6951851506299249,9.992259114924863,-5.823826687629103,-9.458668003269203,-9.339011828055277,-0.4944038092712528,-7.574363652037864,4.189179119532071,-7.745969731389724,-6.1376719801397535,-1.6706668884659663,7.519001499274776,-6.1949171341522735,0.14084950317228362,-8.466144980953327,0.30320007862569653,9.92969643035525,-6.144741151924515,-8.181484491754977,3.3610164757811933,2.3620882213357426,-7.138649772042629,6.928058086105139,7.657795893660925,2.1890964158183515,1.8025627772684754,8.918765635750521,7.701801621110214,-0.9610255473501006,-3.8488342078551003,-1.6799063659070796,3.5356078101281163,2.181829448923132,-2.044056540158463,6.43844065599389,-8.259617578610888,-1.5354030106865384,4.605513665673119,-5.643620284667657,8.890707905185849,5.590399540295133,-2.03629543918389,-6.735623468346523,-6.849157458271917,3.491706957873946,1.2819361907402644,-0.08032374693099342,-6.912527931753294,-5.073326932741273,-6.712729111389876,-1.825887202318352,2.004502867495228,6.473300798563539,-7.957186962156344,-9.082241509783831,4.134296246625791,0.4424310287785893,3.8772243180758004,-8.596108221062213,6.484344899316422,-7.155814430855747,-8.126094415265303,-1.2581157010361483,0.7006939503324787,7.430019797350717,-9.971148755527466,2.924635102693527,-1.6775317403295364,-1.6028222136490289,-4.86482971223743,3.2031309092993396,4.931001985944592,2.5983780898373148,4.373989690629298,-6.882169496736781,6.430793772673816,6.454144006731465,2.7350348815858023,6.435521730080822,-3.3958413702577754,6.492164573679531,-2.4247724759437173,6.239472297878422,8.716148914347968,-4.9214138276860915,1.0389617119922967,1.3010332396433881,-5.874145761379756,-4.888421166247161,1.3206548099553572,0.07745480717271924,-6.655584398231862,-9.935008345966407,3.481011952971267,2.51818701418577,6.372383877797198,3.1220448858410226,-0.21079867556655962,0.5339794843069754,-5.443191096127357,-1.4371830261109437,8.945187352792402,6.518554679471947,-9.296640927269785,-3.7318900185520025,4.091029580798375,-7.84075152796621,5.659368106428804,6.37870787718272,-0.5200044735787905,8.302724183652227,2.4578306746293777,1.4054630992715627,4.780728846823665,0.3994247650709344,2.368835212615693,-6.27880951953035,4.666621870982976,-4.0113535931886135,3.7018182004898605,4.192019665293634,-5.315825556276021,-3.446730078547655,0.7606657884665236,-1.0430605406288507,8.039675635433415,-5.710934799006662,4.750782898550268,-8.562440339003928,8.78430959212545,1.491557632533862,-9.45523910949314,-8.25255471609138,-4.341037132766907,-8.43606070441929,-9.812805984468335,1.2645287080967194,-4.121479530048992,-4.594298610968912,-9.518162096921749,-2.57646413402298,-3.816155727503075,1.7613361948903172,-4.381052545156361,-7.111004380850503,4.280355149520146,2.059182472638474,-3.694334474360181,7.829623243312884,5.437563689924442,5.926109423028905,-9.501803601309504,-8.533504060195165,-5.0990206075746976,9.923805317650082,8.059117396198435,-1.1096915955825644,3.7224471293518473,7.606226633191547,-4.184307429921878,4.98562332910209,2.4338246215584665,-7.08607522461662,-4.591075332888912,-6.142629770470853,4.163831913884108,6.216291012225767,-0.1814390260165215,9.757942458166124,6.405552285544502,-0.4319894690762567,-6.430340311873994,3.8339773139576234,5.535037518708229,6.236846657096486,-3.545718046256063,4.730103944430116,-7.469198560697274,-6.979829833109457,-8.58095683074557,-8.879272294599241,-0.14122702211638227,6.550240677951734,-3.5628001602010873,-6.319954455083547,-8.092451935266002,-9.773821818268768,7.851439835266643,6.287432421455737,6.297076985847848,0.582430565286387,-7.435500299607685,6.648463422179198,-7.384738414145156,0.4327067842347976,-3.5593082465967685,0.8893851437330866,2.1624595002780858,0.2616945239647013,5.638602546360431,-3.9184072620120958,7.21041572866811,-8.810076537835636,-7.338911758322166,-0.2300558908656587,-4.380105661622804,-6.172080976010497,-4.673593825889144,0.554350501232781,-9.057148217517298,1.7536815798488714,-1.8902358385662588,-8.61422647749955,7.4754031841462485,6.429301125535094,-5.795965372837559,-2.022249381533367,5.801122086052866,5.01587353260568,-1.7336218994139792,-4.633387569731364,9.14216470845161,4.330250973358243,-6.92255499130408,-0.09442488195821852,5.925353650017506,-4.612835139513269,1.359457128386115,1.8068308227054999,-0.6768850276080016,9.673329576162853,3.126749849146398,-6.835965085287512,-7.299808493969406,-5.159741801900617,6.8357373209760866,-4.092816878179509,9.095498152622532,7.145186038022434,-6.033460484136701,-2.4798798880719453,2.5844991267893906,-2.7908335377383153,-6.757086242052606,2.6827388988489886,-8.432705830634053,1.94530224708328,-0.1393871784149674,-9.423661208206319,-6.668423848538756,-1.8118776283631313,-9.916719976007416,-7.814340974765431,-3.827284943262976,4.443575305273189,8.921040864969346,5.796839959534353,-4.76805091551925,7.614936958931679,-3.2942871277765873,-4.484832844056372,-5.658937799665957,-2.470867324496564,2.794241419573037,-4.549650015453597,-9.466284417885811,5.144146490014158,6.620303304454474,6.723261198276202,7.027246896960474,-0.4775887408044266,-8.234127049295154,7.698070697086045,8.467243339217521,4.288759653670544,3.8052230955017876,-1.1974534208345329,2.8033829289177508,-7.477972204622403,9.632811340710195,4.401672697842894,8.240282670389053,-6.774528794645585,-7.766778492911522,-9.187098894125302,5.576857489098124,2.1807557022159187,-5.494571003840485,-5.781415037919048,-0.8463673386786112,-7.548068552929528,4.274396664744756,1.7574122426236585,-0.23135483160540815,6.768233180393931,2.617058563081084,7.208286091542188,3.724994478253274,-3.755374600299346,-9.134290098803294,5.7776190682057305,4.620419256258966,6.747675661276755,1.7141199682243684,4.39376494281483,4.767576390551749,-4.634687987025785,-8.277340462231425,-1.799601745930449,-6.044558202043316,9.700300560001288,-8.620557420869869,7.923602150764047,0.8859232124280041,-7.669433457353325,5.76868502306144,8.999711880151423,-2.3134491250922746,0.7649813568551522,-7.290140462187827,-3.3244837873101325,-9.613959156210614,3.671571565450982,8.768441276245941,-1.783726502729781,-8.946795301815271,-5.812296091079833,6.459527640609636,8.461415006115658,-2.561315453994723,-7.646121054268926,-5.931565513133168,1.2532305024072024,-7.918693725649293,-2.0531878980875184,9.36198968175145,2.741680780260406,-8.816718645821414,0.9861179291286266,5.1713225131771985,1.252012892360682,-0.7312969488048324,8.003565496537941,1.1501365090196103,5.9786450478383895,-6.2789718088128454,6.87434546562838,5.630502291802317,-5.2648556903119115,2.1624256438973237,9.53446508604545,6.561398816345342,-4.520314087240084,-6.874834545945081,5.069305056704948,-3.5032234597505374,1.9445690939231213,0.5276709280053566,-1.1687274895888766,-5.383272793246396,5.991752459705104,-4.262036354980639,-4.305411701161654,-8.020683755171689,4.613642991154645,-1.2129010117954309,-1.299962606498628,4.385231740910072,-2.6745524091178785,1.2044215112913204,-0.6255333978792983,3.4114650500703174,-1.2159773074482434,6.720492278557675,7.208730133870944,5.323143900353919,-3.3025273222217972,-4.982709893345454,-7.218770360256322,3.3817191821479913,-9.05315003895685,-0.0736255738905971,7.496672660733221,1.5132865539104472,5.015854548475023,-5.696883593005582,-4.6826025416717005,5.334496583061705,-9.456884496907163,-7.613162871434862,7.861041004154291,5.774565538026577,5.648058234123475,-4.630122845250777,-4.545297457581558,-8.705501761431009,0.6220002111115122,-0.46693396026446976,-3.416211308078241,-1.9881850071004479,-3.075041828403844,3.3313328444427484,-9.994001404833575,-6.777836056126492,2.6164097713158228,-3.98030183990503,-0.9249532511990051,1.6725072029999417,8.349810408870077,-5.134715929669682,-5.250502738858753,-9.702115236214478,9.569127429088752,9.95323326784661,-2.797494840012263,-3.646041850617854,5.749602855687446,-3.764092264791854,5.766619893466007,-1.9201754991771143,-4.859027727603058,9.504012686878333,-4.055291073916571,-6.428150835911534,0.7568708010647303,3.7530295681443153,5.258141680399378,-0.1837716147506292,-2.8685204662269044,-8.164322874529367,9.543705123153345,8.836258458549867,5.353147346250287,-6.315174958120233,-7.591185630597637,2.870986712108154,2.5678346160566434,-2.1320747361039167,5.40440221068282,-2.1228485605978964,-3.548659987285312,-3.95648815984456,-2.4967758982593296,-9.020843932382842,-4.898019344557392,-0.20226133717414285,-1.0152289944630084,0.4635053625419445,-4.16367494073042,0.576052579406694,4.812869094033381,-5.7833397556305925,-7.204216938415408,9.715046008622387,-2.811980443603261,8.733443853253782,8.809796361228294,6.955042574403716,5.16070562141846,6.275509079506726,9.35672085425233,1.1975840801222315,1.2833640037179794,8.17859263301973,-4.217739602924036,0.9229639104226788,-3.4982761546542385,-8.230309957451361,-1.3851760125542825,6.686192689409463,7.269043869326822,-0.004212683497506475,-4.692533396305343,-7.0683815935012895,-2.310600728559935,9.872770228153136,-5.805532170964192,2.0633721646923515,-1.7175322414188958,-8.82019127511479,4.025966432092691,3.6304978845374016,-3.1447675039379774,-4.632380189733178,-3.985080099229254,9.512442302376066,-2.5100289950549133,-8.785133018819183,-0.9544991132968423,-9.999309084462052,7.230500610317293,-0.6476725546285316,2.906301221214875,8.919383951719034,0.021371304712751282,2.2280700320553954,-4.199926728405286,6.175520637022068,-5.611431733199077,-9.392934417902897,-4.775984930821431,-1.3532364190486135,8.381009285620507,-5.862451725465241,0.8019728587187043,5.55317274287302,9.769843777899002,6.918641678962281,7.226797157904986,-6.310849624111825,-3.6000033438391066,6.196767195231022,-4.649474609646647,-1.3857911255777395,9.545794514608719,9.682908357075231,5.853665013944926,3.9049380818881083,1.9327420185153965,9.961078245347345,-9.347171723135716,-9.369244803323829,9.711024753515535,6.2163123469117885,6.111606745150226,-0.6911770676446203,-3.902949945409187,-2.286607950220718,6.728133146508554,-3.677830235721591,9.88116571464986,-8.599494848617619,-6.507501446448232,3.665385334450926,-3.246044882954644,1.3606733440666794,7.207450549495039,1.0951023923796583,4.274236552059973,3.1397227284801925,-6.0108346131781705,7.27963383878777,8.374639865775041,-6.665679251116366,-1.4968634484617347,3.800546530339595,-9.311325406779932,-0.47038277187897926,1.1019045799543719,-6.995670249561825,-5.529395292904706,1.0521398868911724,-5.485886378628408,-0.2554434606132272,-7.598380533551885,2.1648028339723133,0.81576967570882,1.3268172032293108,-4.150277475724248,-1.7743812283475826,-4.036990620948801,3.0292987678061003,-8.755144531951185,7.2475650049739535,5.477910238721492,-9.644455953782929,-4.148243377910363,-9.394203852071726,5.952150774094791,-8.515790975883593,6.22718759872032,-7.352035474108418,6.280913094015837,0.18001988178027162,-5.176188035892237,2.970579844463913,-3.7450350135307193,9.833015134949122,-5.9843570422265735,-0.61528625332822,-7.523099228673722,1.2222857750063216,-8.417112081609739,9.98493324837002,1.6907550382733305,-4.248093531367738,0.5094571204648872,8.753002697314997,6.529202141543834,-7.7631112473144785,-5.681352250747802,5.052692758831023,-8.872314061374897,4.894230610057701,8.093469341921164,-2.241823038089419,-1.535944627757118,-4.218262294426363,8.18532206930653,-7.572986754181752,-1.7161466677098467,-9.682104452216878,4.676711514513517,-7.758843444942118,5.979924381221302,-3.554538608628821,-2.737591222760944,7.796299234065266,6.614614796911013,8.625445298178992,1.1172011490691567,6.102732786718182,-8.692889411015878,-8.263289743015665,-3.9376016333825126,2.0932268326756223,6.846646661493612,7.8048165441656465,5.082824507385093,-4.760695179969607,5.817907304813627,-9.932981854157939,6.521819298358658,9.937129399484977,8.745494875561079,2.7413109647766376,4.279640574896458,8.713124386981416,6.3017961219236724,-9.215255500560271,2.8003113120477714,-1.1748903217597544,5.741246049109279,6.364071534341537,-5.762074837555986,-8.078297676168036,-0.22453680883588056,-6.434886678720901,6.637355338970657,7.130416707473309,-1.3103273013757395,1.0316913547452895,-2.8457836725981807,5.4616853262872755,-3.662866882894475,7.89403407480431,9.592770765829254,-4.379972645628163,-0.21051343178766047,-4.118080462865676,2.0829270209777455,5.863314997337186,-3.7083404729199447,4.985030476280512,4.706001845004753,9.477402781878936,8.87726164113014,-5.377520830596869,-7.732850401067102,-4.4843553989173905,-7.095979183244198,-3.114068912355858,-2.81394453739569,-0.1721907854531466,1.7408653709322657,7.948407631757185,-8.403410556404774,-8.394626646323648,-8.364776112202305,9.146070722456248,-7.222477686443964,-8.34080005383387,9.860983716859192,5.075262545789519,-4.587123096349057,9.520167050336422,4.955253871853518,-2.3234889287604155,9.682799212397239,6.092889123365897,9.942367348431347,-7.556246052500373,-6.714806309055785,0.7154383945755693,0.4935032788716178,-4.837975672161791,7.878887550770987,4.063919668661757,-3.3493953875605875,2.338522046158559,-0.9051740044396155,1.528180285856413,3.2284270243556783,-8.69114779823009,-1.5025969096031044,8.463514202027028,5.896963783046473,-7.980810351032117,7.069658141775534,2.018288575919014,-4.739828410870473,-9.015441325572455,7.756782026965865,2.6231222456554644,0.4788864528843959,2.1922713055352805,-8.104431644075964,5.088315156539704,1.281329209183875,2.090396788590862,-5.401028539322496,-6.584667159276661,6.776555891446979,-0.7707912668115053,-9.085061976052422,-8.782535554291087,7.956924827890848,2.243060798773719,7.042500696859605,9.65632148173395,5.339681520944993,8.472266333716682,9.849574847190578,1.737800726629093,1.160162519508896,-4.672287520987501,3.7740002743848056,8.166722215138972,4.694687139889684,3.0937123227675105,5.507557302959061,7.789568961317194,-9.996717234448171,0.4049685786795276,5.065727489600214,7.859063751234597,-5.684800280122378,3.288528293630769,1.3029650621578526,9.898314123707497,1.3317257232194137,1.571602388976686,7.180785743596566,-8.403783148322663,0.7010591308750076,3.0311896372754816,-8.166763092830385,-9.502668891412734,7.306817551679281,-6.938716371386279,-3.7859459547056655,7.124598134182044,-3.4991648449038344,-9.631213739967366,8.174517897926584,0.8907750764652871,-3.819677169269715,-1.634127400081864,8.560736705751822,-2.9493341394334616,-4.818662053488878,-6.973101377976634,6.3517908381274175,-5.575359623840006,-9.061347102397576,-3.216218921867597,5.896526623462773,-8.824049474040716,-9.53629675066042,9.123045242943206,-3.7774024325678983,-8.074624618692681,-9.82988169412046,5.9255979413591895,-2.2947182096054775,0.18772337000740613,9.381958593510436,-3.6941313153562616,-1.2856759194686411,-7.2733310603133265,-5.487264296552132,0.47747646519641407,3.92055018575687,-3.7045874087016912,6.2571461869041265,-0.8687363941992121,0.7539299376780058,-8.983994647170878,7.9940765959582585,3.8350533038239085,2.590746161160183,-1.643291310451712,-5.650410333243463,-4.970544218958164,-4.0022788002991305,8.526649083170778,5.0865195215107395,-1.238954899566755,1.681180174077335,3.0844527880656347,-6.863101524072603,2.3373747945877614,7.775524227926084,-5.960520345024469,0.48730000770257753,-9.575650876764666,9.539308507707613,5.184655177471036,-9.629746771817384,7.59220131543216,3.0774787381210444,1.0922829537355678,-7.853916405246444,0.43077875913241925,-7.7605560204868285,-6.285489129927058,-6.150087810820597,-1.66191170871204,9.569489197616651,-1.4714176851719927,-5.262452753186366,-9.902831068504254,-3.5529164641206457,-6.0219451896844784,1.6988085206947936,1.373595427015207,-2.789005581405144,-1.5669953018631482,-2.644077256236777,-5.494362504449946,-4.758471406631221,-9.633342515829694,7.212585782453466,-5.157787541908158,5.862038890655876,-6.990022057708789,3.0157611820174086,1.957622131181644,-2.7610874282245472,-6.797748497586089,-7.338160914272405,8.04164923850583,-9.201990611886261,-9.360303842612872,6.746849218393656,-7.626389804491347,7.783770725820663,-8.19701199213849,-6.823556618632701,1.4804081859637641,3.959453375282889,7.533042160490936,-5.109890589458677,0.2613477166817102,6.513993168297951,0.678270850147694,-0.1708152495002846,4.569913981040967,-1.412630345227818,9.104167850309782,-5.481276105782391,0.5834105615757039,2.0231850444164543,-2.950250952903996,-5.530678494248777,-2.9169240708000066,-1.3586189869176657,-3.8350787737234278,3.4248632483690074,7.260832096788874,7.723792258672699,1.1529895508429,1.2876429764136894,-4.889896278848429,-3.839187154695514,0.08763694127946664,-2.791606841879535,-0.7201318506355285,-4.220167074597658,-9.203395357602815,-1.5819404262675363,0.08477055812389978,-5.457477511536899,3.569824086826044,7.389208859491674,-8.339563698276729,2.80320340877174,-9.560433924590832,-2.5763209886779626,-7.213880925947597,4.45645716906281,-3.809204611990471,-7.120044244576973,-3.825104981530181,-2.7379957883589707,-4.360790706026965,-4.68675204503588,-3.759179117154816,2.881938361752564,-2.986351195537371,7.340776134034634,7.4355417807872755,-8.647188905387226,5.9753054009344435,7.237816836915506,9.343904070204879,0.41055758435665624,-5.1239251351706905,3.6852314344863117,1.7945083067182352,-6.280313752531126,7.008759597786344,-7.7286424410508054,-2.7299721878471743,6.376395994469831,4.056840674609388,7.591077616513637,6.319537050744227,-9.721121741205103,9.133110188542744,1.3961756915067554,-1.715302434440627,6.282226488273331,-2.794328313410295,6.871213815572787,0.3832724014604434,4.8037683626093965,-7.638816955396443,-2.4934519628001457,6.351911468147598,-6.143828710713885,-1.303763261441178,-2.708349769786002,7.065549933686938,-1.2807252467614063,-0.4659075047608763,-3.7864510281749286,8.753814404883265,6.2276812029860515,4.520622045973369,4.097115727950666,9.036338982395186,5.5241050180684645,4.776860826736799,-3.6806246006914556,-6.960322326887125,8.104270190994004,2.3325578795403743,-8.717240121630315,4.7210873308078565,5.252775483915421,0.2700907744217744,7.426743185937173,-7.727175694034301,9.248797547512332,8.414349554198093,-9.505579374341348,8.53072639014832,-7.992438408322656,9.614052627092239,-2.167458181778132,2.1895399213249895,6.895326581984211,9.126923874523904,3.1657064605398304,6.295580572748051,5.159576668311663,2.600916172256566,5.432296622795501,-9.107742589493943,-2.007753610560088,-6.462003041620141,1.8101188950890865,-9.957946903572852,-7.837406905740332,4.453898942748589,-4.137725447629181,-3.243721163602224,-2.9817256622157835,3.7959978579424476,-5.054810045347593,-4.095012071715627,5.334747669494549,3.3951291909645356,9.53754705782032,5.8563573544587975,4.180229489775751,-9.125131579592175,-5.71117392666586,4.514876910841304,3.4645588194371317,-0.38875741507037986,5.646929771488352,9.398954332050195,-0.995502577133605,8.787548504492396,0.7908119637189763,9.679410594208274,2.9158161144596164,9.682874552516083,-6.188670377795386,6.560423101375722,8.39276743492217,3.1820437273716333,8.099307254190823,-0.6377222762981223,2.7657885820322132,4.396613791623459,8.571859314886371,6.5648737047218795,4.4566787327913975,-9.424538123570375,-2.581464534643083,4.822974877152186,3.8539398670415874,9.961121679153663,6.02032660484031,-3.889003713468706,3.900791042905743,3.9064168908110037,-0.6553935135902993,-8.705227592354326,5.43184191963455,-3.363462984916832,-5.834814584212886,0.3343568278358955,7.353330533780824,6.750131220425956,-6.803217069940493,-6.877368722576764,-8.081787915699447,6.34090827024821,-4.137126669686655,-8.97368199008037,0.6960657817055527,4.8518525975987,1.7061009504061513,8.482056591074109,7.65781023747147,5.380992529300837,-4.219108728781082,7.626836432689721,8.502932096608415,3.9264426903057643,0.7743524789571623,-9.547571241725613,-9.615741060473672,-9.739627622617837,-4.024421915489262,0.05175634835661924,6.7560863379343346,8.63715861047519,7.404399365207166,-4.910031626077083,-3.934199606936348,9.884588463638565,-0.35389766411518764,-0.13368168057071905,2.639513578154297,-8.252532308724387,8.18457471373793,-5.055664190711456,-1.8862382868675542,0.2801142392896434,-5.4150802178002255,-0.5223006184816619,5.992520942313078,-2.188322776733049,-6.754528131326332,4.941883750126143,3.6684162104164404,4.649898237628793,-7.080543271596227,6.6955258049834505,1.9972852471951352,4.381828339093586,-4.794719931317335,4.712523872122425,0.7715354643423566,-2.7229923519436046,5.181422136355851,-0.24487222982009627,-6.705448513458496,-7.839780879287219,8.309137794032456,-2.79133258643477,2.2767507290016713,5.422155325401576,3.1375527995232044,-4.414654316199822,2.9310013726100443,1.8358605112768416,-9.613409455031887,-1.3972896823961172,0.6398325282889026,9.745618689870344,9.353898267046272,5.740642313197737,2.9226029729162217,-4.345864787363327,-5.285844148957097,-0.9206595430903022,-4.767855809303927,-9.83338806032489,-0.9001122932884513,-6.148984631189986,-6.673073490534338,1.3552343570578849,-1.32975759742164,-7.094440798006357,6.494822512394375,1.8743714752522145,0.7608367162222223,5.472928625824231,-0.9319342622011746,-5.346456858333742,-8.663632337660514,-6.844171754413814,-8.887235688806573,-8.941967052201328,9.139902594642432,6.1276246625725115,-8.391096668827402,-3.975866881344487,9.821299643216545,-8.349879459410744,7.865915830634449,-6.437682232538577,4.060431716172523,1.922426704303204,2.9019086622783856,-4.011098968400386,3.3979633071000475,-9.507136930917454,-7.886718640336783,8.734323512816736,6.949208165063677,7.422941718353787,5.04607495546564,-7.451145427856474,-6.290562103497894,-7.792203697321279,2.602836594064957,-6.040182547471131,-5.166448527658654,1.8911664378358228,-8.720425254189092,3.035060783099727,0.16742962728993938,-8.738146086558556,-4.573723009568522,-7.740928415949025,6.5556053865393835,5.7741778489585975,-9.09216611393639,4.317657503128064,8.429414093578217,-8.537476588751982,-0.7950606658154271,-6.602780755690603,2.4566393028761073,-1.4434273024156248,6.052006742188571,9.65555765006852,-8.570126783863184,-3.6465052483313176,3.13571506335977,-0.5584643191963181,-7.700401830895942,8.695225111232542,6.769689559736463,3.8289007868035867,8.477778725315787,-4.647474644056684,-7.757554464737913,-2.624207940704437,6.27417295820376,2.130345997568714,-5.80358387002597,6.628085103560473,0.46160843737039414,9.764172782887215,-4.82781762407225,1.4156633183703597,0.5466449472529753,7.900803085628517,-3.2954381053283877,-6.36781620461321,0.15539430208561633,1.7078411979361015,-7.743254559329651,6.123190760205841,-3.7043158126826725,-7.21557131660531,-2.978444040551791,-2.638174244737163,5.175626738835799,-8.177095417798245,7.060417824375602,3.5424501797584753,6.528882339619912,-2.3041134754844528,-6.692332220400303,-3.293071053137256,-0.4389499476072345,2.686045472504972,-1.3994762682312292,2.910107673486431,1.859497252847886,-1.5827746692363416,8.331786239212548,9.471756893544441,5.159756753959169,5.676064932254468,4.380571748442751,3.021782301936211,-5.332971205685535,-8.683788481153968,-2.5142002754734687,-3.26966782621422,-9.74823874747309,-4.485615517440669,9.807508935787823,3.733583279488201,-9.474335930137737,-9.211094974864526,9.357061372363656,5.598229216126461,1.7450625644374789,-1.552620288260103,4.35350329281869,8.572156751848667,8.395240938094307,-2.6078100042424985,-9.669978834349294,8.085956034387657,-7.400053676930605,-0.7036322971988778,-9.257360745924764,-0.9470983709404344,5.753884128789,2.374228346051888,8.391730961375348,6.915411403113833,-9.369604672189112,9.909577473142775,5.5546276964958,-5.225156755914597,5.283889023546246,1.3358062255738474,-1.9914038050844276,-5.183455345242307,-5.019770046078604,-1.1837686148177617,3.0851067446748477,7.383329719699084,-5.989052006637239,3.4252966098300064,6.83759441707171,6.507444124225248,-2.487993669963915,-4.709945276370561,-8.445052317785498,-3.5418286106098185,4.409845674827608,-0.5576892300216674,-5.927673153824471,-9.507932712532075,-8.659012694744279,-6.9864935288153625,7.843019315758696,-1.9814918881229993,-5.14710011367322,2.9984455642965138,8.013286887041883,-8.377775463766028,6.8058433058951735,-7.923044989017725,8.668170789543794,-2.9424048586497875,-2.8973511975787236,-1.966440068624033,-3.8453321072746345,1.8773063553945768,2.3746393711339273,-7.068981188171941,1.0521151858441762,4.846613059173519,-5.608564859693656,-1.1272965888560211,8.31130515773037,0.5925371296409292,-8.102737417211177,-5.899526574792924,7.27610499005851,-2.589793557778048,-1.8322513903579178,4.034284162475405,-3.1002774744070987,7.067810389814571,-6.4368058142320645,-9.312854475538423,5.540150054510677,8.207125781893446,6.369024253534267,-2.183485402453977,-8.616546203459032,-9.434116600835258,-5.797357110172348,-4.161923735493678,-7.4792832174860235,0.600065910276971,8.015765405409216,-5.225178269952813,-5.010594116588782,-8.639756528654008,0.620823438215492,4.263113212639993,3.5408008713374084,4.342770208692535,2.2809415933801773,-7.708322197016189,7.0385812613426495,4.274561101666155,-3.748085975390185,2.2789894322484265,-4.246330101135691,-1.5638390736806222,6.085573113342907,8.339938909905658,-6.435931186447805,5.321757608558531,8.628329346199944,3.8864873087153597,6.428383486005565,0.07814881915789051,9.190539910438279,3.5137766442001546,0.7936665176456952,-2.3926743895207414,-2.8627706944644826,3.0355590190566133,-3.2532493320399976,-5.31134065276323,-9.440556806031212,9.098031456778838,7.168287508829188,9.019853042694148,-4.331187435629196,-3.48474432726372,7.758838865837838,-2.5651146433224508,4.122835773019906,2.6289602979135225,2.9362001455318154,7.5068033257932925,8.444745653231848,1.5672093950524406,3.649749381750528,-9.593473376715746,2.73378338881939,2.848060154424397,6.739057589191283,4.560276956572817,7.857996689707726,-1.6396414001503796,7.852901726999381,-5.569730757188345,7.126637014340311,-7.556650647524044,-9.223260764664811,-3.9766922112604153,7.948124342782165,3.3490242241926467,4.1273362809676435,-1.6236283101097122,-8.978804013071173,-3.0989501658420053,3.6821292083949135,-9.499298947753456,-5.89699360408037,0.6132613917972272,-3.763420631996146,-5.655848745443657,9.336834595890892,-7.2494314520752745,-1.2591747810538898,-4.257901728951969,0.03730899038047042,-4.782571172089211,0.6419463448464775,-2.075733080993296,4.189621828734321,0.2101189044402787,0.7289709034914686,1.067784603070601,2.3351681273704887,-8.37975058107596,-0.6514852592494069,8.718356765723804,2.284506369450254,-8.07586083005761,8.395077512923589,-3.1564040811696215,3.6566462224540963,-1.962061620182535,-6.257130291115523,-5.032920735819588,-0.2302278114100016,8.674428759908224,6.659324815332454,-6.042341710665764,-1.9440858713617803,9.034799248966678,-5.668112895484083,3.668519120513963,-6.494054582724305,-9.247465267804065,-5.507950254144085,8.84428978374508,-8.874627525396878,4.0005131434895205,-6.8022460345594915,-3.979374862363631,2.3172429594941484,-8.692227666641232,-5.047457615599827,8.71167723865748,-6.524929366167555,8.093087772754295,9.555171534554152,1.6204936278609168,4.913371019573516,8.232687496947655,1.957711179810218,-4.696783303623269,1.3507997652974595,-1.153895300760123,4.049123868078317,4.711901805600881,9.823631347369158,-9.169316112237034,-2.2073459217135216,-5.627866626692544,8.032622026028232,7.931026936928408,5.823932422182532,1.086007783428391,-6.235204398372344,3.6274933014739332,-4.320433143314386,-0.7533913197418975,-2.1921162504327008,-2.6317477160825087,3.5336621644056407,-4.167532575263079,-7.982058182690766,6.103712669948841,-7.915178192274297,3.8655881118408164,-8.552670937805157,-3.796392849985571,4.474829434648694,6.8895434066263945,5.42445244805176,3.0529776125352015,1.8006599590387662,5.386367334674825,-5.852858039390448,4.997151043725189,-2.8773281063409133,-2.537272115403127,6.817437445404398,-4.221403395293781,-6.26788645982745,-6.93374885915762,-4.25617963948091,-1.6735492572311923,5.979723561713531,-3.177041912946872,-4.202504383514034,4.261413732251501,-1.3913872673332683,-6.488574489623562,1.4495829546364476,-6.273666251471646,4.938419141153325,9.991676732351298,6.183764839462441,-4.572800799647472,-6.418545946416048,-9.302161004182057,5.819841181744263,-3.5577567796303917,2.1926357879947282,-8.760789007204899,1.4616241991225074,0.023021122366333913,-1.2357968266873556,-8.306912286921762,5.200351777959124,2.653853751788045,4.764045214064932,9.715698468617909,5.391026274763002,-9.767363861982496,9.343668342691707,3.637537042611271,-2.19856528405775,-8.483542643688228,6.1944876195085214,8.757344214510741,7.102599200277346,1.8894692254018413,9.621213396386675,7.759463696004257,4.672630807990519,-7.954235765240982,-2.997454677471298,8.48916569651433,-5.862114406874692,4.703492155821056,4.644743448585622,0.015545674238360618,4.645834676275708,-9.706746209274101,-1.8114443284153765,-0.26842804328380865,3.2096369452240214,0.728442303982213,-5.307382448786724,1.0651095470820664,-4.1353086710782545,1.0498813956073239,9.594481191660446,0.19551737143292414,4.712310557150644,-6.6521474999847925,4.305582239084195,3.887871802726801,9.431280472734418,6.6256019957021834,5.3675890410101665,-4.51484559112131,7.513769461764042,-4.731556960135439,7.054070437402416,4.471214493254136,7.1089271822329145,8.510336817655165,0.6351180839544703,-0.23052885986193594,4.020505348389747,-6.419038841458924,-6.581819128165083,7.211806760402673,-4.371290678643945,9.85522061884884,-8.27073584836123,0.972809366882041,6.368547733724327,-9.838920107180925,-8.003248706580601,5.419546355544123,-2.151408007271474,2.3738591968059914,-4.9467986830911626,-8.241417721735306,-4.096286450281495,8.543211910920888,-7.074720621192212,-3.0580981376273497,-4.365456904948433,-8.616211365469791,-9.388997168170512,3.714295195115758,9.812594022150858,5.671812832683592,-3.0698583835460695,2.0083386944106447,-4.130335433444971,9.731372755562283,-3.3086555429221853,5.583367534694496,-3.0903814368751785,-0.7986829424022694,7.118653493250431,9.291617019616268,-7.110231768641739,3.189837049644357,9.444084305558587,4.25342586463513,4.633168130523941,-2.997983951074634,-4.493914976144571,4.975588951708856,-6.412755305185445,2.92420347937108,6.889407689009349,3.777025108686267,-5.982125077446307,1.5104396771975832,5.268834678557564,-8.576166882060658,-4.450123715146215,-4.8760976296162735,-0.6145836451103985,4.208220591395291,3.6752517347751894,-5.455279951764094,7.239894843612046,6.395832020933632,-2.460775507530009,1.9892847533787954,-3.4423212807513037,-3.633268705991661,-4.098133233678702,8.122395120930271,1.1732706814912817,5.955138404336855,-0.6632525501799584,9.033055424093977,-6.4976090996087095,8.53187916067527,1.6955806065685337,-3.3718288854821665,-0.1159361149005349,-1.460946086154733,-4.970538655895426,3.681799563593467,3.949442228716606,9.900828646191883,9.802362336914719,2.8824240318369228,9.833823149847305,-5.31804167636267,-5.039643139970574,5.634528830567708,-0.6126241499142573,9.376894851510844,9.880330029236944,-3.289601479720683,-9.756622006430007,7.922805973961353,-1.5218765464081851,-7.725351930976401,-3.480471046147504,-3.3395124337035504,3.4891852946147033,8.934797663798019,-2.020028096884154,3.590825235843152,8.525144454421259,-5.888745518336506,5.32992983898675,4.997475957178072,6.009567321089154,1.137099727275297,2.719491190167071,-8.430364195349103,-0.6063217331414705,-2.5908847684216774,2.7470039638112524,-0.3036430177549505,-6.178506859412815,2.686275361031676,9.75338483218297,2.1365667107764637,2.38743255941581,3.953510752643803,-6.204579253898109,-7.142942136843531,7.459811622205489,5.902120056232674,6.978573405201125,1.7258202012856305
-4.495129253489736,7.621674881780432,0.6991843352112106,9.15043634230156,4.73870722880844,-9.746278167210216,0.1615047012036257,-9.22365329077697,-1.612094660047882,-0.9448040088816008,3.9538304812530534,-7.617072042305164,8.871307263031156,-2.1008425777018243,3.336324603873031,-4.971384772873371,4.586975704995451,9.38623447050626,6.42880659936036,-5.433238846153079,-4.517998514134154,-0.044052031929794566,-3.5056809849507857,-9.54629945851417,-6.173861604273125,-0.28993660473984306,-0.3859858906845375,6.957057498331707,1.5893714461727697,-7.833163330003011,-3.913726736968375,-0.8339926593735196,5.924631569406614,-1.2159022632573713,5.560478458635508,4.464632946877149,8.810763187163861,-8.232768371338084,-1.0002282186664502,1.872440562076875,7.58101785643467,-2.748864763359487,5.439478107963007,-7.537549057457795,4.43471191316344,3.4375405465337554,8.257697648725497,-0.7885607325871025,8.03565253956673,6.39671998763869,1.5259948351095929,-2.133838513108377,-7.685756091527538,-3.1106538331206064,-3.638231199668329,-6.523430727635966,3.6126048996859073,1.2671677240875994,-4.216164473894517,-8.12951244660654,0.06985877731051637,-9.23241145266939,-7.670787067450579,-7.701980242243758,-5.7582071858746176,0.47410006670712335,-8.833237497888273,4.471019136585424,-7.318874532644353,5.553539222134194,-0.9800390666940864,1.9723911705717807,-9.88990335040249,-5.493307934869844,2.437658458614216,6.784488328065109,-6.7819279351826145,3.788712815425228,6.339362517485487,-5.153138636553827,2.35076466156327,6.303330522004774,4.6666997357233075,5.225777700075797,-5.868100994499718,9.30490190087027,5.113196107246875,-4.543240476354791,9.528334769350192,2.255225636278711,4.333324822428208,7.365658882550164,0.7988558663987959,-8.951997758466444,1.6064337807108569,-7.320248923947026,9.134890937900227,-1.2582892437595667,3.4353271547493964,2.3704048324810483,5.162888634675076,2.8212351805239635,4.6961665810252065,4.706139008297058,-1.3199244933203342,7.427810998699719,-3.6382694120717325,-8.232625571653728,3.406252794644761,1.122845255320188,-4.663005171743027,-7.972453785053897,2.9309702422786916,8.987993646339273,-7.83550251110531,-3.1775613202169133,3.6986633930736126,-5.24787922270124,8.053383053992146,-9.68003839671371,-9.617525736355418,-5.522603844465599,-0.22879602348973727,-3.453573436574116,0.005932227754779973,-1.2177085547464817,-3.4892659588427266,1.2601042077714766,-4.555245249406523,5.94460497959599,-1.9091928476821458,5.2006148908892875,-1.5532996455235963,-7.589104556472652,0.529751017456622,-6.99182048010357,8.396031451900537,-6.640865371087735,2.9827262902824607,-5.45719336285138,-2.1901465399121527,3.5292642665114276,1.713922611398086,0.02531129645340613,-2.837604270622669,-2.9569321750029793,-6.452100107084171,-9.81800101070462,6.78579738967467,-6.547798490986139,3.9319913365452663,0.23377439430940328,-3.7934920749145,-9.704415056597863,0.6732271022709178,1.4594992118371604,8.69026699429439,2.667311260529541,-8.78096422979361,1.394071611879271,0.5941331772604883,-6.041867635695035,-3.178929080184938,-5.494935326057986,6.7419642432835865,-7.055166447641263,3.6242814138529855,0.4761214588641707,7.4940684089902305,-6.941854032778334,1.1856390953487868,3.774196404734443,1.9842039497805715,-8.952577884238034,2.9606134847705494,-3.3536658247817996,-2.224755115584167,3.0573401604199404,-0.8179186123886204,4.943788512678859,9.799783131512402,-0.527380027662506,-0.7758657078774398,8.091976546868015,2.171141298221478,-7.687136372633214,-5.598786085167071,-7.630301218915331,7.960844528041115,8.117036222356852,1.9146532053218586,1.7815262527680797,9.482632249565437,5.251067321278043,3.6143436559468807,-1.1164819705700708,-3.869974622319985,0.6092503869719312,2.231301802788412,-1.576252307378267,-7.281669976143334,-0.9896682232017824,9.663578893376869,-8.24521703180479,5.610089257863674,-9.535070115834966,-1.9222588698679548,-8.562746651080314,-0.5057019412787422,-9.684803134311133,-3.410371972297142,8.85675168014243,6.137368827931532,5.888965449638999,3.784167374285639,1.4989219980979307,1.1168084065637789,-6.5427052687174925,-8.721712733533424,-4.203365291138194,3.6782118385674085,9.0153016302183,-0.8227624223290455,0.31442381246557893,7.0246621023677704,-4.457423819607726,-7.624024605039168,1.0579159893948535,0.6941836187248445,6.742317359561316,-1.642549856121649,-9.000333823069864,-4.509820255169947,-8.614668984243409,-9.458114574326398,-2.150005738176029,-5.9982795517409615,-6.486120806021496,-5.123940733594132,9.9580385653312,-6.011692010483789,9.723884208420259,-4.757494316606934,3.883820409867319,-9.094606911548782,4.820137344855146,-1.6604732227659866,-7.761735015315063,-0.3991675708610529,-9.634937948666348,9.632570139913629,2.256015913133986,-4.307642232416011,4.408363294970211,-6.009739123351023,1.1492370123790394,-4.42243019654412,9.745575264201978,-2.121683057133634,-3.9625134358598446,2.130087235139662,-2.100557375619121,-4.415272359309645,5.732228270140443,4.399549819330256,-0.7785815403884104,-3.9267312956806455,-1.7117116107696013,3.9288326548983594,4.9894189678606224,1.7002093115424532,-1.3916428538827184,3.036528550326665,-5.4435534110118216,-7.506898452510173,-3.6328638193222806,-0.2413501326279217,1.834810414318227,7.156059244782316,0.38846262855161484,4.968257923601353,0.530062522984105,-4.165567501068854,-7.453983909931317,-8.33684996450327,-8.526916276988604,-2.600518039567625,0.9935751419086802,4.814511572447319,2.725561961427891,0.0307147246390862,7.019240718460175,2.2235281341849102,-7.977315150307072,-0.7040908472784047,2.021970421820132,2.527170454157746,-3.7921568334640376,0.15071429625468546,2.0739170205252044,-8.210005500097177,2.9389045393062663,-4.52907892474836,-6.29705897179655,1.0868909047660722,-1.4144390449394315,4.4182086672011405,-7.703152041411494,8.490652650422764,0.3850965789432479,8.47835535101336,9.532635547102839,6.3996383742082905,8.267731993361863,-6.742196219080276,-0.7996740832603777,6.033748533286271,-0.8887473003392152,9.364945908511046,3.5181964372225174,-2.962871302694441,2.4026876746808554,2.5753854541669536,8.780183039011412,1.411505454666468,-8.854551293408019,-0.04394291557002461,-8.810236236484823,0.4473613277267212,-1.6505128073365878,1.6369512265075912,4.710175973090527,0.2626595432593053,2.9937056586712174,-4.14004248566661,6.253823851515946,7.264571466731574,-6.822231446861828,6.677624607333684,4.90374479620079,-3.5995171578641187,6.04995471871025,-3.1969065342897913,-2.35892456062367,-2.9792816191702665,4.930369221444126,4.350078745613148,-8.161700316003698,7.812165001206136,-7.130162201268416,-1.8005845879606106,0.060485975619231525,-8.982804048616362,-4.555917145220469,5.871682631713073,6.721345192877283,-6.344849840863502,8.221837721361393,-0.9731395655639936,6.075430176425719,3.545350207606896,-1.8351173919843529,4.759532202584715,3.5087176436080814,8.754416299045346,-0.7431778280209009,0.8680875994417114,-0.724367290990628,7.009528470488128,-5.520769329069692,-0.04492819392608105,-1.9927237356082532,-0.36714921193480166,-6.641731957795917,1.9306081100496542,-6.651063442286851,-5.424882314121911,5.313056628542155,5.674004262403216,-9.575063024465852,8.99997116940379,-0.013064899949696951,3.640606767379058,-1.1296208007977615,-4.28314740594147,5.46406144923443,-4.075923160976447,6.138338604589649,-1.890746998098427,-7.567760620930426,-6.002942468017176,6.616390164488376,2.912241173006702,2.8117811735257447,3.9618270833967344,5.11964131589918,0.9088864812843696,2.0133649528020925,5.476335407542246,-0.11054381540530045,-1.7547641599211126,-6.373160543933338,1.665918699287694,7.82455705634106,1.8361436391349955,5.877634259691982,0.7681957690130581,-9.323361625501327,0.5579081385859119,5.234616173088135,7.78021925046113,8.364059805078487,6.278078355986537,-8.810667990811103,0.06269043369393223,1.7358592901033845,7.554114575669573,6.511087053285095,9.931421413993192,0.7448523905897702,-6.335566122569167,-7.695744993029264,-2.922566176333852,1.5827102106856987,-6.008977041655661,-0.6964879411951799,-8.271439067180061,-1.904089971558001,-1.3488946367903765,-6.5421106955519726,2.0177957172840557,8.68698921103692,-8.760012847852616,3.528096729404975,-4.532324184320982,-7.587705889373528,-3.241820752339768,1.1793251441336494,9.748594915099222,-8.950346888353522,-1.9733594631556137,6.631100781715681,2.411728133080441,-0.047168724820355834,-5.25312909786326,-0.3066067979865661,-5.75101130332915,-9.58701505622781,4.436602931712379,-8.569922610926778,-5.968633927175626,-1.2882757596839856,-0.3878852219094764,9.754144860684722,-2.914145797930898,-4.160172500928492,9.967996086144339,5.3557051518057115,7.862177390740225,8.87929932294249,8.323141374985553,-3.174895501464716,0.284420278137393,-7.098072803357979,-7.678376489425904,2.52909805271716,-7.515427454222381,-1.334948776421193,3.3301276779605775,5.829837616546275,-9.215850092836462,-6.232443034378643,0.776624121437985,1.1042808192406888,7.1263517871818465,2.0396136430508154,-5.333164252503286,5.421040503063763,-1.0490008002692228,8.968146404068506,4.5910980362267555,5.5017778020459325,-2.959327844013604,0.10259902836444468,-7.06506084658467,-0.3045515177541027,-6.968521554893046,-5.15977999899818,1.3432787758134257,9.593057297136411,-4.785057662710043,6.840874047531344,-1.7590304696069232,-0.09955232539881109,1.3440353693637306,2.0297390828523696,4.98435060159551,-8.61966711972797,4.211294835624422,6.758274440040616,0.2493204428078517,-5.974869273598095,4.237080049468723,-1.0653171499482497,-7.627093529269562,-7.943090814634941,3.705835671319619,8.335688248472536,-1.9496463697524966,4.365102216929182,-4.050073581292121,3.1746317485918247,-2.0945267807070937,-2.4268956549591554,3.258837150091976,-0.9500870308427665,4.954775560339009,-5.161820980519165,-2.1759006124253872,2.000962430849299,-8.291357933122052,-5.922604066120445,-3.144171421940154,-8.27094292351645,5.128982870630361,3.3085351796688265,-6.085186078942151,4.909205319724521,9.653350637657631,7.502492901336247,0.27900911056132216,6.1080193488806245,1.5355636172437883,8.344529023949907,2.166861989017656,4.92955389745196,7.4221584665385585,3.6477194773289927,9.193023727101433,-9.58485224698961,4.705885521268014,-5.491122492946266,-7.711654185699597,6.432290602503439,9.399694249189707,5.141709273444388,-0.1182047940025921,0.03861813159548966,-8.695582128199693,6.213133838956924,6.011154962719274,-6.443123818310623,-0.43464931642132676,6.955533477953161,4.777646119402013,-0.12066614553000221,-9.708671571275909,-6.107038523295771,8.744423145340264,1.940336927124072,2.2590863582741036,-4.12095540419447,0.8572262470367811,7.628821833595694,2.6098886342641094,9.321854528655493,1.3145321514219575,5.057153775119712,-2.100232255059085,-4.498033840623517,-9.874264219135423,0.40093487986279364,3.929618422926797,-6.875460665705124,-2.200010679640892,-9.04108514735407,4.3110432976022555,-3.2367107507187693,-2.5849057772391326,8.842418881866148,-9.292457292703658,-1.0544073586788656,3.2532246850907605,4.880621383026211,6.04233192562749,-9.543504876247123,-3.6879514455479834,5.7783091416847085,0.33721224126074034,6.8779439341375905,4.5296712399755314,5.340388327122042,-2.004658255550096,-9.04319909255288,-5.57602817536063,-4.885359044968114,8.733085771547376,9.27934163678714,4.084803312868534,9.497375966918135,9.110366147616613,-1.664701598086653,4.642956994500018,-2.3479598204017833,8.84043786870578,4.705746561076635,6.1822112383866425,1.3867524462768372,3.3973208730921947,-3.517532392703968,-2.828914130191908,-1.6839803788919738,-7.202648049455029,-8.724995298679524,0.8090548021985562,3.6604314642210074,-5.728351823138427,-7.868043040696893,5.22866509262434,7.341402852228619,0.2725048768703928,-0.697741931884595,1.4560002310146096,4.256644973206145,7.520298221862209,-7.829854047441498,-4.238277069937437,-6.348709900796368,6.284955377815383,-2.3066673619907725,-7.261634795142364,-2.249364385018242,-6.569607131444184,2.967784724349178,8.722634888375154,-6.435449479707338,0.405620224251102,8.697791894223563,-0.34926841596102065,-3.8515100687462382,7.149951460610367,9.775017079553699,-9.317713839991155,-5.6380597620914426,-9.30744280380058,3.7537253490910487,-6.529015898116763,7.568869338532405,4.257385752254946,-4.195691573642497,7.640999150522326,7.268976192340123,-8.733937485043695,-5.207128302710151,7.508269263152027,6.270812952976879,9.517383944251762,8.761828666341966,3.5363496158280956,3.216330528643832,4.386331903696979,-3.433319084916233,-7.81800094120695,9.385411527098025,-6.533689141430392,2.831868578540565,-1.1924949782868772,-4.459354394386028,1.1829458105180883,1.676234786890742,7.8846357383187815,-5.0424731195061145,7.3031621640664355,9.673976767449279,7.16813821089778,-9.727875931385334,-0.4432662532725118,0.9294220628280883,0.19696068893719243,6.439342534920883,-0.874377356156069,-6.448545351451427,9.898869043330201,-1.3096814693760965,-2.8252540626555227,-7.341089201145343,-5.490868340298394,9.68311708025335,7.436404609078693,-9.179758819383704,-6.403762573706102,9.032973561606894,4.896312372542894,-3.966665429591587,-6.482700748157315,6.3340196627293786,9.098542891492972,-9.379046164608445,4.0088377641294155,2.984379768800224,-4.170529941502092,6.024952814413766,-4.235070185248782,-6.720212186318966,-7.030341811669363,-9.423366455351829,5.278058104094956,-4.9202071108219725,3.401168978450489,1.7405220165161737,5.626378869639153,-9.017953915916447,2.1357120925728097,1.954256137236296,-7.213872663225462,5.1444522159520485,-2.246274366441181,-5.992924162404787,-4.595070611144731,-2.113263363668924,-3.6641215140079098,-3.95866451453797,8.69960220715408,-0.20326020847168458,4.397306794283303,-6.726078385770389,-0.7632736969921474,-3.037128219194887,6.226922804080118,6.705785552661087,-0.637538355986166,-9.37831625828653,5.180125342723883,-9.37839322933369,5.672922209535942,-6.6097525620303,-4.1351796779121,0.10524959433253755,-5.095242126139132,-3.8898149053483895,-8.96396180638015,-7.586706784923376,8.846177762065533,2.8396780919570084,1.6631703472113184,-8.371559857080129,-3.680505353021899,5.695826740777687,-8.696616375592914,3.0578130199011184,-3.5535905936886936,3.0388413074476617,-8.745405354360367,0.13062980994634898,0.9472529874326323,3.3338491048468306,-9.713889165928975,6.9379269016018235,3.495180237691704,-6.424542470532357,5.630886131466628,-2.44421328765001,0.703440682107523,4.298068967815256,-1.2876086285559047,9.558003936064047,1.8606694954349585,8.237781266876837,1.260450517547337,9.957774282487353,1.541449539076499,4.106006332819794,-1.1307855328835181,7.490558860708283,1.5326021180732337,3.4027582449739935,-9.523926449035475,-7.580886148793176,-3.054004196818221,-5.002619135254529,-3.7464897244263984,6.277881753778075,5.024253693984457,5.7723343874942135,-9.91158090733379,-9.848370804600787,-5.210513724579224,9.963015990515661,5.405090427448247,-3.2248340787173158,-8.018131610231048,9.772612068531043,-2.871232613773042,1.3258237586228425,3.3170682942969147,-3.991293366754702,8.918571774014406,5.953959730042136,9.478511925890064,-7.802647578105455,-5.0880026033239245,-9.084424859737656,-8.090705874615686,2.7339368004782028,9.423735181669386,5.011687364216941,-1.3837938773793503,1.5990459419584706,-8.680707806749297,-2.134359795205965,-2.038218178603217,-6.905776281175462,-4.470551246809531,3.3557497172988455,6.239299455347439,-8.108764715038737,-5.339920323206262,-8.198187197501387,-6.310580588712322,6.244319666964394,6.4391511079987716,0.9681449976804313,2.8818152060079782,-1.5543403720943854,-6.440769120906779,7.751158492901979,-7.747974074608617,0.4851705087525797,9.17339738923387,6.459464695937633,7.374241086565878,-1.356018788053639,0.5969977361337442,-0.26288160606114275,-6.1231655794436035,2.5230338925337925,9.20844764139138,1.4304183735238674,7.17510581410146,8.562783231076292,4.810987664742459,4.980214840713561,-8.687670698309164,-5.803077756647548,4.33054698223124,-0.2893756329633117,-5.917522185952118,-3.373325682076411,-8.93414404720042,9.50904074968603,-7.374424420338299,5.060799624610876,-7.005853657057299,-5.431551943447339,7.272906549436048,-6.943997880030384,-6.480771087733581,-0.6817756853620782,-6.349288249730741,-2.3027462278607853,4.470854683325262,-0.6319983539260434,-3.3549091087147165,-2.4282124888827195,7.602883597911866,0.22033739083740578,-1.5398434330234227,9.62977145853555,7.613441409451646,4.777138881555716,3.0554392750624597,-2.1011091024685546,-6.280583387551673,-0.1684696914604178,4.212982892664288,0.7734439374767419,-8.108715014142302,-9.042898594395377,-1.8890389027339403,6.007671022085081,-8.61523091200299,5.94441551994581,0.19776450349610109,5.166514684962273,5.174687705119307,-5.3710824080791415,-3.932830710221653,-7.825534901967237,5.361218464743773,-6.13662564834568,-6.760270728190609,9.374053259542116,-9.20102552742545,-1.259267158185427,-2.8394553383322085,-3.153101466117816,-0.6718755320983032,3.466218510032169,-9.794803706568691,-7.760178728885625,0.35299563317646765,2.506472417172345,5.165020392796819,-4.69897961246994,-9.234891078098798,-2.9437151834290143,6.0161164552094135,-5.7392947644391,2.104881723196616,5.1995694640507555,9.153662250857217,-4.887477070787229,-5.8031770039234125,-1.5751213638723662,2.6290957642363892,-8.616205183164611,6.359352325139561,7.206777471076826,2.374457355763939,7.726495447575505,0.5503178103423387,0.43545754573814044,2.27773307440939,8.843954832153052,-6.605836310031248,6.205205883191649,-4.044800680525857,-1.128845779066765,-6.743485166633906,0.17067399276730022,8.407912512191448,9.583241607141058,-2.069172455186113,3.6621234477098437,7.218994962024379,4.964731022712828,9.416497785871652,-9.014543241445434,-2.180375646180204,4.212424497024488,2.8164690484172024,7.218856572938559,-4.1233841136047396,-1.3545270314641211,5.180611597994574,0.8807845641324832,-9.124410692842348,-1.841060888604094,-9.751293804577717,5.545986277877875,8.304942965331335,-6.831177403061702,-1.4862538425464695,3.195569563631688,8.204062906345829,-8.85879971976971,2.4889170453689715,-5.919868616758224,-4.553198986175893,-1.3581145973109106,-2.2247912974435486,-4.9116550365957306,9.878766992827323,1.9526460548056779,6.134782998488099,-9.188557713060286,7.6639250820456475,-6.393995810590956,-8.890762005434516,1.9686510332645248,5.458365569061774,1.904530480015957,-1.674217987061768,-2.6044092625133857,-5.094107093108359,-5.345709045988789,6.119339845384953,3.2681231669044113,-1.1403269753249905,-2.9684349774917473,-4.050933455463448,-9.75591324027691,4.924995454877525,0.3589509513090441,-2.370531027232894,0.4739668630593954,8.258185390843611,6.938435567589217,-6.159598234005861,2.2865002278829376,8.548960319362568,-9.264766708789587,7.093203778244622,-0.21808891608035808,-7.722790637446158,1.0660779779408092,-8.518506842570197,-3.9503822969300595,-7.857739905597212,9.532976954596187,5.604835740460425,1.8981724947067296,-7.714228364712767,-5.002680594230822,-7.189503165420512,-3.1435808398712854,-9.804691120298623,-8.812428567973477,-8.223167127006132,8.080818955396968,4.059471050994487,9.698518358011295,-9.215397059225515,-5.090828284447895,-3.026335358942484,8.942138514919925,-8.45658261637189,-4.942252519298789,5.257923147315122,3.7470687540246814,7.997093505500889,-5.375646114005368,-4.783039283877439,4.807597875315155,1.9447966806121713,3.698604904635758,-7.418078570946163,-9.0833020359916,-6.699597608809453,6.653501671605859,-9.650901807579205,-8.832015262498638,-3.5536628925863534,-9.919561720209433,-2.904603104401941,1.5442290789199369,-7.656493490785357,3.638006306579623,4.4866348368640825,-7.153092596793586,-3.729909210986233,-6.192015126703668,-3.6681264407945635,-9.802626044946015,1.3634164628299104,2.5895721762681223,1.231820760604494,-4.344176977993845,-7.232378227987873,4.833505486831346,6.220909816276382,9.448304656678154,7.776795124736097,5.650537488633727,0.09862502845081522,1.9024537291128212,-5.272031499950735,-6.77456974554878,5.820951656793316,-2.7074273225778285,-3.0724927122494528,-2.669503126381139,-7.698221107867312,6.427696994139296,4.350547282232078,-8.789610796206595,5.24302167993196,-3.2235729437882776,-1.4050168648820467,4.039343681650038,9.9707176890111,-8.80652281741304,7.38545285476992,7.851013582525194,0.8676974145616434,1.5961670737695322,8.351563625552593,8.567859373526336,9.75434838577851,-0.5192722422474425,-0.9262673083905533,-6.173091098648451,-7.138513128316799,-4.901266887969584,-8.231777711082982,3.582275018173842,-9.296241331512082,-6.681309234085655,2.8482756832425,-7.865383133467314,9.041042903486897,6.644431957762979,0.8909139953002043,-4.650952290039243,9.765219804459718,-3.85666816339457,8.431784777633233,2.3482425550297883,-6.286083062790415,-7.190014343656507,-7.590752647330943,0.23955361765839633,6.633946637530109,-5.573551902474785,8.863944219457032,4.33524261766124,-5.170945160051512,6.190537238207757,-5.486735955711842,-2.1681136205032336,6.2217624589239655,0.68817151014769,-2.9925838733369847,-9.650192901755146,8.841084382839426,-6.1878597167561615,-7.951455900533871,2.754530012144709,7.308092441081847,1.2963257276957467,-1.1171175484249947,-6.7015751803440455,4.380322940249144,-5.166166750013225,-0.7343767222141508,-6.241947506149728,4.349163152975741,9.928698340612847,-5.321015500810226,0.4732937048125567,7.716148605407451,-5.65314641418216,-3.8457621765315153,7.4427532784477535,1.9774360600964656,9.414189076706649,-3.1648522067997398,1.6286587783875728,4.163114753129806,-3.9375892880276053,5.7813798778253105,0.9681894573233318,6.877102696234637,-6.9006101448366675,-9.18894279096036,-5.938346056246968,-6.348897231862665,4.549141882771618,6.7427486741415485,-7.216002600621416,-4.559635094696093,-7.593038505614853,-2.3334459750682868,-5.835504787074908,-1.8003728875967937,2.119422519342466,-4.2565313918192915,-1.1002441443913895,3.5224503311373923,5.600424590551034,-4.252621801096685,-5.31509758425162,-8.694597817250507,-9.241711093489425,-8.964137917676986,-7.977115402655722,7.676403625246284,8.71541079962929,0.696636406462261,-9.602480982490576,-7.9363928117032785,5.3331078946685935,8.422680257796827,-3.179723227929447,4.910146410177861,-8.735167022490945,-2.5836069270173168,0.8664678859052284,-5.659434552119658,9.598786031706478,-8.919945947906118,7.865138768502856,-5.44345101935569,-8.986894474026903,-1.9575365232094715,4.2058598163894185,-7.035467113042726,-3.2034900092274405,-4.962594704038383,-9.133146966474952,2.3780640414136798,-4.604580490811614,7.752196619219895,7.236834161128158,2.276427028125884,7.879897291406138,-3.381419241668029,0.45124315483463207,1.8849273345615707,3.418442564512345,1.6776439950199613,-2.4929801458568113,4.641242605764335,-1.3813385854843485,-1.6378822560722455,-9.47718697953784,8.368943468964382,4.583046033864534,-4.903511813183967,0.7045576376756486,4.731102192919529,8.791418927212622,-1.8992494581428225,1.3860479792119111,-4.354102542209139,-5.684368317813863,9.867749926087662,-7.361297267913853,2.870988521247739,-5.042717799098111,-9.370293348105038,7.2229220505390614,7.4307305454236,4.2195247457862965,-3.03805417837415,1.9682821028705266,4.182561114813911,-0.7209749055006149,3.7719335565977943,0.8625338018690272,-4.802203043339515,2.3605398863928038,-2.658324152436757,-0.9411916452815383,1.638635709437322,-4.783303311989444,0.9861762898734465,3.127226900625539,2.476192292243237,8.761906158586136,-8.00973437894193,7.327711934646139,-7.35789444515762,9.821613581985012,4.0847763725080455,-7.659375493936769,9.757129451138084,8.23886287461098,8.14023476910063,-4.0825194661003605,-1.855921620375728,2.3831205253890744,6.648387808754531,-6.570747602768989,7.664391826420879,-7.545033821218925,3.034985452885069,-1.032274598432064,9.385816252778238,3.9863472173278147,6.257111954461649,6.4804774113275805,-2.1546906717235714,-0.2249719848468672,4.612702301052391,1.8628664770846832,-6.941021253219734,-8.031823086665126,9.277384992220963,7.575078640475464,5.80545341423149,-2.5433728937564615,-3.8867895794229597,-7.747789642196221,3.8435662090145666,-9.112206143517765,8.15794241489408,4.775305743501255,1.4005136534584377,-8.990241856497521,3.1375313507646005,9.275590050590878,-3.3317432896695465,6.187132245531352,6.539639742744399,0.21030503859172534,-5.145684094077083,-3.48378083221907,5.337962136816133,-7.37541330248029,5.9840187841706864,0.09911715680956235,-4.412295607818306,3.7084459340664715,0.6719690925099577,-7.229598722879212,5.69936179210255,0.6861077302679632,2.3242484929040135,-7.028809753739507,2.8963064928164037,2.0783456067030315,-2.498506220299353,7.95303615729134,-6.931288690593085,1.804260713389736,4.876731118499979,-2.5887281456519284,-2.852512036956048,8.835775553599873,3.9254899280342563,-3.163096428416285,4.42276983177948,-8.152125687020597,6.88615213324654,8.629588627414364,-0.5512535197564539,3.485149937366476,-0.8771438507944609,5.45992887211527,-3.409502234197368,-7.140779868849611,3.475833571838347,7.1707412060111295,0.18487530361546156,-9.32389654240431,2.2031169081090276,3.1034346897309,6.823605613439597,-9.394413696346657,6.895424065326971,-1.960279035671956,-7.403089240206134,4.351213008698567,-4.3930400603266095,-6.0066155038857305,-5.348446307758006,9.989341339949615,6.795595186337692,-6.3151564633220225,2.6476473333569537,-6.582215685677381,4.697873208030302,8.94618400956426,-6.43556028402148,-4.075733861163863,6.5845303354888784,-3.1299017556221713,0.09760170453287742,8.146148634287758,5.539188550051076,-2.3663756436245764,8.538728200002389,4.464314209370732,6.911730622868031,1.214578695772735,3.5327345100531318,4.744894721732864,0.14456825948267138,7.385063830158245,-3.0930395537196675,-3.552204542366937,-4.002697084052434,-9.555046507054705,8.145287982654427,-1.8134033088491393,-5.6866416931614205,0.2341716675365113,9.097325213973072,0.44510537913266646,6.188872144540589,-9.679688944510223,-2.2231066700775575,8.190213216855756,-0.8932061873234787,-9.252442927819027,9.015500039153302,-5.8379096104488575,7.709749259393821,-7.8734123952399155,1.7683757184153386,2.0235432719315156,4.006711285912042,-2.9096998564311267,-2.1031133198041,-9.705156853576934,-7.493471950554584,5.977279730853153,9.603027474971697,9.866553341169144,1.2316937941235668,4.631251684872925,6.487518474592182,2.401362840490318,-3.6393068907547494,6.641167044986645,3.576120577787476,4.418791021497931,9.55537902858904,3.6837870634310494,2.428735728663238,0.49206649204813147,-6.653638669097333,-9.372810613423948,5.178978601396649,-7.942828988452182,-1.2275502930841338,1.0018392439638184,9.356486047040413,-3.4787278824813406,-3.2568094307425017,6.93809340279509,6.629452716602696,-1.638905005524114,-7.902694156465162,-3.643445739012387,6.820285572999698,-4.649477570385456,-7.541674832512626,-3.9671179966183567,-5.536881760522068,-3.1342782483784877,-7.92871556234501,3.589570762096466,-9.468223038572814,-8.236571404388997,9.887915509867963,-1.7780852856715192,3.333398862990247,-3.1057930825630624,-1.0499474593279778,-7.11093524417892,-3.306903655983568,-3.951518868653565,3.6286841880477496,7.9756707488350855,-7.232509592647678,-4.93478423994725,-0.42480091142436827,-9.063921332369606,3.3913645612619714,4.0376439565072495,-5.626013416431917,3.5949890018321504,8.582819147315263,-7.80523143515623,6.166773866241854,2.33055106039561,-4.069941255703327,-8.59216215502286,-4.105909048993923,0.6977910305114001,6.0716693575712135,-2.6075755966536303,-5.2983333412200135,7.351166018990966,-1.459426709904255,-6.05634610272479,7.491105064661387,8.913992444627794,5.910965552290479,-5.467965797929106,5.074247981067451,6.926704161927127,2.2547175647872635,-7.183129149119926,-9.786766911728941,5.329821730773315,-5.9131870537938225,-1.9616265616714692,1.8009090997769732,-6.574250699432007,4.257783414197947,-6.938779947574187,4.9971311410097385,6.183458920940311,4.118334878197235,2.3000379158850333,-6.990581255494986,8.335132634268472,7.804922714783395,-2.4692813473287822,7.105509450428798,-4.790221390187037,5.3212853400837865,1.0480022828674151,6.165736840967256,5.7792702427949205,-7.34494651374098,-2.051812537508799,8.617109136399204,-2.5032198804347106,3.7079146580777707,-3.8847634417063226,-4.179224082428812,-3.816990585080802,-3.803375403244993,8.375943779217522,-2.2418392612250893,2.029010367404391,3.861382669007046,-3.899832168466748,-2.2124519530728204,-0.516159267384948,8.068731576576717,-0.36352054185933014,6.066675801041754,2.6365882607290203,-5.413362282943302,-8.233748025033664,9.819846490415696,-5.8031268301092105,2.6278033169356654,-9.015615407814344,-7.412889859023226,3.2633826511328117,4.202569998593779,1.7305171656110119,-2.8253750342206647,-3.9632405615666304,-1.413832046617161,-7.530437917225063,-2.07447752432458,2.7379150121218885,3.2379120324840898,-2.799036877307839,-0.08144163629687995,9.405320497243274,-4.3906767536158124,6.827920624218056,-3.2075809703031606,5.140142811260402,-7.343985198470455,-5.198327893664201,-4.881757950183689,-6.097888677340542,-3.2597047496853904,0.38345548469683344,8.746817224163767,3.809750085563479,-8.080504026901917,9.218361613181937,-0.2814458113852645,2.6207970341135063,7.649477856222056,2.1763221052486603,2.547595857014599,2.389979525464195,-0.4351005071632841,-0.9626426291088475,-5.034079063652146,-0.3743427411443321,7.742492074957422,-0.16346513742784197,5.273696095435769,-7.147809888207226,1.225395123093163,-8.342348553862767,-2.85030683488245,3.1920853498291315,3.036987921774701,6.500426570291896,-1.3398625817036862,-1.497759238349282,-7.775858697206315,1.8971389420432239,9.734597203349,2.3315056726194854,-5.857883033137348,0.9476381290046039,-4.562790305607676,-3.251875466344602,-5.481895159139427,5.87151910803518,-8.147343020478225,-9.801314705424653,4.587942987449711,1.1343720658867458,6.432718485605239,5.8996775062902245,4.299851175854037,-6.478592888248049,-7.784748860827726,-7.454981393594766,-0.5023528704715865,9.413994133231476,-7.721913868933383,-1.2874607279143895,-5.800520646047418,7.953897991452962,9.192169210027817,0.4171866923664638,0.20051034584846583,3.359451504328872,-4.867011160915666,7.825285312875444,7.831797000538295,-0.36075126174021577,8.387600162129406,-4.21900191674146,1.0683801024316715,-0.37347807239315856,9.239573209729915,6.053024959258131,-7.0214400462294035,9.244920377090864,-2.6087477144027105,-0.42596874591731115,-5.290120023470031,2.886188277988097,7.724504018344117,-3.4723450851665465,1.4657645359003233,0.060275231382489025,4.720418417046417,-6.1536234497949955,6.594148422986102,-6.316909458873791,-4.334775735858929,5.590485058989012,-7.440804788621547,9.528482561662777,-7.053819523326405,0.8028746153767017,7.710678679761319,2.583426256766927,4.290467464254357,7.2473644682185565,-0.5986624849935023,8.348647152202517,-0.4357951957564854,-9.440827808968436,-6.451127931070655,-5.112442646481048,4.205733795494082,7.638376269275454,9.752593104278876,-1.7152074418982828,-0.2676633565087432,0.4286822115043982,3.913965728738207,-4.310545763173154,-3.261576987350347,0.7637931248823335,-3.2875549176529777,1.5439482641254223,-5.602963684183728,6.384341014764548,9.285897084252454,9.937308772890027,-5.471336628739274,6.433946905044792,-1.2330804340532069,0.5103440933994925,0.31707210401800623,-5.370077793114609,-2.3987499490051123,-9.01540517203217,-9.8642253135538,7.046446384611528,-4.607730730162938,7.288777885590477,1.5730374859760339,-2.3604018943543075,4.0724184090799564,-1.9216040927204752,6.778348029428969,0.18216952770992023,-5.250756652934885,-9.118349439782875,8.410889944868568,-2.3768865146471345,9.760098303852807,-3.7842244053399554,4.805122243522302,5.188736320909616,-2.56885960683263,8.297330454998175,-0.6873777384372008,-9.404696256782616,8.137070152682739,1.7550124714616402,5.518349871027446,8.727464251494968,7.886527973192706,-0.2715382548608005,-5.986966224242753,-7.707886809413022,3.369895708432402,-3.302620492108277,4.688064251401681,5.106158926542019,-9.417633599753126,-6.691759191879094,-6.813272572825602,8.170068363124336,0.23400495674789745,-1.5820989693026188,-6.605995868835423,-9.32646910776812,8.981520137067381,5.881895664333854,-0.761456654613454,-7.408756243457571,9.362108781216612,6.385051907276662,6.73316458025991,1.311642643724495,7.374804203042107,4.937904932200027,0.5725062348896479,-2.940319938815219,-2.248045330361892,-4.432091549740886,8.678616680992217,-3.4002396852385175,-2.4255382129268117,-0.8478489601653401,7.573021402618579,7.681583876419115,-0.6960904523298144,-8.995394626035942,-4.2509188190892715,3.793045306370729,1.3684030719558145,-9.390877455629232,8.593836536247306,8.18747826349433,4.176441866783115,3.1009575390352335,5.087526122807125,6.716934858774792,9.854998528663785,0.1548861176363303,2.425400322269031,-1.923800836851191,7.268557543568573,6.356111276441673,9.672874644070106,6.0610870017745455,-0.8634301782333509,-1.551454428795921,-8.01363781657831,-9.475467557041588,0.18076950544436698,2.6952325804960324,9.328387147186568,8.72893885426819,-7.267730679598761,-9.576256096520261,-9.965394999777288,2.8584073657827798,-1.481178192092198,7.0524113915467765,-9.422833838070732,6.902941992053037,1.846059582146447,-8.379185957307056,1.1080904854550084,5.436568135257245,5.18901173051094,0.2199348857135579,5.695649186598752,5.014175832190359,3.8901379398559683,-8.880910400420667,-4.779388107625513,9.199700000209074,1.20648532515618,7.057501902978046,-7.734108584248176,0.6606874065548425,-0.40023737614578003,-6.7842966169438395,5.13106655837797,-2.6784009199630727,4.951975914982672,0.7761580574448779,0.0599062678051947,8.17392458460191,1.486773926749862,-4.795182726265256,5.818159515577674,9.195882373262908,-7.450455349560132,8.893075462271266,7.388443138631786,-4.747807063331471,5.824179668754725,-3.5172048212914797,-8.79714775568624,-5.3808632882616525,-8.320998993471669,8.831366780067235,-4.082128014660713,-0.36693143473678624,-0.8432195547783028,-1.4655012747012428,6.7228067504914755,2.8818041921095006,-5.014676842813177,3.2195671517519173,-5.4650040599378436,-4.7905748330170255,-5.365636960331521,3.327368887747328,-9.57363663815441,-0.6366701500927707,-4.2657387992573685,2.8486719332596486,-2.112746213728853,4.1049950664682235,6.331385607541829,-9.580300047868217,-9.376813597862775,9.658431342435843,-4.743955524039634,9.053016572815906,6.379826392625667,5.58139820957347,-3.1364859029874115,-6.146576213886014,-7.415491440372168,7.675470352826711,-4.233121310615255,-9.980682983911525,-4.5332766867885095,5.617585331675688,9.566978702194795,-6.4031064336344095,-5.665341890610042,-6.140082043602337,-1.9734705400725883,4.591593011213472,-0.9354109330378417,-0.45955184628664547,4.315894201508428,7.663775648801675,-9.944377855673899,-4.564648005336389,4.584114990039325,5.3542886835551595,-6.246313316893604,-8.505471673351167,5.162337399366448,-0.7646150673856162,-2.8988071760304512,4.1727098107665554,-9.547898005815618,2.9324252852323003,2.6694330973789615,-7.196706964851394,8.479038597360635,9.90726341870393,-5.076506720836919,-7.5215032416063305,-5.0661406205131705,7.070786200623399,-7.204739889367929,-6.363357491714292,-8.328518709149508,0.08673807436549907,5.4369837992342,-2.3113127095082593,0.8927616830911731,-3.558173937401601,-8.76294708283492,2.1829127000663195,-3.86145203734989,-0.8834923117784559,-6.722653228706504,-5.073712498197757,-2.4082943211454815,-8.384550636129536,-9.67937812427625,6.795368108805299,2.1507960886089315,0.3096261302657126,5.675314848332558,2.5511961954873925,-9.933321608245143,-6.1938368455766195,-5.062833634699699,-6.199185607235835,-1.6156644290425817,3.7509089040191324,-7.130862052511109,-2.192353513464644,-3.0845774072542564,-2.1629137937188414,-5.009955837288924,2.374527691673002,-8.538106236927188,5.858419779886512,4.24411428940855,-0.9906382287209947,6.327904750285342,-5.081145384151641,4.217607380177061,2.4270751281853506,-1.2840394234508175,4.679151250005569,-5.79768197119499,-3.4088757409680914,1.2872931238638419,5.301854603230245,3.952693764143408,0.7042062190341714,5.065573835911106,-4.16836839512118,-6.456439972868154,9.863511415575541,1.2002784454432742,-8.894527724048924,9.105092337348438,3.056506618848644,0.38357992850283473,8.69534661102136,-4.946770892817138,1.1258167089175082,-4.842718239555808,-8.7054977640753,-4.434151386370169,1.5667675675042059,-2.6314290277019676,5.761923286469184,-9.372964714215035,7.746536291280467,-4.23601557284345,-7.537074816486609,-5.031927437484846,-2.9853530050501202,-5.761526099791983,3.960799571967886,1.4856709050303571,-0.7104952783309351,9.763875496360562,-6.336613578067068,-0.8541170283672379,5.60824942509997,4.301845736588872,-8.89401218590872,9.041355880074946,-2.85900804486028,6.983945730110744,8.950844031112055,-2.2175162609186216,-8.188253253529682,-9.308341992897715,-1.9814080789343933,-1.3267066751805618,6.051733957026315,3.337653278827231,5.635125942671186,-8.472303261749786,-4.8321214073837515,-2.431011555119234,8.12514486617269,-9.97861165615186,6.485149661841888,9.141182361077266,9.796495442055033,-1.9246329109277802,-2.561694626808393,6.361749698073925,0.7249089255615324,-0.6859174396693923,2.4763476363692334,8.593798081521452,-8.835638376001906,8.025000137836805,-9.069192572717423,9.78459992918475,4.03592234336719,9.175579601998912,3.700281985936872,-5.05395843060398,2.0909266816767094,2.515041805686021,-8.670745463789455,1.8168011597510354,-7.637038193372561,8.792303805337195,-5.187240495081655,-6.27903871281005,-2.3543569696781796,9.427119442769033,2.2177471882269515,-5.150530135754028,3.8013580250699555,9.40923263628585,-6.183614594725205,-0.7388475239788246,0.035927138540172265,-3.579324513736914,-0.1623303711486841,-7.743041440624623,-1.9726285393195404,6.806974311458276,-1.1106149730927033,7.806584218076196,2.4936364340754498,-5.304582332368444,-3.4406510658614398,-1.00698394331053,-5.553974485438744,5.289310404838963,-9.93575206400651,3.487323286984685,-7.858866332889029,0.038865120208251724,0.356643248684394,1.8995313540232104,5.0998369455165005,8.90995079749214,5.152128191367616,0.018561148962932705,-3.082444770713484,-0.23548472432302603,5.531446917390619,-4.702025875632079,7.287293539796057,5.101021261947443,-6.957273799972725,-8.511017849406981,7.818488345735563,9.082205729989525,-1.3939033925587125,-5.608603536934551,7.155237137730506,5.265495797871173,-6.743640585748225,1.6424459420560407,-1.8771075749581438,-0.3692055278994424,9.03198139869728,-9.203612472197717,5.6765788681876845,-6.159584115978596,-5.151147191081389,9.406307558911685,-7.538433555505497,-1.6849849479409489,9.127430048665694,7.430885836904654,7.961771092708961,-9.44113337186134,3.905880471354317,3.5965749522915385,-1.8659682059938945,5.702216808722717,-8.92330315327139,4.837197762038263,-9.163367290256414,-4.972631505887812,0.3948612726085994,8.952744292434293,3.0382245982122935,-0.057371224413302,9.164357782975308,5.937899824347282,2.5638320153234435,-4.228909091115421,-7.5720084653664355,-1.0733346392263972,2.195237227797291,0.2155952792246918,-5.549686068184871,-1.5950809402042783,1.6048967527458196,3.1302949319589857,1.0862735795182132,-7.790267794596657,0.47589582662847185,7.773902643406586,-3.3295896054283824,-6.7226083486708905,0.46802900436744466,9.872098781446752,2.6797284315244134,-4.061406544642148,-2.721037240309321,9.6122696497034,-4.652387155849187,8.899349543212878,-8.404595804287052,-4.5920248914721835,4.394204736610298,1.1310485421844412,-0.17154199204757958,-5.478780929562435,7.836533764926788,-6.57688652154617,0.7606449898536045,-6.6069711219604095,-9.768755966931229,4.48808726756225,2.838434460322974,-6.599409260463975,2.2896948395472165,-7.127094534811354,5.799315775711047,-4.5286542940752605,3.3975056786705764,8.772634805178111,-5.3104461196152535,-5.186848721671183,-5.822827613096027,-9.214236214453564,-1.6321021326843148,4.832400210020257,-9.522903379377867,-6.470964614500971,0.90752658202166,-9.89706154233119,7.126861380346007,-4.484217359508134,3.219596891308175,-6.11360079747606,0.2301515042057929,8.982026162296119,6.513897508210388,5.929323815302446,8.520935997227358,9.115642617593952,-5.530564245617018,-1.9473094792396637,-0.10299592237035249,0.3547171215926941,1.2530098102670646,8.589713002876177,9.248241676845627,-7.074252271954857,4.549496376571582,-7.7092184550957015,-9.829984654894858,-9.456197397994622,5.940926055778839,1.301743896465359,1.2947610667140061,4.0208979281857715,0.2361169116216395,2.9576406878872685,8.777988558568058,9.139312825914715,2.2567030512228943,-7.775251792523987,-3.016398967182292,1.657176569706989,-0.26470083716904114,-5.9200685753838584,-3.3690099721818374,-6.244289584368374,-4.601697467256908,-3.6879040333433473,1.4465580915368186,1.939519973288423,-0.6701055242703333,5.835229913054214,6.790963889169589,1.7363794821295553,5.396440410559116,6.086836448872127,-0.14762461841180574,1.0113194222419342,0.227328314904355,0.9889684637154801,5.6711259992975975,5.928169697784899,-9.783416512107754,-1.5386720903586788,0.780087308796432,-0.8387094513035223,-0.5374495699308373,1.6045724149714342,-7.064970350963835,1.7968569147203404,5.028146204968484,4.8867843749910715,7.675877709277504,2.6816141448099344,-8.945340604232106,1.0379040575301985,5.014959445959228,6.7253943515869565,1.3540890246590358,3.1223320608251193,5.014528274331511,3.223497897296671,5.206279373238322,-1.32006507509068,-2.839469714357044,0.43928520540374905,9.194923453894116,3.328626525499619,5.011318601111029,3.705865184771236,-6.0759406412842365,-3.0465480654581656,-9.653106642490833,7.738080664828956,0.27967983196557533,-2.8252628536528874,5.722036454357042,8.90920992332289,-2.770588321412289,9.924520452344254,-1.7555152884905532,9.042868286333146,-7.793695694714966,-4.373412820628266,-1.527279844276757,-2.4686461471348053,1.1807053860748908,7.615134639381441,-0.35379902765090065,4.3725803819439175,7.588139027389634,7.7877422229145985,4.333673082595325,6.546108371722191,5.301641140242372,-4.826197319540501,-4.077404285544488,3.7575188984390007,1.9477295651841295,1.9218939314284924,4.701411704055939,-1.6809341336965673,9.239187312579443,8.277453659150954,-8.03058779353517,-2.8444056583944333,-5.023852049856144,-2.4515645482974,-7.269139104942957,0.38781286694017325,5.333826008049595,4.2294635612752085,1.7387674268807825,2.8020724850212666,9.252733913101771,2.461188595656939,-3.90644266125636,-7.4770316980735725,-5.20141423955997,6.101484433174761,-2.0473682510988116,3.010865238270684,-4.973920503350597,5.379060116934344,9.993274258732846,-1.1326295359469292,-0.37871093361786734,-8.419134039605671,9.766149588741023,-4.311948769519698,-3.875560538853029,-3.131201013661067,2.1303265605092836,0.5091268156659083,1.7010209590341105,-1.6569691103786521,-9.256666136396552,5.4490036480453075,-1.901087067307266,-9.182021307008219,6.135031209585474,9.3238545593167,8.05110920718974,-7.199644139707511,6.581663517559029,-7.792753418156202,-8.055808614092129,-8.31251712196189,7.126398091974341,-7.222788635487413,5.60032728806728,-3.0104718382185496,-4.083480686497096,-8.751240395184466,-3.065530349488144,3.811742858029463,9.455576958328521,9.751606622448442,-9.198546036783878,2.4350257620712625,7.35074887430758,-6.329027625630266,8.012253621195619,4.635397491714972,1.1366588502153618,-6.311088280033951,3.4805312057005207,0.4858044073489616,-1.1460691120622446,4.6646359721793935,3.33329538457453,9.602055405208926,-6.343831452863238,5.643556567482882,6.860395252381579,-0.576644657881392,8.554775940104022,-6.035935438789979,-2.018685182786011,-5.784728880066597,5.087977447843251,-6.787578731068238,6.032039604449299,8.36421444142156,-9.70076303758299,4.74405804188841,-0.1468169320677486,-5.050059777842577,9.752490220924123,-8.949996471732582,0.5921991359987473,8.004275462486838,-3.861789820235469,8.578286352451695,9.355760728981707,-9.632366484803871,-4.273902616614067,-9.943502509121146,-8.774361350457857,5.649554085811705,-1.1659897153229473,-2.4693401585671104,-8.573821677107539,-9.579732315147236,-9.509152726805258,-8.403442420736589,-6.159484907927726,1.8631568760282953,-0.0030115199268934134,-0.4225735387176641,8.236096833903787,0.6263383997853715,8.384238515522455,-5.126710321519883,8.495084243400196,5.4845647517439104,-9.173502563425377,5.903415199130865,-8.14580096113767,-3.7068920717036935,-1.5802406893149943,6.062940935597627,-7.815300121505531,-1.4713438509281556,1.433837189880494,-2.996068438443311,2.492222135141324,3.7789898319031323,-4.126885627532618,2.2645226407026904,-0.9441918674658556,-6.542127748269846,-3.6255760493253675,-0.2162932382402687,-2.5444869885412906,-1.8840197669743333,-2.8137118519599547,-7.1857845781330365,-0.04980232970931908,3.136603939175906,3.666499279370486,1.6272141413916348,-3.169646012002609,-0.20739898123816225,8.910892735839283,-6.617246924879456,7.6315770389907875,-0.8585913067093216,0.30430111921603853,-7.9517449876285395,0.12633656628724843,9.024397763786176,0.9700778217543196,8.12769348689763,2.6672089893793522,6.426893345652921,9.598281196018522,8.028453592771385,-2.7558415396963953,-0.1212271755106169,2.688235847093372,-8.401527294482023,0.7435245108050115,7.2874693741662995,3.239257416765607,-0.9145954135241574,2.4317421022183794,7.340945537644561,-6.913102927539341,-5.802409623078654,7.527739939921496,2.2264699993835535,7.1240190742361555,-1.7007050708307325,-0.5876489407840957,-9.722733849660642,-1.2565869108431311,7.509292886139015,-5.260459330390834,1.4417365318984583,-3.6211457140518677,7.8381328772869665,2.568057365779879,6.450659052491567,-6.794196330149649,3.3700300333176525,-2.661813488397553,-9.425962967087735,-7.268665618655961,4.658588170281604,-7.5896162960346425,-0.6638992712069189,-5.333359429821711,-8.975991068016553,-8.132687054683718,-0.987813115803899,6.197843164682531,-4.832481265867424,4.958077901998566,-0.45778800192539215,-8.847305486992736,-1.9996615519048646,2.0308991922831403,-0.6110584195720055,-4.5964790937405064,-8.716392257098498,0.5869592243372406,1.6220818233055248,7.750570408939673,-9.550366223956532,-0.5545961095213947,-1.6664777554430987,-6.4767642282758615,-7.355807499221754,7.946570441713845,0.21930260945313051,-8.136550778093056,1.7848751062515174,-6.606978978965687,2.5128885358579467,9.151282159495189,2.6326385543520114,2.151465673428403,-6.133421684879641,-7.011155127395556,0.02946859988753303,9.632493817082945,4.989712473094221,6.1332776580341815,-3.5662162500917693,-8.392332313125728,9.148611825191232,-8.135697880934226,6.1943087122155305,-8.014232277407348,-4.475158442378262,-3.550985750420801,3.9664799936927224,4.2854379869473505,1.3287556435678667,6.538292217228985,-2.1012569263536696,9.376755850308868,6.381979796139156,4.937034009448338,-8.49168633619341,-7.789489435164607,9.552127952060602,-1.8027582396528778,-1.2285012888662372,-5.807834698742845,2.4743064918238193,-6.433167911088922,1.1058319450643772,0.5391646318852352,0.5372225294912454,-3.392075937178114,-3.091418700052275,-5.492601284927876,-5.5892687600451545,3.9187703769702686,0.5087568830211548,6.335429027490093,-3.3793731115774577,2.7928670031512848,-0.06487282057470445,2.69520562080376,0.7800514487203394,-2.3907014938808135,-9.51816619989353,-3.4117709853144262,7.525261068294583,-2.093196709662215,8.806833954048209,3.576519586508555,9.049721142719946,4.9276549700147285,0.9903604477493779,-3.056091886736927,6.945506244717205,-7.318932849615754,-7.147764855746415,-2.404156939171747,2.0366036163443013,5.718481750042692,-7.029625715745047,8.241233224615161,-5.283982749954976,0.10939524230827047,-7.529350639109486,-6.695287489497128,-0.11151657913156932,-6.272884379571133,9.646639973508346,9.785001633026898,1.4443024431265972,-5.6682692551378455,-5.630720194438683,9.793126375988951,-3.9145956353444973,-2.571739847768118,6.753685256702461,-9.371037635829815,1.0354478761376562,3.0526380278480314,6.942294592178271,1.0319685477919567,5.831057668934108,4.163854272556023,4.439549178658591,-4.291364645719851,-0.4891988715409248,-5.364594581149382,4.187449623511814,-1.9971779831888732,1.013625584177083,-3.1832497343056154,-4.079341908235006,-1.7448835073590345,-3.2494003619275684,-4.807210996945317,-1.1387875202787185,4.83417857857118,4.160615152628518,7.0147034611393835,0.05872720091098138,-5.556477099492678,3.864391910823306,-3.8262617529843457,0.13361798200815045,8.058110460546196,2.1786964766642853,-0.33170676444258973,0.9220839660092217,-4.211165133033714,9.723215081126614,0.7847558446927323,0.8699321350664277,3.7937477134366837,3.170491704154937,4.0869937952574364,1.6987309141527334,-9.762951638894005,6.17022093292238,7.865459465866746,9.803144007571618,5.009494190592589,-0.6012558879031147,8.538404275039579,3.4837292812265286,1.4841162650700124,-0.4949736076264255,-7.559897054287177,-7.787494328641909,7.916247273525666,-7.149658968636299,-2.2168882132892653,9.195313517142043,-8.394994163553026,-2.8764209821463833,-2.6498391983527174,8.261981111177,1.8714485771041787,-2.174822446094198,-0.2503938201670426,-9.368197113737295,0.4005466887501523,-7.394144111009906,6.466385636551436,5.496287294961846,-3.9056038951359344,6.785101753904705,6.2189416113533795,7.737452040550462,-9.397719715743722,-1.643762742071857,5.0422712039593005,-3.9417460174426244,5.058457936933996,-3.287294141772053,-4.307754218849107,-2.432393030116242,-4.55429122747921,1.3400849430233528,-5.299091647826888,5.435129768740088,-6.636951639680815,5.104653326909771,-6.865435665869056,-3.7234032204146628,1.8646612915004628,-3.401460827699294,8.679987873133584,0.7275444265050002,-8.994995668943758,-4.600113642612795,9.842739583133106,9.844247999817366,1.0002266734130938,-2.100785824135743,3.7228646004010475,-0.6458832470243046,-7.707594783197907,1.687294066348846,-0.48156267692153065,-1.294998966230036,-5.583499151936584,-4.804680231912053,6.763599748698226,-4.351199905869354,5.188941803519755,-9.434472251649744,-4.377831277213458,-2.0042214350310132,-2.7097217880542175,3.674893102860368,-9.099686072152132,5.50000805234996,7.194100780191288,6.834348375276491,9.29186760969555,-1.8882984346309435,5.18994070715811,-2.3077633615566455,2.868715318862698,-6.390731143062087,-0.07809247307925204,1.5828024715991074,4.635087982728356,-8.043690052619814,-7.882317718181751,0.28099149380824784,-9.055023045967127,8.424458273952112,-9.787971384490008,-1.6247502116150798,6.577850317375798,-9.213886840356047,2.0760610202268523,7.624876922831167,6.686457628118649,6.05258618121962,-6.120234147589914,4.181955378039373,-3.115502576985927,9.391817558932512,1.4747422531270686,1.799144524017084,6.259951267020821,-6.897347149323679,-2.5647959228688304,-4.655563754835777,-8.062672666583886,-7.485398354065205,4.363127920375209,-9.044029373845866,-0.09677600891734883,6.882295309357794,-6.679646301476412,4.789609538612789,4.978066281855407,-4.03267311861645,-8.921855536592993,-4.106888630096264,0.524093248129418,3.4210024146655176,9.533311550193872,-4.2463770706157895,6.53160198131442,4.815386430770996,5.38217702258709,7.077969586863645,8.52739169871758,6.4252260778029004,-3.762688822278914,9.940685448585725,8.23019998916569,-4.142279355052105,8.917096642321393,1.185197716984856,-2.4505711155325116,-1.3413521842489047,-8.346461997949604,3.454225787190886,-8.58580464164956,4.856071441733782,5.601481356830211,-8.352807677060927,8.490746415620528,8.389733339152773,4.007655841877799,2.7981003828523594,-6.229592031939777,-1.2617718317188142,9.633663849593127,-9.936813327465956,-0.8013350060302233,7.839732003910708,4.293356769641134,-5.590170571514557,-3.774225153459689,6.605439839776853,-3.9202253570307732,2.316609862289882,0.9883330790629596,-6.740514252676249,-5.256020910100069,-5.328121221008654,2.4330580687931658,1.803976696548892,4.850621782181989,-7.659568324237007,5.3731378944378605,8.459912773546897,-1.1942073478414539,-9.702972923262605,8.576110749675582,2.343967259065332,1.5553199206768031,8.480969134984672,-9.344889197673414,-4.130476240242951,4.170300527985107,4.529477791386437,6.816480904887371,-2.5809904651293785,-8.819466510938664,-9.275959601576563,-4.1515944109409,-0.2548599565984695,1.936096346967604,-7.181068644515474,5.577620137389946,-6.553283492011679,3.2339593064049748,6.777417917873855,-9.56501521070469,7.399598680066571,-5.193227382434664,-6.256722192600652,-2.969827344387907,7.832639293377859,1.2158633075357734,-3.130761404999422,0.5852292652715629,-5.994441034312734,0.4187640115728506,-4.7662355191384815,-8.808284737682175,-5.390443853548557,-2.3493389929089776,-8.92466775544133,-8.910715726896658,7.3198359949062635,-6.094815684478226,7.111895033147878,-0.604289367757108,5.099426855497754,-2.95425271245837,-6.2742509847083845,-8.943743844171014,-1.8898104654517596,-9.478498645009147,2.6244322575135275,7.996916942767182,7.45742257537373,8.864767366468506,-5.066544057924036,-2.6777201442487097,-7.987234294018927,8.996121495169977,4.1072657378488415,-1.9106662635807563,-5.696600553150515,0.5001454325749872,-5.576388998186417,1.2053634947587142,5.122610835711075,0.7256910697017656,-7.620934937442754,-5.420496203739962,-6.705159654290496,-1.5066132079878898,-3.18769878729176,-5.52935553442802,6.131016470892789,9.171575805516962,9.879694980157367,-2.8787243443171606,-8.298709363694936,-3.6462114191566153,7.1415583480730085,1.9436386601478546,2.1510511676681947,8.246195221537906,-0.6323944955366265,-7.511967725154383,4.146324386826727,-0.8134142239085236,-0.8264313804064667,-9.138693389893621,3.7957583219069306,6.471846443421867,5.8928361509831895,-4.696110952723071,2.585650498394818,-9.241491748329686,-4.614145810863793,-0.537265529765822,-0.20439077057016775,4.650265695859993,-1.7194981443874902,-3.288822113911591,-9.801947870586467,8.562583317647423,-4.797677881245093,-9.009333520895451,-4.496331276951853,4.8484912617518,-9.382260803680841,7.23950106892373,-3.6517532123518066,6.666801902865835,-3.370245848057756,-6.732206916987167,8.325400973188508,2.0502113421899626,-5.18275014079804,9.496992040578164,-8.082056558119671,-7.667645279703981,2.3151238110291033,2.0351781811581393,-3.093468590185404,2.278642804613437,-9.088768608602539,6.651051342013567,-4.022079105627993,8.85384204278131,-2.093146324080715,-6.469232183715878,-7.946669084821845,9.444772392562545,-1.19060368727623,-0.8828381467771784,1.5451535502597729,-7.841524680376544,9.748884024253869,3.3166176434248698,3.626774919557745,4.20428013875344,2.4383102602480218,7.951374462146003,-6.795591117809572,4.074977917411731,-9.43951172794839,-9.514237589818126,9.930099338187084,-3.6216090192835493,1.7802604812986562,-9.882462083882178,-8.730113342229025,9.094279104466374,2.0626090018885996,-4.980255684345343,-5.957635738131348,6.869871326128646,4.983148686821988,-1.702344796618977,-5.539066725725716,3.9661550994898285,-6.130407901873212,6.174103714706877,-7.552623363509337,-7.8517880137582825,-6.959182206104655,5.62096333115845,0.9480859524351608,0.6849892892753022,-8.288504256062907,2.7006498006878275,-1.2323768125963745,8.319674846420845,6.016441528538557,-3.0420311830424023,2.855494699633745,2.187129624094215,4.291107379324629,4.803521930169792,8.958265245613472,2.9287008400362957,-4.761014459023494,-7.550941318316752,6.14759461672087,-7.480428073717649,1.7707036775841534,2.2484234825440517,9.881774873126801,7.338564445385639,9.004762819334967,2.5698629155120365,8.342607970925922,-8.807854459996376,3.7490787168929636,2.256139325951729,-2.8744412669147064,8.670751504209697,-0.48087539451700323,2.198063318573647,1.35401542921816,9.019835294190376,-8.359079538218033,4.9749543221175525,1.1233524296631199,-0.9744798190671844,5.50568767464862,9.821241919297712,-3.204999516848181,5.330546485479973,6.912503266654891,-7.124199428643303,-0.9398211037404263,-3.9494927748096798,5.267122997973248,-7.5434773644547315,-5.474588352619902,-9.634659552462455,-4.036387763217039,0.43239366762702147,-5.734099617670372,4.155664967969203,4.249915220860796,6.123596385390787,8.114761402145575,6.203744782152619,-6.089167038329222,4.999143905339654,6.926622580767784,8.029249496989152,0.4735546723547941,7.005072733598979,-7.974490814161037,-2.53094696163493,1.8267121918242317,-7.574052546206451,-7.7948091046376256,-8.106564156976887,-0.7661462832269823,5.891092240205449,3.269126327642269,3.733322317775551,9.528704946014091,1.9680595918969281,-4.42441216047361,-4.656632697389076,-4.4600960661949145,5.922594488353477,0.6248948362017277,-7.1766542334709555,-1.0413862300997714,-3.8475788037124126,0.2154963943669923,0.25060522496501925,4.4415902157581915,-3.8205297199644868,6.8428238490013555,-5.147100537899005,-0.4557829742499653,-8.496783756889212,6.694403493412619,-9.562102762301148,6.086630431470404,-7.9817164912238585,8.291094349161277,-4.6757632137689615,-2.152365325247616,2.931159667180383,5.0643697953143345,9.980528605986688,-8.148974012955204,7.9356589745997965,-5.260248920495059,1.4487129714513571,-6.9116248651260825,1.1983176340799169,4.127715364708063,-8.879274308936298,1.4493578016866557,9.670716408169714,-6.420338642633254,-5.272982275581473,-1.3318926613421347,4.652639730522543,-8.747777204191777,-8.129541272668142,-1.8373611075853074,-2.1924749409541144,7.742689840417096,-2.8316518085580107,-6.887593428849945,-0.23723355453376982,-8.315355498929407,2.5029381894089155,-1.8792468422948012,5.750542674683503,8.522250685547895,5.805726610103667,3.418434271630293,3.0571894814449507,6.758614534751729,1.608348765184422,6.440985011813172,0.9008320694575378,3.620575568925881,3.1871696042519844,7.283011695905895,-1.504569780148607,-6.889504695493489,2.478836162334069,-5.438303534215308,-7.568102702270503,-1.3787939482550868,-3.2079608879775545,4.6924410761898,-1.4854746489566821,-5.0776260927577965,6.201994249108186,-0.9686691531379239,2.297106167941255,-6.375340772865943,8.656514923417433,8.982155175481982,6.500231385791423,-6.126229720245641,6.4471217789424315,-1.2973592652609085,7.873293162464062,0.3753488728360672,3.1899454803513123,7.895387727421273,-6.81082680773895,5.573662958753832,-4.359384573761471,3.229202610603627,-4.703285232258374,1.0973008709925907,9.34288940267852,6.9875535333996055,-0.962973380379637,3.619810078280965,-5.235374628498479,5.307220667405009,-6.18155258297935,-6.800357645402757,-3.3359584555324524,-4.009481102513095,0.4965189351890231,3.726999168495361,-0.5829805310563625,-4.805149260111731,3.5150759964053453,-4.579855555606098,7.880645453711082,5.364721412786137,-8.354777517521066,0.7516956507800838,3.7406407043528205,-6.0674415035880624,-3.3906249779299547,8.77722448486212,9.33161631911728,6.23675559140781,5.5454989570161395,1.0336170654473094,5.814458609485282,1.0746070311814027,6.12504579306481,-2.538491092708499,-8.945399640717369,9.520247434141321,1.5200099004576195,-3.006755027163541,2.41499903571407,8.801886490857754,-6.838724640392268,-1.9724764480276757,7.47910747308509,8.663678716329425,-5.007356554988882,-1.6265907990538775,-3.8353347521175856,3.2856224941062973,6.394125581238697,-3.9392542313225265,-1.1983113587852827,-4.149702014662459,-5.920072790272588,-5.32186220435759,4.612766977839144,-0.219343043493204,6.099449202202923,-2.1072554286187213,-9.946707776673689,-8.929909428086587,0.11921519418783433,2.8349415247608363,-0.3134839541474239,-0.9518206032637995,-0.6808795755514403,7.947193515659592,4.713802209369298,7.433165852237057,6.254674354198837,-7.207087137750978,8.07195553669165,6.872674195925111,6.5784892608388255,1.0816251128172212,-2.9806612710978193,3.3810896445601415,-2.8970275726052623,7.801836765196796,8.209474318308953,5.047170491274684,7.138156087863997,6.5217293241543,9.135584272047296,1.9669679822088462,-5.1260092101682675,-3.51636661522668,9.491260706627735,5.962048815329835,-2.6754089823374656,7.390522256915499,-4.53256190733649,-8.5698278939519,1.6935077633926134,1.8010798557365888,-0.914876273126433,3.913338138982919,7.48426065118068,-7.403165474941009,3.9122346185378998,-3.2973639742560845,-0.35183926256247844,-2.9345265322848713,3.381307162784717,-2.787396299809945,3.1263152118845756,2.4814615065326997,-5.229769034218233,0.3127153596335237,6.413731329936347,9.788553427237371,5.917266608780501,6.193179136340785,-7.558504158230896,8.743429930912423,-3.7756443868906153,-3.548383545348961,-4.609997682894063,3.481566587299847,4.6786259275742275,2.161308012063582,-8.979719796717312,-6.781937703583301,4.421785454392573,-6.498431703784395,0.2930960073286837,-0.6399972612065774,-3.886621684530507,-9.910666420252344,6.8325170265252915,-1.9604610439240204,5.303226979707283,1.3917827904082145,2.5714535822913493,4.636575008866439,-3.765264503028545,-0.4351891110875332,7.33235364339215,-0.06211585142480658,-7.242660014900517,2.9459012318540516,-0.887535267610982,6.272630462340555,-4.386856977927039,5.70045972124354,-1.7035440098213979,-6.678870584675629,-1.4040530392473354,-7.049262517944703,8.186756282189812,-8.93708660016635,-3.6453342346970423,-8.419213551822377,6.109994318053403,6.104792148889349,-6.495976870841929,-0.8089674987009214,3.7771992925006437,5.757424943985628,-7.558552342686273,5.865267253080102,-0.1378655176675352,-9.149093014431438,-2.15889028429541,-0.7276750771051628,-3.769212466343637,7.9655391614299695,-1.5651550172174247,5.723408572412374,2.6749355919632976,0.3052870939768937,-7.0992411543664335,-0.6502312344322903,-0.3525483565005203,7.69319683728164,-0.3265714466520837,5.404958722864581,-2.3757948640001203,-2.4930857048707944,0.6770963027861381,-1.5805989442271446,-2.6696199530035214,-2.0529750019756925,-9.82664541861702,0.035738338147840665,-3.67900867309217,-5.426137431101079,-1.2969839363059847,-6.2909097704978905,5.913244764469779,-4.458306657888588,5.038256353782721,-9.346669746566068,9.437344388138438,-4.993013673297078,-8.560832193029098,-3.391346185077804,-9.908191315727237,-3.565938342408499,5.276188171101843,1.268774083133092,-3.0508769905679856,4.2689937430515705,6.798569428587609,-8.088662703790305,-0.9094100084419043,7.587904604923196,-1.9594645611745793,-1.8976759225644368,2.4160859521163474,-8.835652166074183,-8.86514109295463,0.5065200576502313,4.988995403238441,2.1006236155078906,3.3463866557410995,5.573950317714083,3.1954212935028554,0.4315315228498413,-7.540327475130431,4.403202598147056,-3.0105440774872694,2.966041095782817,-6.745229171603702,-5.719421184200975,2.803821433774223,0.9764218200734085,6.0026948915291065,-5.4525936391664835,-9.617937543632962,9.38641902202216,7.487005836951052,-6.38876906452523,-5.340053226509807,-7.613525897576006,1.883108179462143,-0.37967160281879586,4.201620033271983,-0.8420797922997671,-3.2591140068179847,-6.713078394099017,-0.2582567568614209,8.529958430627232,0.3706104380042454,-3.4754057940531418,-4.805814041889609,-3.996937318342006,0.7869144080738337,-8.116416374109265,-0.7948103028282354,4.396243491696177,-8.813570467136913,-9.833638072541252,8.693304005911749,5.454582895629553,-9.157305399737945,-9.508450163008675,3.061317686532444,2.212367348284527,7.149100244408398,9.155261975107873,-5.72755670995633,9.449546470276566,-7.7229487193928525,9.304365656166883,-1.5249110535764636,-7.909095348767843,-3.038222006174527,6.077948050956053,-5.240686557675788,2.7214231422231023,-0.6718593823457812,-7.816313539098543,4.782337870204156,-4.23109917703163,2.889747403768707,-7.560280025454107,-8.922875889401599,4.32216982441869,-9.959320141538267,-7.713190392327077,-6.413381244017192,4.099000455529335,9.092095168229903,-0.4635204429493296,2.9564522970967317,-8.528454902184244,7.885938230356363,-2.1384600619318466,-3.747211872844474,7.0552873667378435,2.0635624222223488,5.72132614929934,9.300317977151508,7.2213173179472605,1.3645680293473639,-4.265173415613219,-6.845266291338334,7.879475936975581,-4.654131043931827,-7.189044677269402,-6.980247278397462,9.185425016814953,3.718605607889728,-8.17487170973843,0.3015790531008662,5.36385981096557,-0.8909378222955802,-7.124337969987236,7.265272709460557,-9.950151808500308,1.4581308337251535,2.3057659399657346,-2.8462930485784437,7.773200155124197,0.5685285390567589,-2.7610358758503235,-3.1624821381346857,6.585909015455972,5.496060424052505,2.744851042496917,-8.024364218576821,9.487867930808221,8.388724786376002,2.8469288654571656,3.4527380552632607,-0.4660359408378909,-0.030943035059108226,-7.970022464056868,-6.192243511092119,0.17772959541342281,-4.843073222405172,6.877907317878332,8.721735597660537,7.842889181381587,-4.481780704549411,0.0014969087805933867,-7.131898205837639,8.850786382560102,-4.047847099166559,2.5550700248256923,5.641446990626024,-9.707402575402355,-1.7607109738196751,4.09495759263946,-0.28800890185890005,-6.664643894605964,-1.6221695557396494,-8.881920490089549,-8.939001657449905,8.31081253041964,-9.313268293701986,4.680988415319833,9.197277742701921,8.743602612659636,-0.0840058227480629,-5.782442345389285,7.540792046872781,9.657948333281265,-3.663628225723339,-1.686448259888678,5.71343165196491,-1.949314225352495,-0.1424968218019309,3.876632813318855,-6.312739991300211,1.0583316991322,-9.180866153821537,6.002924181665318,6.547548469173982,4.697344945277154,-5.917007372041752,2.9224499617874358,8.924220396404014,-2.670781460977807,-4.51222241943785,1.344424030679665,6.267001714207343,-1.5536465830884438,1.2497642572976524,5.043551058791525,-3.261048204982133,2.9332433291672704,-3.1157517703032678,-8.961188541722443,0.41635719809408833,6.8946398148037815,-6.760054432255862,8.585993585716189,5.011061648498195,2.3891975615583654,4.809213993403425,1.0846386224536175,-6.047012052521945,6.5218650542324355,-0.754556377546777,9.126473957356666,7.310427078261107,3.5690126570984617,-9.470134979499568,-5.808304653117733,7.516779088094026,-6.476499709956888,-1.4681734714977495,5.610162683587319,-9.70257422964947,-6.943576379617193,7.4990124384269095,5.279912891860528,7.905300324361292,-4.029576421642805,9.214580181897826,-4.595056355397659,-5.4092422622123255,0.6578170727989097,7.427817980132168,-8.687934471379988,-6.5272936653004665,-7.272064754132284,2.423062481353922,2.1970238138977933,1.6792396287282525,8.676693995165973,-1.3203307297506548,-1.9576855773903858,-8.88215180764514,-8.579299620181702,-6.682673367521367,-6.07855994691551,-0.1730172394297984,-4.83801399614989,-0.547575181389492,-7.903035934720886,5.291001487967399,-2.0943070446868672,4.01053707342175,2.0931222171160364,6.142363800073326,7.935687848917105,-7.623417633352771,-3.1913723138231553,8.536858470510026,-6.628467781095225,-6.444965697128115,3.913539937696717,2.4318103963753934,-0.7279187294722167,-5.505705154531359,4.905867699936071,1.9287647603433093,6.680638214396836,8.7582773964435,1.6030461762013246,-8.583950009124123,9.950851428601851,4.640305502406665,2.589465255762466,9.573456669107856,-2.724609384575727,3.6964396229851904,-5.531699032163502,5.3339015990778975,2.584428802954852,2.0351976339335014,-0.5966852656173742,-0.06346412780682797,3.1073912585666825,7.860485863251988,-6.8230626385728055,-0.9154984410087756,1.9035358918836351,-1.7677852178929818,2.006436152969979,0.8875663468369055,-1.3469731011063217,0.9934251480164296,-0.9301789700575096,7.302155982360773,3.7586444818818947,-0.5425088470413097,4.930976165724989,-2.717984549623891,-2.79029510584661,-3.7673825433362396,-8.375906877531493,-0.4801141929358934,9.852945602214966,-0.891948270384546,5.4596368202446115,-0.24800521621256522,-5.589317545566843,8.369269173047641,4.885994211093493,0.6353169279550883,-2.6629046438415793,9.049724388010809,-4.044477918690226,-4.816795744075508,4.1942655678520495,3.9948647018964465,-2.987021801440446,0.9312143928425698,7.336070547548662,-2.378706226236547,-7.041187327469885,-5.906614982105234,-7.676893251645074,-4.3432538579278095,-4.394814039214648,0.8959859337780252,-9.090693520291076,-3.246536670492162,-0.05837369611348997,4.459100711996719,-9.83656809832161,7.035608818903441,7.88736787633545,-5.561835654830684,8.66912761566006,-2.3694087334504355,7.2350641708852095,-9.718417455659418,9.619940141778592,9.825885473539529,-3.575320209840431,2.858460574826738,1.6908677189880077,-7.3197983893430685,4.588161288844395,-4.480604579461563,7.256003354539253,6.42680641003783,-9.238141178610293,-9.73415083711963,9.28457383666116,-0.8761683360415535,9.861018993608962,-4.131244220317873,-2.8202601987504234,-1.2274046051200003,-4.921545923782618,9.523290359118842,9.996029752941634,1.273288251224983,-5.462709945498572,5.779904433985672,-0.965903020272723,1.0467057048903978,8.439415727391385,-7.2537427833652,-3.8931552529110336,-6.552321264069523,-5.983736276279668,4.2803548463959125,-2.988505357077649,-8.626462515009942,-7.165412124368478,3.533178835024648,2.7221233309581887,-2.7328684896039306,-3.3854210528525712,-2.0848945107092405,3.965983493483435,-1.93513103224792,9.77596997151046,8.293038274693465,-8.307468941689134,9.225440782768995,8.895390945015322,6.158320350875698,-5.340180761216303,-8.18777811834114,-1.214775779061183,4.746074983335188,2.4795698930427825,-4.402043317109328,7.2466852047395705,5.905839698776067,8.862747753503527,9.459714487115416,-3.887263306713951,-3.478546193029337,3.3168662428966105,-7.430995700942162,3.1403978172077522,-0.5954297597042331,0.35871891528849353,-4.33853839716649,-9.044708284997302,-4.421525904012786,6.598434434183183,3.3601529506435597,4.228866415494274,8.514484431794706,-6.610865819579297,-3.170633189388992,9.156556926836352,7.382590126761585,-9.239177026170038,4.974867539037007,0.9869516359975989,2.249281076673327,-7.161314088589097,-2.4864829084187567,9.52773478500248,7.334833587704953,0.1491857834580106,-9.522574677847329,5.673014016459232,5.970728104162717,9.41462483519921,3.3568304345150395,5.370175966417513,-4.2711463856694,3.911095495319481,3.2510779896942097,7.403398870193424,-8.571023711319084,2.0010320049657615,5.315054898663725,7.274326571435129,5.8151049383008075,-0.7743188410401114,7.8915215372215535,-7.0276135559565915,3.428061102678887,-2.6612334247476843,5.927604863902809,-7.532065170762046,-0.17241040199608193,-1.0649383986613081,7.236195693768693,-1.694466092496052,-0.874571117008367,1.001874588321856,-8.617798559321006,7.190850110080355,2.9508907788042205,8.29067301462339,-7.109025972983368,-6.179680281383256,0.19185917814929887,2.9379657361407077,-0.10005178386960623,6.652953815759378,3.2489133916264024,0.2549582253532314,7.296901208932546,-6.136755674202313,-0.45283914285403526,-9.642882461087929,-2.1220551659946736,9.552019062695695,5.3441883466247475,-0.22686787178285428,4.62155567221137,7.9783992627063185,4.486350458596785,-4.526642627768334,-8.645798747009115,-0.18208132332287974,6.8332516244068735,-1.2134977684258335,8.622108077208964,3.005260189023428,-9.948221288855663,6.831379088135158,4.361776562544325,7.892577278175384,-7.871800469922654,-2.944445749838871,9.291906607106466,-9.981546635354645,-8.161263850201518,6.0543956536148045,-7.072785144010809,-5.942197283299833,-5.910448154042445,4.459331477226433,4.561796028941057,7.194480845007732,-8.064655366238615,-8.499601280349154,5.859260803960829,-1.4406504080039007,8.496135922816372,-2.8577562185543837,0.6111418595733582,3.7574308479779557,-8.667970458482298,-1.0834331629794995,1.4492065496426694,7.137951808276544,-6.0969181473031036,-9.647799085002669,-3.4486730720208314,-9.946892118238882,7.746976750215918,-6.138000759835731,3.7278740603003317,-5.53785304918605,-8.82273783764871,4.855162545145049,8.922707206361306,4.462569017962828,1.5413064415875368,-4.182931880965821,-9.507620413413242,-7.435082812805067,-3.2228457152810392,5.159330435170084,1.5270057024400288,-0.5013188044480721,-5.72004680965704,-5.79164600383689,0.8159337854740496,0.7197292217003834,-4.979237241120195,3.385531984964544,-2.5586322309981107,-6.785080842257454,2.418683924054008,-5.450387980351188,4.785120975404073,2.7372501017538315,1.02291065895308,-6.794274095472613,9.465826564775227,-3.7744110460755014,4.244486104895671,0.26925210524757937,-0.9866886083218063,-2.2035812903081737,9.426088858179192,-9.886800803275008,-7.632541758019357,6.002326455147021,-8.017632936030681,-9.853808228243913,-2.9276069687362334,-9.114375843040927,-9.248860633392372,6.4453690219484585,-6.508808724758821,7.383967357736868,-6.510270069482278,7.790307078373708,-1.0872646048954504,4.564149915297083,2.688257160732764,-8.380031145614852,-1.887401289042792,5.406772434727916,4.428571434976778,-5.472707836435397,-3.4172331774093863,-6.255437204676719,-9.90056075077799,7.81438758587494,8.290995501435702,-8.891593298673804,5.511136918813753,-5.200430344071309,-5.438781692748488,-5.646417311312315,-7.827598210741549,7.863442893430445,8.200064898776404,2.163569067924394,-0.7749252001883651,0.3380104360312668,1.716634452368318,4.697529168629774,2.0282706812056652,-5.604932731177912,3.2066732321663327,4.497076103831024,-5.6750812861214435,9.858937744079899,-9.720385960567633,6.635902486700104,8.149802125404015,-4.2180531576626095,-3.727118552592712,-6.735708342135782,-2.7423993166908422,-6.034463344659475,-0.668451432706556,-0.1905420076552531,-8.924528505527217,2.7965678610153883,-6.4408613478030174,2.360903784065014,4.114038935943498,7.324187327336759,-0.6501580418533752,-9.266427882159075,8.75982416756036,3.2900272566948274,7.336339774065614,-4.214718990891599,8.310980543541916,-5.273863848695841,-7.148302036607543,4.356410018776717,0.21876785109664354,-4.241879900678189,-3.831428773960055,6.784485060028864,4.3413815203316695,-2.8281030313423745,5.075400828043762,-3.3502661242408482,2.172666298599209,-8.34918741212045,-5.439719105549601,-7.170995389448924,0.08624104217466311,-3.8332838131526614,8.986789279109182,1.7095695888406954,0.2618994135650574,8.3773840750824,8.777861227777436,3.8203995406012954,0.4068133574963113,8.527088595227017,7.199206186557188,-2.7835614422206874,2.0758457664030345,-9.953611842466918,4.907075270349619,-9.405464847751029,5.081119660796601,-5.903064081782128,-3.452582710531824,8.079472022634697,-6.89860402164568,-0.38046657816065377,4.2657516003276506,-6.52176581109911,7.814914643807981,-5.11879105112635,-7.088149159839869,7.255632429770017,-7.257581599152347,-5.503727646568044,-5.233911841816732,7.932848640688277,7.781869636659792,2.0015818290267475,7.161237549207044,7.807996565352834,8.344976045486277,-2.729120699059786,1.6172257310224492,5.778203053879956,-3.7843919751142856,-3.612358940211502,-3.2125960372089573,-5.096715229184388,4.009793048364516,-6.182397517668501,-4.101887733614329,-5.456504298860305,0.666284593452005,3.344980299973896,-6.546901477016163,4.514367062740112,0.9320213553517593,2.521189397986374,4.124351743562171,6.944543516215191,1.352543322447568,2.69305219675031,6.945644764460273,-4.2763638932854064,-8.441077161098459,-4.7482519493587105,-5.299343548462653,-4.942643295261908,-5.4032766796065275,3.458234769804003,-2.895324909690709,-7.232340009208206,5.563093047613506,6.522404302715962,1.7333369769121845,-3.8608245380123236,-9.584644399228202,8.582125829999729,7.287415490026778,1.5515919428249383,3.9976266985572,7.9908425453782606,-0.7778268108392723,-6.323467723090818,-5.802516792127898,9.304191363489668,4.235328120846225,0.49946187458681734,-6.569640023518808,2.663527376242911,-0.44506307290017944,-5.384649956314238,-1.0645181338356373,-8.69781249454785,2.4453146175791005,-1.556987395767969,-0.11621362088487786,1.8622180066745315,9.419575204273873,1.2231831985386155,5.594752178158931,8.177230368051816,3.8157320299291904,3.7889558222690116,-1.497436584294718,6.689532845862789,-7.883840440533236,-3.9695492321025894,-9.688153234268981,2.208802169601853,-9.213949808634212,-9.426656437788651,4.371148511838829,1.3440676397082783,3.541602874836869,8.680904123205046,-0.9873098296046852
4.251347144230595,-3.2175815605991094,-9.613485626159594,2.9904755792771383,6.798871129977254,4.572657101051686,-9.660057148980313,6.35384345114154,3.199195642979909,5.82919988506999,4.2311777306534495,5.096189356534108,-9.06300515236742,-1.6947628810474225,6.683819680195338,8.81434415066095,-0.4272878747900162,-0.38457287630711257,4.866533910563584,-6.638527694850421,-1.5015517872223505,1.9982964752728023,3.8351611157986714,1.4118729676547872,0.2418098726193918,-0.019856553435612767,-4.87259079641571,-0.9957818996309591,3.4687627968032615,-6.254829391864667,-8.208123330249242,-4.2320606410051775,-6.889452242954823,-6.7246765801954655,0.8185065278468517,7.267382234050306,6.033206877319898,8.66256641143918,7.12276622799105,-6.805623811148815,-4.919912545351632,1.0192626265223375,9.542910075981336,0.413816550310111,-1.006816547606773,0.6520030043886251,3.597195912189477,-9.558394037374356,0.3649382902651759,7.638990367253879,3.4641117328980755,-0.6109421100015915,2.533604939122281,6.849800166196694,2.611560711274617,-3.4873682498765124,-2.7723373641604248,-9.185518917525961,-3.8527620708730437,-3.003386972100599,6.186099986825717,-0.7153067110776963,-5.575460941156649,-8.126426244105417,7.230268773272432,7.198124340725862,5.540141644202368,8.08467813186735,6.174256874438033,6.5317806611215765,2.591589589722034,-0.195980895184384,-3.176852287921186,-6.961348324542824,8.236100623770277,-3.330582302020815,1.1825675372769062,7.558407054804412,1.6633065643847154,-5.356643392736855,-3.604035803680339,2.8936486839140585,6.9543709747004385,5.927439811609927,9.694674236769092,-4.620520829956969,-1.5154655394658167,-0.9442797717543243,-7.970944502498525,8.932807681822634,9.82400633753183,6.600957414878319,2.552566049149652,-5.730186981309142,6.7065809853668235,0.5525123090406794,0.6176620528915215,5.3119980019210935,1.9461398396790646,8.468915010056474,3.068201408534488,7.552798531763511,-2.5049743213886844,5.780104422771826,4.788687737018979,-9.277197642761955,-1.2373053745147704,8.911382273252986,-7.250685643424384,3.587769023671072,2.0660976215756186,-2.948217525791261,-6.101747621125629,-5.425871073870665,-1.3841040135070557,0.18554843218021233,0.24903736675653576,8.351030444021188,8.893226014357747,2.117405825753716,-4.278896238389169,4.387763133942338,2.891638242163161,-2.6440993112286897,7.824858854866758,5.323554364363126,-1.9023432006905505,-5.739585273862396,-7.128568966751079,-4.970779353466077,9.52858422595676,3.357265397678834,1.030276602111167,3.1624350910538084,-1.0901478212149112,-0.6890283223535381,-8.770308835297877,-1.6144247965784082,3.822022081797929,8.122756819167527,3.263170215114755,5.211465318409076,8.111240305313284,-3.7015689322095717,9.868543856877977,-0.5982925610857173,-1.9382099787046236,-1.5773579424632551,-1.6021563030551675,-9.442405886268265,-8.80672132782083,4.190355215009916,-5.710182007144562,-7.695202826066605,-4.072024115682609,1.6860210794116384,-8.880606804047888,7.872469494838917,4.223049730944947,0.9362008721400414,2.517496240219824,-7.864626850257499,-6.797595633632827,3.394364731414255,9.516058701107418,5.71357891155653,-8.075963235432766,-9.126419280382677,-7.940052196365794,1.5351322299751242,1.058472740802035,-8.898020621557405,-3.3946138098874146,2.1466643032607617,-6.499189903250684,-4.069342222106758,-3.34280372988895,2.663700425889786,-4.907097552709969,-8.356292917449725,1.8981608664757417,-1.1772754941739993,4.270460932996823,-1.3203963969789605,-0.5633884135359466,-1.8873406794011398,5.626848336223551,-9.200790290211343,4.491030454474652,-9.301779788509544,-6.748881821201895,-1.5494796671884323,-9.398816544457505,-3.9405643794600698,-3.555904197195579,4.808140675835759,-9.336869306877313,-2.808353776735344,-2.1185073211994254,-3.945092018820988,6.773372345618341,6.821100097218558,-4.282383606034044,0.30429359211827034,-4.199106944145226,-5.357840733527642,-1.699950184975151,7.397225542339466,8.079400011873666,2.409194949810537,-0.13964855447011537,-3.8707911955531387,-3.8017539282601724,-6.443746064646043,1.1906121398122131,7.8869460187032345,1.0080885335011995,-3.2779445579727406,-4.152089304302498,7.347539174316633,5.609158179306945,7.512056118968992,-7.896904962416538,-4.463268188005232,5.110788051817174,5.731737945854277,-0.725856168168713,-0.7055412322182839,-5.033488511272635,-9.19986538938012,4.546543745804957,-2.1855577453339903,1.2801901136600673,3.6432865351997563,3.7536586794042925,5.503381842097241,-4.9197650746360955,-4.10669607413046,-1.8223086072959447,-2.8006269985135557,7.090945769289078,-0.7813418961895735,7.322051928823633,-4.266301440972757,-1.7933581421128473,-8.444132093940773,-3.810462062842519,-8.529386164533019,1.7773988699450438,-3.2591624585610095,1.2494673339987337,-0.09245716346717181,-3.739896030942525,-4.037845236674422,5.698232924268025,-9.968415421578898,6.897557734611503,8.824477166495456,-4.767116830757399,2.0741534682933533,-1.0638537453916044,2.354669740361784,2.0927977920501384,-2.683520012240459,-9.223684562710135,-3.1442890657007787,9.11485643248523,6.312333300943646,-3.835960547558628,3.408694420203819,4.51170480755356,5.501532561832509,9.407525596979806,9.343898067083547,-8.735957108182166,-4.254603456920238,9.887434743969116,-1.0163508950702376,-5.810256400757748,-4.279967234341022,-6.389138241947485,-7.271365653960514,-1.7540159612395279,-7.56693638992976,-6.191298185646936,7.514262174714364,6.912688108615463,1.848751289871382,-6.528531816003447,7.639985316721003,-1.8983341038626023,4.886833784174986,0.4627046261639549,1.2891984458779078,8.903986633510389,8.936993073539107,-8.017838367854441,-8.730504719453801,-8.142260321626942,2.613296998830151,6.005390551011661,9.503336985292552,6.8702218917423465,-0.7083093001654657,-3.0308650221120796,1.7401522826201052,8.30379643449313,9.327551632778736,2.044662333248491,2.0831449645143927,-1.2290390905828978,9.017707176250884,-3.352082994175161,4.047796484565815,9.307807989056037,1.2229474492726045,3.7290598706956875,-4.827329322585962,3.4234026681577916,0.9530794448611921,-5.737386190697002,9.197137753650988,6.014165746036319,-8.701450506206815,3.7653771375560794,-2.0377925337220892,6.583537258698421,-8.871461125800714,-2.638891143812792,0.6388633904666179,-5.1517447642416165,3.3681345174220123,6.8826361363646384,-4.620040592678009,8.410151815409641,4.007878529447094,-0.22711835736480523,-9.937337169045147,5.306370958107763,6.309324483078143,-1.1426239975422945,-8.191719791562996,-2.8372262890598616,-6.974598338883748,6.050991624722634,-4.154830758242392,-9.412825845288031,7.515376082450192,9.045689824222588,-3.273003146438156,-4.08335782984425,9.597231207988813,-6.5734525333185605,1.795844798846618,-0.1566922023291628,9.501986235200356,-5.285663424742088,2.082816067037088,-0.40099065297920333,6.322184727376982,9.758169404690374,1.9936241622817512,0.4420324801380726,-3.661411442187374,-7.2394705004946225,9.144396122013383,-3.4508964441642176,-8.312765042811511,-9.441019235019166,9.199612069376172,5.461933220254686,3.1352909196397363,1.255792468030915,-8.361306034228079,-5.970615648198816,-8.139906085262535,-3.2574582120097295,-7.195690100967984,3.481179162966196,-8.780725530282027,3.0937534000784535,1.2452450723951003,6.707452323433632,8.844331631928135,-5.365824705333626,-1.6313078835761097,-1.0491427659096253,2.248112286268615,4.289341046716462,-7.232305300248041,6.714077823304333,-1.3417265331539099,-5.1588686060583395,2.513196898361068,-6.531561781572293,-8.844431189374582,-9.84717895549351,1.6902346984745602,5.185588175931226,-7.628007310157885,-4.057222584867142,-8.773628866743174,7.526543659873713,-3.9524056369511857,0.1343753006000057,-0.4998905411733041,-2.1324196677373237,9.675605219831112,1.7778781605298946,-5.372161154881228,7.724825161639817,-7.107610441841469,-0.2790267717071977,6.264104560976492,5.885956570468419,9.322198550068855,-2.5018698566535003,8.847652303549648,-9.129408257265176,-9.98625047745337,-1.2387094893329902,7.7118410331216225,-8.199646345429308,-2.458679156057409,9.145051925145424,1.499230032315408,-9.78233737403255,-3.98422816219997,6.867634129478176,-9.198772011213965,7.456552065052151,-1.9557656088388349,-1.367179970809989,-2.5243226533865792,-7.170603894725282,7.904892881468292,2.3057686827681305,-6.929899897145537,7.02586920164693,7.285625998240956,7.561656175214193,-3.4110544016859627,9.657539262400448,-6.288783968055959,-9.807016357528815,5.974696080189206,9.48166879473601,-6.2218000011448416,0.26697515286320694,4.7706063704637565,3.035601018469709,5.55612122834399,-0.18424517767375193,-2.0123708172046157,-5.95179336879063,5.320645929509521,6.284485576097641,1.3726726765587483,-8.707449632606997,-7.939084397438583,0.8452363840458297,8.171193827137412,1.43785481955074,5.738124908424684,6.240337968687605,4.232750606364677,-4.303058749862048,3.6895708026063208,8.60289298763497,-3.215531782451661,6.253889175628029,-0.20706312155956752,-4.801081265688872,7.3914011753983,2.1579262701958335,9.673753461378844,2.533545201982106,7.236355656920516,2.273408845446207,-4.740290859000391,-6.548615013626522,2.5984971719676224,-1.910333067162707,-7.58248358898491,-6.846602892157025,8.120251014708654,2.467038301180093,-4.105133976619911,-5.512370877644699,3.4601722109705175,6.198910315268275,6.576266096189855,-7.560282055904253,-2.4212110677415772,9.059227213947388,1.3293705612370204,-9.59620570145245,-1.0001007263697481,-2.940543757617129,1.0743260535910863,-1.6774301397362592,6.661516397906755,-8.463010076477609,4.466434803581,-4.178290178163959,-4.356132153952499,8.179332927133757,0.1982537153234336,0.19318826780638965,-8.087950858896292,-5.93991047980867,9.7163829736065,-6.656129904101982,-4.057488710357655,4.985475344588794,5.739053125667809,1.5897035324969817,-3.9557085675854964,-3.7979712648123005,-7.623903967955565,8.887373375820918,-9.44806180182114,6.458879436234497,5.088918730230622,-5.092437031062131,4.725886272431481,2.8583456184533578,5.477476175209668,8.617901038914614,-4.094226879427376,-7.808170295051,-4.284226025430369,6.726823736704318,-2.125315093127904,-9.26666086870364,5.314445137655028,-5.3044659567228365,-8.699817590018649,2.944757542355532,0.17869009769354527,-3.2922260159561585,-3.9831697918422604,8.53118626859095,2.301284935368553,6.464108069494145,2.5194058555516072,-7.587195875994519,1.2624518458107623,-0.5642353457413023,-2.371736993188909,-8.486555808471003,-5.123661600049734,-1.3787440890310432,-0.9207733725383136,9.995066301363519,-8.146630447803933,-7.258854294346111,-0.5762942776507973,-6.9125071060017635,0.21323302025584567,3.356319468214357,-1.6256055742379,7.076294799491979,9.196154852538776,-0.44535938686717635,3.2799865501471377,-5.517776078447434,-5.982160719929459,5.991327180574695,-4.755867330810761,-2.9661171514537106,-7.639862531913031,-1.2677257867806002,-3.769862171334923,1.931492363464054,-1.8424272999374498,-1.0490619789789832,3.256469538604671,0.5492346811817672,8.010115402265573,7.4231506404821985,-6.467151325816822,7.818083648797582,-6.105232869122057,-2.463826492889229,3.8222450105644796,-5.911138236651423,7.01144113928126,2.049917154209684,-4.6727682624134825,-9.89455514038993,-9.685111149598942,6.610948433256748,2.036077243104552,1.7385534829435105,2.7918096530111285,-2.524487551330332,-8.314826359719232,1.7683440300084747,2.422617790159281,-4.864483237195434,4.920231319124987,6.029234615787473,1.0824833693163747,8.758852115989075,6.983624156642922,7.530602703272933,3.4440930416904276,9.41558755922085,9.101829061715378,-3.688695741372497,-4.412228956751072,3.1316268306251676,-6.234343714042387,4.640646455586161,-0.1373025871646938,6.566465445106864,-4.453892852936332,6.667046284857459,7.234958636378735,-0.6975328965825867,-5.50252076782958,-0.06066366521831057,3.2790518599573826,9.958031768184991,4.881157407578158,-1.094327496098984,-3.2991847384742012,2.544788941177865,4.817155435710184,3.127798734783884,6.53527053045768,-7.03845016747475,6.380450628509465,4.440869616580903,9.761611340640727,6.520031543218224,5.157949722521844,-9.07738643068602,6.950114471393928,-7.276709636474634,-0.6662708146798977,9.189928842703377,-8.49885926469782,-0.7245309674048066,-7.523574273765313,-3.0274596434612917,-8.15330991110426,-5.750966356176215,2.600865838829396,2.827311514057463,6.444710589046206,-3.5731360751675734,-7.2122827173611554,2.55390099854667,2.9086028522647407,-0.9472365380707082,-6.292486044978194,-3.9020907431297047,-8.256167708664105,3.284508554724532,-0.4648876818274381,7.642472907975414,-8.148810458345167,-9.142390914222357,2.53076226063126,5.889501416119616,-6.832725782911188,-2.622861043197073,-4.896497772315726,-3.1548422105632596,-3.438358808054933,1.2560737699495697,6.618123293663391,-3.01057607783304,7.462856330016184,8.551354210140193,-1.2718787611523368,4.16699516415415,-5.722909448173931,1.1740308364939729,-0.044945017140234356,-3.5560019344736604,7.9872085345498185,-0.01423596251280479,6.334158831929695,-5.114776695230341,-1.0235507467769018,-0.42202860855801205,-1.3316026595211135,-8.410668701140864,-6.685709123844774,-9.133041173177908,-6.49766687232153,-1.2659510154471256,5.549900587901549,0.18629992666167539,-2.0427507257683715,-2.2228509284175075,-2.3782210911475516,-9.874841853705853,4.183747939004604,-8.254532447048405,1.0705949477735928,-8.858608879171001,-5.413470708668036,-1.3274296239281203,-6.612819741151492,-2.143890556641141,-1.6101916269422194,8.891820600898583,8.738128856866439,-5.51878758503721,-4.933392146805486,-5.423572915424508,-1.993841655695416,2.932899624553036,8.151641239368658,-2.9900702250234907,9.19226633050576,8.632534374180732,-0.6837505569481159,-6.195112189610823,6.324836683202328,4.291728111114621,8.514998323435002,-3.8475038581273218,1.044142543113331,8.511402676636212,1.6207866309738108,6.3094071299366306,5.2379217278172945,9.525824844993348,9.056737405427128,-8.531944251106388,3.239286738344898,-1.0938157647772186,-9.479251631787884,1.8561479735746786,-3.0812845442482617,3.1786753111519754,8.36051486196531,8.552988938795753,-1.8448232341558928,4.3134862900439135,1.180995641552796,-4.039990486372935,6.470537441215519,-9.273528295424125,-8.31082534854017,0.6226294287153813,9.312417167434933,-6.082679249695624,0.15911158500088263,-4.868324428083561,1.0179880540239505,0.7751711627754272,-2.4677996969351153,7.767568002388387,-2.733117104862708,8.222671699489503,8.831773379686098,-4.2166603831538545,-6.947348773970741,9.268646149570941,-1.4754654400404021,9.790312655419662,0.7977899153476855,-6.311262453601552,-7.012481822733183,9.00316436161399,-1.0242033008784386,-9.669376983623986,2.4423915384283355,-2.830804249795511,7.561954569339996,-0.6181826455545334,-8.921230491221674,4.593085991740223,-3.697699742884324,4.104551633425482,7.009464203766207,-3.5564667314910725,2.904454593832991,-6.703314652578978,-1.431364646202704,-4.716662114290255,-0.00594183289990724,-6.069970168249967,0.7310197953169411,4.3991978068074555,6.298448543797846,-6.302198998646531,-1.6813323612307656,-4.11419151093172,-0.7874458719555228,-3.3595388559064983,-1.9136087317324897,6.720864745650612,-9.633285705673947,-4.155907381415278,3.7469646532673213,8.490866398697282,-7.919671675720592,-1.3391416519687596,-2.0161178658610535,-6.471863573102294,-4.182316910390014,7.168411627015605,1.7771156628128466,0.8037673639200413,6.216186184206013,8.047817501082282,1.6516422676927167,7.73374118841684,-8.791305776926244,-6.510181824788363,7.318996297489125,-9.377577382723853,4.223690905387333,-8.565514726287535,9.227720507857551,-1.0157092302357125,-5.3000917885393335,0.10271287535210938,5.04273934692284,9.370264920513772,-4.126883670081895,2.3474889972581607,-9.326233922460414,5.333719678379438,1.351683717274783,6.423315986843328,-2.612875714560543,9.452625431963671,7.376832856032674,7.906957671372613,-3.2866853817961506,7.191190616083766,-0.42393344887795514,7.365744037264925,6.181940035576975,0.1779664394340248,8.443749616172006,-0.06996007647072844,7.517264628577628,4.210119866510862,-5.756820006912777,3.8796342926675003,-7.867956731912928,0.6221381524195948,-9.8094001140254,7.629903492325173,-5.0813173605243644,-3.9250393644515436,-4.372917297729009,-7.419075941490716,0.40506302103908,-4.665773951773653,-2.2451561642919344,0.029897705360983906,6.18572835257666,3.240477130531346,-7.557978678898678,-6.532664833295565,3.3822336290959853,-8.629588682578815,-4.337977128935173,-0.7939060193102456,-0.3166878189221869,8.892044598203213,-1.4112734466035786,-5.324374341632332,-8.190351213949691,-4.554751374330863,0.4343728077467812,-7.864062530393285,7.586179397420604,3.3918053723973944,-0.9171540520267012,9.700531588295295,6.570755026246381,-3.796264348463854,-1.5584714885560942,5.020390746057831,-4.243591744611059,-6.39416008553277,5.635177610366407,-4.1683598176891685,9.101699786554725,9.284092339184681,0.6601308402428536,-5.263648446886835,-4.782874878035783,3.1353503662601696,1.9424955399095225,-9.105915599469867,-3.548748657971146,-0.5727349733972691,6.856518236340182,-7.184585730543079,-0.6122212683989208,-5.126277986834071,-2.7797302948869573,1.016452196211869,3.259849714927274,2.9252300301984224,-1.837946992543353,-8.315860845602723,0.3994290410954644,3.1385317969683832,-0.4550093107437334,-4.900861615555625,-4.595559260331099,-7.180927282934411,0.4495136197370808,-7.378908815114615,-8.969030197643935,1.419317731177001,-7.0572398730565356,2.9914607075038795,4.709128469202454,-4.67038775920366,6.859258893891596,1.8676011384242166,3.5141790152468584,6.509236043801938,1.57070185090992,2.658346532022808,-1.5166041685283886,-5.338987227273709,-5.460528873960014,6.436880505559621,-5.1295039306003005,-2.2966603399073886,-9.558849483917554,-2.8363562753862244,-0.9078437735480982,6.788364231708034,8.063654643627324,9.777312467001082,1.7547637635364293,-9.574257048590376,5.704939657993684,-5.970412880601296,-0.5712387220825903,-4.501461248077394,-3.301485310124052,-6.180185507546014,-4.504091095450797,-2.1114524041086895,3.4649167149144215,7.836436113206208,-7.291458303396221,-4.787089860659329,4.929653025035201,7.120871175475848,0.11382855117706825,6.648135423876646,-0.8172057546908267,7.0688154937411625,-3.678382696414813,3.58067834999677,-1.644824247417496,1.2291899607885508,-0.7499924049912128,9.488575376142915,-6.441889410472403,-4.561993573754048,-3.8123201433066445,-4.043605446454168,8.069169756065364,4.830762747435234,-7.4348664417591515,-0.8666039145076194,-8.299756078448127,-7.896506574868196,-5.974978391381756,7.41858691106783,9.267371845857586,-0.3446505219327367,-7.1112068736010166,0.3114411006489597,8.46249916497478,8.201236875418342,7.164235398902704,4.757827695825366,6.5764282660723765,0.6390886393229458,9.294548114911702,-0.438459112463228,8.781618410870596,-2.634977995256154,-6.446785582798378,6.908754671588667,6.5082906995156655,-0.5327275574001433,1.4470985927813373,5.826987754096255,8.993513647969834,-2.6122745563641363,9.744470589717004,-0.7907363589502552,-3.331989868609,9.42650694889836,1.9733881916139833,-0.4470121560415148,5.134620286458858,-4.603236958979123,-7.3690887146953195,-8.859762605010452,-7.287346530650646,0.7480692468233396,0.05988288506822492,-9.42234133459285,-2.2799230404219966,2.3447896425994426,-0.17816812126366166,9.293574972855978,9.419157896691981,-5.4709065271367185,0.9665634820142959,-1.4791721951579522,-2.8386127964362355,-4.037544398797966,1.667193866095964,-8.032607235601631,-5.174800492642129,-7.1894669607641415,9.57690468513087,1.3215461208024522,4.901858435248794,2.3701675518741165,-9.597521902806287,-9.39544628499596,2.3001254399037503,-9.660814398935418,2.9367906293877315,9.778382409171208,3.957796233280371,9.371463790691735,-8.564847771309537,-1.0316075054086653,1.1131899028612064,6.644030768630106,2.938369723485616,0.4121274958185577,-3.4923624682791887,7.230477370323449,-3.6526763461914724,-5.927735015291297,3.6260755247307515,8.347095405040609,6.793764645315907,-9.490108141045017,-8.231836871424607,-5.199954808371469,1.3555975244197498,-7.525414237839653,-5.998319057914532,-9.066028258272247,1.4281812740708428,5.329909602702061,1.4299814994777709,-1.596504880790878,2.274139000418467,-3.3722077721241845,5.161233137593005,-5.743273469163732,-4.512265132357241,4.002749420425955,9.520884106636245,5.844822020103182,-0.9710646279185138,-5.162180951013471,-8.546687521396768,-9.442092444204771,-7.637787077375673,-2.1505865383652996,1.8098862707861674,1.0532514122639736,-5.321734040060018,-0.13516976105742806,9.78072198317259,3.1668183816601196,3.6105964756393085,1.683610394678281,7.910981958008826,7.745397595612701,-9.575212070498512,-5.3656050812294005,9.940958519905472,0.2926349715927117,-3.3364453086433654,-2.1527857866716094,-7.974342074764507,0.8588391980437109,8.843536128186745,9.392936492587115,3.9420691143683086,-1.2464013840316763,-6.973112441106107,3.661527030297613,5.601643683088593,-2.63130366422323,-7.815052299451482,4.813906245421013,4.366063953620037,-3.8808499757844555,3.785470194593451,2.7706451306318236,9.932573927323936,-4.221021233415692,-1.4235114241499591,-5.852225430825458,3.805670244154113,-5.058026774062507,8.896971498912663,9.558793208039301,-7.8003587225184035,6.735804014599715,1.4930507570076728,-6.508608330225416,3.7436759675807867,0.7638155353630758,-6.0363695961715935,-7.334300596478542,9.909747041553384,3.154406259823892,-1.2486594104309905,2.353589387863238,-6.6760858641605125,-8.374923618840082,0.2097824372156616,5.901624240679828,8.489210080815056,5.270873865643907,3.0296525304786783,-9.662571744313087,7.989705661207989,9.014769134970564,7.051271879579094,-2.5685445052458356,6.1450108883492085,5.73785298212637,3.939918026597603,-8.347137773314637,-6.135293249991616,1.329095317552209,-1.309475000190245,4.360303283542791,-8.204217331599008,-0.5400332660096829,0.3492533529008668,9.165706522713137,9.615807798574803,1.7967172160227278,2.6437513312712575,9.470928343663228,2.0536044866512917,6.350724020843252,-1.6898215825548846,1.5955668640603786,4.005241533316074,-8.524601320510438,0.667330265356135,6.42281651687621,1.597416090400234,-0.4637880317783267,-6.365413255090731,8.496508559586818,-9.559502844398935,7.238100043662104,8.28892995316422,6.122207609705338,-0.14165904512051952,-6.741245728044429,-9.920693433843653,5.701454705638746,-4.915541331796593,-1.3721618042607844,1.1680655505359265,-7.274728225200919,9.880166462064782,-4.624901295869181,5.655568363158466,-3.013351290946984,0.3763977840839434,-8.691786090066469,3.4121552226179475,-8.418316514641692,0.257677986210993,-3.1346791176104105,5.4413974583458735,1.7379681680060202,-2.0205796945453596,7.767520406392819,-3.4861191062557895,-5.496653340071487,6.274910504822785,-4.469351552828815,4.287518684257403,-8.2664561094435,8.37159834130663,8.428452164691102,8.529330180883559,-3.8975555673003885,3.778748425254685,3.0577624625525175,-0.7473128324586309,-2.233630320127684,-1.7017653741965155,2.5335869434476166,9.544986346492387,-8.471923057072285,-5.097434742434257,9.46345827995738,7.073244531105967,9.941488008212282,-0.8229698709356636,9.614301013232243,2.1221055972584946,3.0781129299208683,-6.963709092012291,2.481819844037057,-8.385847948378892,-8.934756394269414,-9.45555004289687,-2.6479452939228327,-3.4315503042205275,1.238157654787864,4.290510337947106,-1.0415043659108054,7.101581698667648,-5.243791107626037,6.56311552666779,-2.0819977229732745,0.39905684134844854,-8.09057001559502,-7.017581810992761,8.433649418939623,4.892068465496557,5.766590212747342,-8.642166664488373,-3.605517313886624,-9.125972772236416,-8.026226324926904,6.116206856033969,-5.175019167940995,8.51874561240945,-3.4767481279100494,-0.07379234443755323,7.223945879607307,-1.1520869017039832,-2.848626209632501,-7.794705447721122,-5.189218558088982,2.100449183133806,-3.664627200291033,6.3780596337338515,-6.249722499699109,-6.620549814719235,-4.499223908914535,-8.227657829024228,5.198948186645644,2.183894846352441,9.327185320676797,4.587209292221225,-8.351648297758167,7.348920274099413,-9.586388282727068,8.896474447190311,9.209391987356408,-0.2793218686727261,-1.6916773809854462,2.9771056619675367,-9.712065113451684,-6.664793757420162,-3.5836263872107317,4.796068328797208,2.920817531364799,1.4581472940373352,-0.7581594590373602,-4.631126462432375,1.2160366975436894,-2.511515544199529,6.871714622993107,-3.5637083341710714,-1.5524864326599737,-5.146242252931337,4.515972666882206,7.919985189764464,9.548695036507485,2.7147252673836633,-0.6008378088383903,-1.2961556918566046,-8.701736281219414,9.708187559965808,4.97772854110973,9.34457373975593,1.3675611168359953,-5.531523227654704,-8.59019143761428,-9.481355979211237,-6.333680143183134,-5.774135076799817,1.6863075993610526,1.6277650364335035,7.103175730549566,0.7712711398375998,-2.4028485036222946,-2.9511363368630654,8.797163515935743,4.402435632421744,-5.261651560503848,-9.842963503891953,-4.797768877966755,7.556680698873468,-9.411283137271642,-2.8999883897515932,2.0061650866053142,-6.390671846693232,4.330309620193839,-0.548824699180706,-0.5202400069605488,-5.128994996904639,-6.422284986747339,0.5216210307160463,9.085973213342943,-0.5839647601476443,-2.009553229163375,6.017363070123064,9.574733784141483,-4.285842953060836,5.986772601591607,-0.09401549619776262,8.546360630487552,-9.830795395960216,5.393486258909341,0.29213180062656896,4.46955865165954,0.08477835953117818,-8.739468933156633,-0.3420974270447239,-5.937667516958076,2.866787390862111,6.696843392481352,2.6083224455455873,-1.7971179861885958,7.803391867549575,8.999947629408943,-5.47090852006733,-5.141634158954571,-2.1527613289333303,-0.5789596786729145,7.552067400819823,2.84731974529981,2.5963164561091787,8.041671163930872,-3.672974711529678,2.137971794496016,3.477901784352353,2.87643154913801,-3.573302611032876,-2.151792565845536,3.3480150678466885,0.13438205814401805,4.031466005094968,0.14493166843541339,5.021961985014938,8.044387322817709,2.9318963294060136,-5.807362621928367,2.7868385969648273,-2.9617585111207063,2.762573402909439,-2.758236280728852,2.2625177555896023,4.1101831641931685,-8.386789715642813,-2.7585612728405344,-1.880958361946643,1.4651025858621232,1.8698501624765562,6.011009388895818,9.985652371876114,5.670528379938403,2.198436740454797,-9.991963659234713,4.457853353189858,1.729344791970579,-9.373144782845301,9.832450725330986,-8.920805068831958,8.849501781469836,-4.566320953032541,-1.2352425023008209,-7.938008992731231,8.643970788683156,-8.935561437654211,0.058689855430820614,9.719858006292629,0.7526308266094706,-0.027862237273705404,9.471525568771945,-6.235357912813145,9.366881566343707,-7.182680432749995,7.945533476775889,4.9311248894930735,6.007658418311053,-9.639292505353778,-1.997065358818805,-8.591289148428164,-6.1660311891589785,-5.234394896217913,-6.959473216027803,-6.7144819689858615,6.69584606121807,0.4036688844415437,-0.5949581092407747,-8.177728680051736,-0.7998338180011189,4.0659105009579495,5.230440340698131,-4.98653113010739,-7.268160845739291,-7.324466320193041,2.7042081183286264,-6.806923817113586,5.447263304340444,-1.2210277187778793,-8.695903886006743,6.131118145079604,-9.873650063101714,-8.722143494773917,-5.05136474437151,-4.408599688627137,-9.105589012304014,6.5113291946683205,4.267410644704237,5.606368227627172,-5.312983167614343,2.593811487197753,3.4665820751621297,3.3083989542180365,1.850129961593506,-0.20921692652776436,9.610481361454987,-7.593927639726028,-6.513273203173215,-7.122723169519334,-0.720979767363195,-1.223908680617157,1.6004564887741761,6.536843150254349,0.1736789004322148,4.493533746989494,6.788939842956548,-9.8937683658552,5.571480123737915,-7.672528109463115,6.049709375524355,-5.063953070118061,-8.806244694139,6.458422388523147,7.712004251230951,-4.146195546356351,-5.25089460798786,-8.37662028262454,-2.9357018672707476,3.5630686492382537,6.601761181358988,9.877469584460126,-8.342483466054905,3.9389690143955054,-6.361115231754935,-3.447430488271115,-0.9398408670178444,-4.126722431781868,-1.6898255731943816,-6.993625818221057,-1.5186100133280238,0.36458700765102137,-2.0536197268311955,-9.918782776349264,2.148420475138856,1.5911821225667477,5.327000379148121,4.488186988661052,7.628602011682556,6.373083997557465,5.25068248974919,3.224666645169327,-7.201375428916594,5.274791448347276,-7.784890524069404,2.949618272601967,3.701374165972421,-6.64239917155548,1.3018972894865435,-1.5616832597135062,4.520376000277935,-4.914045195314043,0.051244682461106805,-0.570792819890837,7.785042404804546,2.1774534593998585,6.289259458688264,-6.840867180150781,8.759158612341054,-0.41159942642624614,-5.756124224065697,-2.226163804014069,3.088560950532905,5.375659028197644,-7.288036738945054,-9.192211200533386,6.072355132856298,-9.152152127809822,3.3222431532023116,-1.9710104051999,-9.63985671930691,-1.2165008343255028,-6.248895075342191,-4.542323871719576,-0.7635830947735656,-1.5845564528897143,8.7597145864885,1.4448045527850955,-1.0253917220164137,-9.992849871478352,-0.13437981821670597,-6.593675101324033,-9.111358806679759,-1.8794513253145677,-4.402773445383811,-8.201552563674387,-0.9446520091616257,3.405039643608914,6.02499106046286,5.390429804063643,-7.396401568319428,-8.896891660411296,-6.021669416848312,-1.4881879975718313,-4.669934660503763,-6.976377321581899,4.535044598286767,5.942539714700111,-2.6175710145740965,9.572234431016323,-5.564415282014748,9.277820112676313,-5.990993511143734,1.5546109084812372,-6.350852190930716,4.486123160355028,-2.4068802061548933,7.584921117096389,-7.2744035144739545,0.7939833096047693,-6.635704464573118,6.991549320407717,6.988168809185879,-1.332379041230066,0.4451485599826288,-5.263064128687976,-8.179425923691138,-0.6896426994933496,-1.7617171790644104,7.865976388107793,-5.340605563276519,-8.454638467269536,3.9516499894831743,-9.721538065186975,4.789104650606394,4.20737340683122,-4.915546812086927,9.041641857489008,-9.992303871417745,0.8364981763952386,2.7507259938194633,1.3048643581872987,-3.684981566825516,-9.138631064922183,0.7699586320131058,-3.4622496538806597,6.448571696533126,-6.498866555226728,-5.961423685089962,3.214086905591042,-4.220422944120781,4.009841130323915,7.352476440564153,-9.45219991473191,6.38419778472522,-8.7098236570257,1.3874487833303917,3.939507103765557,-7.646088643461133,-9.037502167078667,-6.978749844242918,4.345259745731152,-2.081186478063792,-6.352872581253079,-1.0495655044947476,-9.060428818219133,-9.871280762953148,-2.81970007302964,7.513223762696345,-5.8103822499302975,-7.929450188990421,-3.8255741662863745,-5.662503351949262,-1.7378382951509153,-8.132149348696842,9.367535331848277,2.382857996656316,-7.535465360011695,-7.127846922873844,1.2189166755280638,8.023924981645592,4.377491295503923,-4.229956447219456,6.332911055095735,9.311292050794464,-9.196685231616788,3.421556776134949,-9.754920335956497,7.858081183387306,3.169338547762484,2.2479015843631522,0.4334665017407957,-4.087937253626932,6.550727610978864,-4.238290603169914,-2.9771531893707586,8.228393629080557,-2.306974463674621,0.7369020823292232,3.9650754944182243,-2.9566654032001427,-3.744275000476738,6.812702466856063,7.658603720286912,-2.793396834621708,-4.592043362542424,-5.854132020567602,-1.3703257008550391,-0.034932468663861016,5.835862949123133,0.9769350089213482,-4.071657696974578,0.8491711505677877,4.089434034434493,-9.501530208793616,8.65474240955962,-7.275773158934151,8.576798675967122,5.754833756514632,7.301591557431163,-6.206084190045296,-8.072913922501083,2.2465508384193917,-2.36391101077613,-1.2222832242021209,7.490300423301338,8.025045613822243,-7.8716412514145055,-5.842045128910058,-6.197706861757608,7.146867340699547,-6.016968211375822,-4.952894681136561,6.4792896964550515,-1.620299962299601,0.8414807460842937,-8.7039392571678,-1.2586779367500416,0.19280679489023633,-4.756657073914228,1.192627485304163,5.950660422654366,-0.27057013486554027,9.190206680240593,-2.0836729880921627,-4.901447915176309,6.897402749608968,4.276531107697746,-2.3932193916974853,5.021552203367715,2.5042666777323923,-7.021244979758032,8.417588722631951,5.162950586603841,4.1663411852482835,-7.588059152110698,4.890790067252,-5.010269590269727,-5.066049790484028,8.276761601136688,3.4553890824378204,-7.2031720783201685,-7.43086992889932,3.228802661359298,7.292849561555755,-1.452160790315487,8.820177862913038,-0.9086092446647811,-5.623127468376719,-3.8196607374981024,3.288415102981956,8.013249018936985,-9.849180044633876,4.06645864031433,2.007335298177093,-6.72723157696538,0.7948845490763325,5.3904423378695085,3.306920169963778,1.1386479230663369,2.9882500383853365,1.9067908767853865,3.0856892246887764,3.492026106458294,7.856168012273244,5.691194555102397,4.883314334502442,5.043982289865349,-0.34582180726043177,-1.1576789527206426,8.931693443861306,-7.5274550128476525,-3.905647796952443,-7.844238972236628,-2.5024326147449028,2.5391393597502354,-5.583460454859539,0.4130794761902674,-4.562002940406387,0.6966428984725148,-3.7172915030964475,7.9584627414155555,6.892644923591135,3.2176213951607675,-5.8836507037304475,4.0296617604572855,1.3758862757232908,-7.490037582842167,-6.047814747119955,6.205901262345407,-5.8852587513878385,8.401499155932882,-9.738228267241208,-1.3665028094538627,8.768628290501155,8.467199501864023,-9.392166469628691,-8.44182409396028,9.533571690151042,8.770345202694351,-6.544701464640637,-6.579648488690784,1.0318589386582548,9.250237735969971,0.962296240439489,7.195139883669945,-0.12760045441790702,7.122438672193553,-8.865792375691813,1.399857275645422,-2.3482478713360466,-2.4114321446364233,-4.377820653440862,4.017699023897004,-2.8645559955170548,-4.544939096786562,3.2863753034406447,-8.042967840812027,4.197032108173541,1.958335149144311,1.2278605768327733,9.438524929990116,-9.449396240554622,4.776937461887517,-5.737776455628412,-4.439208435382101,-4.701881016357003,0.41258279002097886,2.4378683461947084,5.996586642880002,-5.310994185299571,-3.7815561464395353,-9.932570890627929,-3.5996187520323204,4.417281642392005,6.565735137610783,-6.649887014945901,9.36729972516098,5.953094635209968,-4.385967315282311,-1.6750820729540372,-9.01833076290129,-0.45624871458780625,-2.0578332175608294,2.891662203126806,2.624546421973907,9.520731654893982,4.130545629641485,1.297941426435326,6.917202930780512,2.9827440890877774,-8.336525241889827,1.6820102640751173,8.668494875780965,-1.062134707816373,9.294062237394257,4.193893162740617,-9.943622526795416,-5.575894128063698,-7.997726070102171,4.287822380375303,0.8818305585558903,5.736722273675481,6.66309973105697,-0.5039892457869666,-9.144406997329085,4.846470631383365,-7.872204158366571,-1.7684498527296313,6.6027958551009895,-9.064585953582828,3.7517623290509388,3.8698713726453313,3.4515097907408965,4.995597064158348,-7.49697663638128,-6.027479770988904,-1.7121324855937008,6.813588088352155,9.194858897173571,-8.117085268024464,2.2585697344796163,7.000957967376621,-2.01015634987413,-2.6301248950215506,9.270054852966705,-3.0873626134631866,-9.847172326821331,3.115144949177326,-9.957699464264614,-0.003884729882493332,-0.7996863526467575,6.575450706568326,-7.970835609398222,4.29801446155718,0.6438487756180891,-6.011753222260207,-3.4557561857169468,-1.0240176032950625,0.8733280204941369,-1.2806122275136484,-0.48778057136599884,-0.5907053970538634,8.542452731507428,7.859644876182845,-1.5785704925198942,-3.900560294655162,6.687407095784113,-9.49550119487068,-4.656986915337611,-4.1467067097607435,1.1399656187944842,-7.971161496021231,-3.1558434884864006,7.597172196271583,-3.603599430500129,-3.3089196205126425,-1.7678091138187,5.765654840965981,4.21094720034133,4.663059127768822,-0.775797259070405,-6.19786018781419,1.9533509395636237,-0.9195850043357474,3.486639977009249,1.4010758654851507,-9.5150772529448,1.0538763541189322,1.4615391343162223,6.5524246120304035,7.636102257353883,9.134775068012651,1.358311905253819,1.5994232845908662,-9.469717529876894,-5.638570391527946,-0.577692695317559,-3.696626187723071,5.1757431879005615,4.264186550139389,-4.53737561280578,2.3549112120185782,3.87875912628947,-8.79541766719865,-0.2724380348893263,-6.734701603242574,2.7404113942894917,-0.8433774295595278,-2.4004334234949702,3.091134380556852,-4.3915483138482685,3.856528388483131,6.671205230187091,-8.078908814735213,5.060744708966233,2.9848224323410495,7.3980486856334124,-0.9706243642133394,2.5487778997215944,2.990463786518367,-8.875966373725108,-3.4418748062752247,-3.1321144478366953,-3.949646702767695,-0.4222420391859334,2.8994764309533245,-9.151449121254922,0.18650799695036113,1.2929077232053938,-7.607465634453843,4.177305720911175,-8.315009441848071,-8.470006316771386,3.945508493831582,1.3989643828025589,4.2004152249750675,8.134238574928371,-5.9634164866967705,2.6579561818358943,5.589197193041116,-8.72850748280908,2.862413724409752,-0.9179061230424619,-1.111086655172354,-3.767717368500387,9.52523196245479,4.348739337925105,4.9616811609695315,5.080058067869068,-1.7048351694391641,-7.455705289043051,-7.981661259959825,0.8384468319450384,-8.185809618019174,2.8917539184128955,5.419162154050504,6.524343654227135,4.827013126965072,-3.6554251312482826,-0.29465094712219475,7.613525978539823,-2.8048497515376685,-1.4927092588707218,-5.175432374048219,3.77192453179398,8.660796308298025,-6.080572313241164,5.071325239575108,-9.798545837111284,-2.261360067833671,-8.132265527797585,-5.293749854956797,9.931299998088171,5.448067659749768,2.1757099892743916,-0.4709065005040003,-0.9207177216305755,-9.193244299168459,-1.9974645192384308,-1.3175430195696247,-6.548001824565959,9.327731839035565,4.795721747654756,-8.626474928312462,2.479879460836724,8.331836734027476,-5.1791040764005425,-8.40542357798126,4.027050926253285,-6.312055080192149,-4.040031529956916,8.120677735582404,-5.546450377638841,-1.911599682003697,5.785099003298058,-1.4322796594356113,-1.8777811130598288,0.6622314178568285,0.9062577600593062,-7.177419354006885,1.245556313242366,-2.4968191644684534,-7.500836178205916,-9.453392905529173,-5.224151052629484,-8.402678996620075,-1.5356101449163813,-5.3342463794647195,9.134403802362172,8.463983076808901,-9.508477577428543,-0.14950006960992113,-8.221934492958876,8.908130237780966,-0.928553040439617,-6.914077383596087,-0.95299748986778,3.5511197250711994,-1.9905807245239195,2.709065040256622,-3.5860747554875916,-5.8222555089720025,-0.6007510661838324,-5.086191333791263,-3.177809130418665,6.748148285622875,-3.747756795587409,-9.225669446834619,1.9580784759024255,0.035253835241118026,-4.986906680468355,-7.732895646969973,-5.7431838558764365,0.5648025154329659,5.010170845998836,-7.726361483080122,-0.5526949076544376,9.49267025149802,7.049988005252949,-3.847741325112077,-6.424619604931534,2.2477309016866442,8.584748142820494,9.201688868332315,-6.352844942260547,-4.992965297516334,8.66507931169081,-4.306659605214101,-7.411122825451477,-9.601641731547282,2.6854244996277625,6.589833686402944,7.308876218026263,-0.7686430516249558,-7.824209515825318,-0.5279545950753821,0.2826657720468475,3.910639069583821,0.3256783425975751,-3.529101010861984,-0.4559707147900838,3.4522640825446533,9.51996099847426,4.364401607421078,7.499469707910976,-8.505730203771215,6.23542562501931,4.4886540396638015,-7.383669638086148,-7.234546484272261,3.6040882149687867,-0.60303922306238,4.571650759997823,-0.41341237454700597,6.915935929932392,-3.4840672414507683,-0.8100698363991103,-2.1225479540759906,5.630799035639658,-6.709552072672866,-5.452068278459277,7.846114532473528,8.465567570716999,-4.982845113994934,-7.226320028916582,-0.21034970018979315,-0.23382261938167836,-0.01691594279099462,1.6873862781621245,0.1871883229540412,-2.8796090743155878,8.368905238156934,9.761240722244704,5.450231152501242,3.5841385938753323,-7.482534145572375,9.751828882695726,6.180486676235269,3.193485482544723,2.7588571185993604,-3.829809661925645,2.0370514984503387,4.710179986649436,-0.13967928084684722,1.1682977944188089,6.555312574414639,-6.046403712714188,7.003435481199755,-5.2668100106347415,-3.201397832981982,0.9830820215690359,4.168344683151297,4.2898067755357605,5.789469707693595,-7.012243648761554,-5.232820052353961,1.9539639765710035,-8.384668624042792,-1.8983246522011363,8.313420290564789,-3.2243204329449053,9.373547425416216,2.2456084480966965,5.4210116212616395,0.13805573985815123,0.3125997463637997,-0.4104241533152688,5.9264550195580625,-2.5657597529394476,8.815489178398877,5.469778284581942,3.4921713161707686,5.295359233299768,9.791890250642595,-5.750882157286461,-1.5732581667770056,6.921151167624224,-8.250440578688394,-8.044635785522443,4.946505239317684,9.244286724421823,8.79845352156249,9.994485731034366,-6.618579690367423,4.715095342731532,4.7077053824676085,8.305546007598966,-0.5202174239702355,-4.043478121036261,8.250156679816087,7.714239282888155,-7.0382847643851605,9.873041743009523,6.1443583166329105,6.091388989260601,-3.5175515183374877,1.312958518299837,0.2342164108292888,8.471832218693333,1.8501667118656488,3.3059219411270035,-1.6128461709413404,-7.634191825822092,-7.503044336101807,-4.262974217725777,9.3038618428616,2.3010325074016773,8.295862040102339,-6.793694776396553,-7.3296325976958165,-9.54891508738184,-3.248828436327404,-7.06969389185137,-7.724262894472798,7.532135818474426,4.076093914629366,8.6709887602585,-5.799649240299869,9.137748359577301,-7.672942762675287,-6.329807665771801,3.7823082826985726,2.709131552015915,-9.057094149317848,-5.4846362630553696,-8.05681175718951,-3.142675119170484,7.2349536767903935,-5.550774518166484,-5.903500888704953,0.3440884858574904,5.21050101642115,1.9279724145520394,-0.548470064888388,-7.997144417013809,-9.216859059242195,4.632329855316922,1.8259369762153295,2.9438529052031264,-5.386771356986195,4.933824644245192,2.5895092492894847,-6.115990430963095,-9.089431693561032,-5.917506528145835,3.629055775399184,-3.489166874217453,-1.3934691149938505,-5.868371285282135,-0.898342596565687,-2.026853886366462,4.747451505639642,2.1530828656298873,2.5387238467956657,3.1792505645282496,-4.209543316230024,3.2701620248858063,4.224202209643135,-2.958083464756398,-4.911700154530205,-2.621659165830243,-2.131849910672088,-6.003583545877698,-3.4266570529979994,-5.871097479799627,6.917587591903139,2.4834652651821703,-3.058110558396492,-0.2951512595363326,7.263096672111686,3.4525707781885444,-0.4535243277226382,-1.1544327021180312,-2.5308202753309743,4.718415698263472,-0.7822694072339669,8.287187415831081,-5.84040332257874,-6.32267106425836,-8.041633101140581,4.545332485472237,4.022431710221015,7.96233700378772,7.084744011814749,8.74909213679847,8.64063105059623,9.56493083356451,4.679672174970994,-7.746347285650956,-3.2161923420667176,-7.104778517568335,-8.209228705413752,-9.999828015536504,-1.389683022948244,-4.166510592127208,5.9552651862984405,-5.801141465459638,-5.159169781022477,-8.85141473840525,-7.039864835110126,-9.384936028713051,-9.266508885833852,-9.842179882245167,-2.113634142420688,1.5415851043514834,7.555396686011548,-0.9742498320014032,3.186288317515608,0.5191144404095667,5.071325495623238,-0.38779532154446805,4.670763831263107,0.59368484253765,9.951414382307984,6.828056636202781,-4.080313517199228,-2.0157294506808903,-3.569543166907943,1.6333406000794444,8.791796116606612,-3.36720662987611,-6.2914109384031125,0.10665351136284862,-8.206438329209034,-5.653502668202483,6.996788012031299,9.75244473802995,3.0253894441780886,2.5764133424492552,-4.713234252248066,9.338286118839449,8.81792418553983,7.079390188670782,9.156749159075549,6.49596464883269,-5.029149492346225,4.128744145736814,8.271929824543896,5.69647529206539,8.793497149339537,-8.917559542895964,4.110232132004816,-2.177289136150198,-3.7645440256529916,0.8871292259841113,-1.3080830907757974,-3.4390633578143444,-2.019318674401074,5.946402707303239,5.87285874690448,6.884226029944909,-2.621082244305166,0.8472913689036243,9.11433869598564,4.557605264119475,8.586197414457079,9.158094792623814,8.216752683436468,6.287071913269308,0.10266411983653967,-8.14819164422796,-5.1276504312989974,9.35927224151957,2.18130935686451,2.337672193345588,8.647756096325526,3.9351322565606868,5.9384874742567,-2.9567707858682057,9.852807971081084,-9.710751108229323,-3.228728938087528,-7.120804351316121,-8.385825042040342,-6.431519381429924,0.2032886234647986,7.465871441346405,8.333610780210513,7.830719970130275,-7.039796964023719,-2.432320213064423,4.902941573438637,-2.786713101971272,-1.8623940793242824,3.588863921531358,2.2915175132607004,5.205355745885303,1.1661752967378156,-1.54582890499241,-0.885070180482268,-9.236664059944044,-2.837299497408072,1.9440483178991457,-2.0409345889703134,7.835891692379384,-0.49408092183657004,5.804707237690927,-7.132061337577225,-6.640593480926,-1.6917951953008643,-2.3427914639071084,2.983269515490708,-9.12408617816981,8.80566006821941,-1.2176503410968227,-5.489461815898748,1.7073471561689146,6.379372523564687,7.771209055616424,8.200778222138016,7.680582524617794,3.3202281235724023,7.825604468503347,-0.6636898456981477,6.62141405611483,7.12195541757168,7.916373223445365,-4.438863270203905,8.454188376860564,8.37769071184588,6.228383810532783,-4.924231098849221,-1.654980674799539,9.225280203975863,-8.925074402457849,1.9575971507379322,1.968818018943626,7.260823955910926,0.46678240292294326,9.7084808870984,-9.918901785933667,-2.9157756045717935,7.777979515874655,-5.349148790846425,-3.9051304881045157,-2.3595718361198026,-5.732191860857823,-6.787236054453187,9.26419892218221,-8.398371021728616,2.11517224585352,5.6830818128890055,7.3111018550908895,8.091923590309825,-1.5632235103246739,-4.297793184786814,7.978935275995891,4.298135209835948,-9.438909239755901,-3.13282916188985,1.6903725402908059,0.546469879938023,8.120172476341953,6.024025725859698,1.348581087700536,-8.976742549001106,-0.3216443372904898,-0.6494894348485669,-1.0315530766348928,6.958431726614407,2.1345173748441315,3.5569867602023937,-8.108152388542265,0.9965810065410956,4.8014290445982954,-8.932574136527851,-5.255510574693281,-1.711006647509702,-2.296411844332928,6.1671709610441425,0.2811058269892204,-3.2024006863640286,5.390044524867669,-0.2708881628957691,7.121424166741164,-8.331412070958596,-6.362623285182474,1.5392044003627543,4.056192520888013,9.099062823178528,8.078861699958889,4.170932467764741,-1.9156951442961834,-1.3292928642102897,-4.50373962688309,6.009899066784357,9.17832431169321,-1.7016847111825406,2.9821783783221036,-8.949897962590228,-4.345141716443781,-3.5176663483874044,3.4768999396331974,0.2441945031058328,4.896205882089236,-3.4489502811078605,-4.059755326081065,-6.196167850460325,-3.806165592327055,7.387979705389597,-5.305510184480118,2.6281416217981004,-6.404253444774843,-6.0901682915218425,1.6185414793533432,3.344191936984,7.65716128193165,-9.367114424096574,4.503682583466196,7.520601502970045,-8.46555287095785,-1.196888660676139,0.546733026685974,-2.4660225687441457,7.197346095003478,-5.35559580307398,-3.329659138504173,7.894982704562658,4.847027345759953,-1.9235117851922112,2.838878045567677,3.0331104551934835,7.827392435648338,2.498109045822936,-3.225329357202682,1.0489444715904348,-5.171807271555478,5.538107510877069,-3.0524057137908773,1.0340889947375231,-0.9780029179246057,-0.8223307567003992,2.8013109389165827,-7.824935896879399,-7.354293064743289,4.872655418831895,-4.826788786776723,-5.543241822691316,9.612249860817453,-3.2109481068711982,-7.2880950609950945,4.882964314733297,-6.263574803707019,1.6041709914756659,-4.541954041603007,7.146242467236053,8.693847977058336,9.701042826588086,-9.074156194742802,5.601758059368496,0.9610847317797564,1.3326078407003816,3.8561898609013667,1.1944973279670812,-5.817552063255467,-8.722263239649168,7.203898990419667,-1.8181021787156837,-1.5657563519696733,-5.754086503907159,-8.39986332533097,7.222699066577938,-4.683743164082168,-6.412180644132317,-8.370453218473541,-1.0237901987417644,-1.631120171716809,3.5182191124292217,-0.3329697705904433,6.1471225826535445,2.9950394661271105,-7.876402506701698,-1.923242331138722,-3.586171773100981,0.06719534582419406,-8.211119475043727,2.8388130989081937,8.726719774563783,6.2017689062506065,0.7587020351391622,-4.760693450462727,3.216139980217619,2.6774952181642355,2.356398916881595,4.541129920059145,8.91534254749249,9.436188140058142,3.3577583382043663,3.627871755390771,1.8486941175752527,7.964597116443851,4.991729503683025,9.423613185227666,2.5611849037200614,2.772673095669365,4.376419264830718,-7.091849079259369,-2.9386877405714618,4.991553120552133,2.4297951118874543,-2.7117877242764816,6.801660381194399,8.740928954925707,-0.5898116876490818,-4.635202000282945,3.5935079833439048,5.996500042150343,5.329089029968317,-0.09038988761627564,2.4658073231857216,1.427043810223834,2.8482779262532567,1.4518363588717271,-6.822585019408633,3.157723504557975,-8.404488454896788,6.625144338691527,1.3285336360549884,3.569164016586427,-7.534555980514714,-5.591094565004897,-1.8482424651288802,-4.791138898879154,-0.5870365134868383,-5.8214706317232086,4.599382415577901,-5.114514548214446,-3.8333783672530704,-4.711054373800952,-1.6562995729153691,-4.17763681186374,-8.310129419728971,-4.561502716030592,-0.04439912407513802,7.081648023592727,-1.0738747938512603,5.342733721461574,-4.161205954663578,-8.913914605880777,9.807741929769438,-4.684516959079399,-2.7333000139395303,2.1061814287214116,1.7312256380763706,-0.5743690212353272,8.044923840528512,3.939110759580098,-4.948947682823787,8.039332186496267,6.577160028372834,-3.457248129603623,5.540174951255736,-7.293713120555143,-0.1384171053792329,-5.987085415439384,1.6519539499554288,-6.237504227349726,9.384227669241856,-5.257446402581881,1.9765018065621973,7.103953380391243,6.953955917575232,2.3370399918415288,-6.828073474071161,-6.145307199223158,9.641646483995018,-2.7467476451809762,-6.194936289713904,0.7983472409797479,6.60739739359488,5.382223018474717,5.15425440669004,-5.358491597582955,-9.121355633962958,-3.1951859624126406,6.5168534127626465,-0.98104744459574,-5.863278216735999,8.85813542159896,1.7882182653336898,0.7541152967514613,-0.2898655463455029,5.513200883961353,-5.017163856232112,1.367132350240471,-3.354379310766939,-1.5118731042598732,5.985210804670579,0.23219066492081453,6.632334619027308,-3.834461766426216,-4.044129364284512,-5.173390685518022,8.564059329662385,-7.640033714983494,1.428301066842991,1.410965294023045,-1.2683827826621314,7.192499138720795,6.128662074481134,-3.6299357491354574,4.087871455700231,-3.807273026601459,8.00986321535245,0.6664797108538139,2.2278311388032854,2.497799233826573,9.893768458297213,4.037638243718364,-9.517274781177115,6.5562364217312705,-4.316436488252828,-8.884016730328444,-0.32383154562997163,-7.4400855406722055,-3.076316958503316,1.8993492900930242,-2.2078007601537664,-7.97899893053601,-5.27955317516181,-4.659623155570918,5.543971990701934,5.573313930891233,-8.374144537458502,-9.507918171315751,6.11038261417826,-5.369766135088028,-1.9134889394601569,4.231850384406361,-7.082407418643406,-9.12647049500569,-7.184195059085234,-4.849503519029219,-2.3730678644252574,6.182822280575046,6.958453101203435,-3.506878718329755,8.1834149475078,-0.7806349302357418,8.861612021339134,-2.8663879415009923,-0.46479847410448905,-5.2501424510738275,-0.5057554036949146,-0.5143019087888785,-9.401326849736318,-9.468128409862192,4.102205559379673,-6.4688981850521365,-1.2794932440798572,-9.32134235999786,-1.6846514237549037,-2.574043731067846,1.1279119412501721,-4.8482774622915965,5.1586033715371755,0.1100463076931959,-3.716816691116618,-6.1290889017853,-8.641192043580476,-8.667423747460695,8.881028575112484,5.01638102448217,0.058031863713470244,-3.1022880758815274,9.831455502833357,-5.096950085677658,4.058526776702816,1.5216535865890108,8.311825254889381,3.9878817250040903,2.8953477788913453,-6.189929664826237,7.801902699644323,-9.017880378275771,-2.3737370674308327,-7.070668451158859,-9.423787708870133,-3.3921603861714473,9.582368209503219,8.69518969425387,-9.126970952671613,3.9002339015589236,-8.85041628435728,8.04300533594223,2.2330379388419175,-5.823622036598972,-8.635710664686638,-6.303183135210779,3.815283607030251,6.35590668573569,7.024822456751966,-7.0336607252880645,1.1715297893174625,-4.459011791040471,4.9689172046908965,9.722115766394545,3.72737570432159,-8.543868367523507,2.658465925282446,-5.074869505872313,-4.4648506902555285,3.656349087555297,0.5122545608293354,3.4983090400727495,-7.137790300709916,1.3040945970860989,7.358435807007247,0.48268391194604376,7.347307116447489,3.160699039373947,-4.31628482957384,1.5636627516791215,-1.0814883794943242,8.500236330409724,1.3092514162114792,4.026931672702091,4.009850723731695,-4.147802340841844,8.747973095673828,-4.9194274354915475,5.412590494357204,7.6433774245371495,-4.813804715977728,4.07232529548846,1.403592352812968,9.988605427789626,-4.515678392820308,4.030626426957538,3.361289401518043,-5.781862908938821,6.473736147809973,-9.61240877000675,4.098147135713852,0.7844696964836988,-7.415449340274128,0.455237460672409,-5.67494725036523,2.2260585072966848,6.883837349572389,5.052517454960636,-9.488333630713326,8.396531663364968,4.760161445059802,4.915302725422158,-8.030363384327565,5.94216426066934,-8.108859472722248,-1.3520081553336922,4.413934289208063,-9.782442897811244,3.5905061973795114,-6.905289084930546,3.2171674766913085,-4.668523057219163,-5.142148005260616,7.302311185196576,5.48764618080676,2.460003592048354,8.455731286804099,2.1017190171163627,-2.1846520440833235,-8.275595327441428,3.5670828911615082,5.122598875787364,8.096854631519466,-3.459241479468343,7.7011906724473285,-9.432407882781735,-5.864474609016083,-6.1648664802887225,6.978572811857045,4.391048592558429,-3.3045583693830523,-1.3170380862839863,-6.64118609373213,-2.855678296713582,6.023514919940091,-6.20867117475272,-8.711533333026045,7.86878369177861,4.593296085627006,-6.2626116844935815,7.991517686604251,-1.2553199621616287,8.557690021427078,-8.65291899588035,-3.5512750299317837,-9.893898485839443,8.575263157189031,1.8291231520844207,-9.792405068407664,2.023716699410018,7.957164202889466,-6.247157608519542,-6.557702369391127,-4.305953989733999,-6.284306579910288,-8.388450620839695,8.115985649371403,0.4754955142189985,-5.547264772475959,7.342053455645694,0.4424802575570439,8.31046804723821,-6.093801478552265,-1.9901114686590624,8.687454105848268,8.861503774946005,-7.125529487402162,-0.5805030396574669,-2.9070672706040064,-5.5753716114307705,1.5430629114552108,-2.427794970183661,1.029023032458234,-4.610931807650356,-5.241327356196821,-5.127418113198077,-7.882403017218893,-4.914543680686158,1.787996566829829,1.4915305610372087,-4.940688640534246,-0.23040806184904739,-0.004482698335861457,-0.6275175841498495,7.369768444648525,1.6052458552953919,-7.0590509310227105,-7.06186679685854,-0.755059827539565,7.928712996826487,1.2330910234124826,-6.090209959135791,3.383875934476796,8.477581883561925,7.727340452640462,-9.268696360909008,-2.8652452601148903,-6.178500261541617,7.756937362458366,-6.598359733854176,5.436114347465146,-4.774128710024459,7.969742700026167,6.4828083782648775,3.849031042341144,0.8226619309402654,7.500566197271926,-3.7310966230707976,6.287558895874483,5.021400770849629,2.8258619689326316,-8.003066926747026,4.506944417700735,7.302882296499234,5.233225385397839,4.621944065756695,-2.615064894351848,-7.126956608953892,-7.286926649091583,-7.05104034172626,-8.093248287645103,-8.662784425349791,1.6988246677545948,-6.940287588705556,8.50994676717485,0.10855810121075216,2.683894717426032,1.6515698796548346,-5.252091840288278,-3.435912814453175,-5.26402670436287,-7.232291993831518,2.8930250897426077,4.323375791891124,7.429949657373243,9.694751167733259,-7.656835086231897,-2.9898913502181523,5.348384943570657,0.4638470537514454,-4.654877984280779,-8.914608326226164,0.38003573046933425,7.833820880810716,5.157914599741915,-8.156882080116915,7.815641059247188,-8.083568981829668,4.11050687556652,1.8717275612511521,-8.940899810913827,-5.7032756325033525,-0.040688898653101546,8.28144812616792,-3.8155812006199197,3.2029491467809894,-4.99578479347802,7.620835808332895,5.707687134878739,8.871916708049106,4.169935837853007,-8.14727173262225,-9.864264621812271,-4.027593849174185,3.250735712198745,6.924965945212129,2.1090641465576674,0.38209977988977784,1.0832805258890428,7.856788571550844,4.522707628336207,5.552252525941618,5.6892703116773795,8.010911112036666,-7.834993837257369,8.337286894121284,4.3418979461824705,-5.406163986962824,7.172193535680773,5.676571251246589,-6.757634191563162,1.0491810668700943,7.319643770315135,-2.2461188883304484,9.733288613405776,-5.167292759279977,9.765677394277638,8.699331997513791,1.179249561990332,-0.8041659271118,0.3451205620078319,8.981838953003297,-3.92151198255344,-5.228697072837971,4.401153094032393,5.516439371688948,-7.240987889978479,-1.78067574539498,4.68457968440058,-7.858269930709363,-4.6265057629526485,7.485009450840138,3.3939296738704723,-4.072062886852144,-5.195768634184388,-8.38822066108203,7.860977143903906,1.0524422527050348,-9.939276313276528,6.9715618037880915,-6.229558791020846,0.18161294488236557,-1.8809364049026769,9.90905674571247,-5.43501638514011,-6.664720292020572,0.4831058172345095,-3.8397655988363137,4.744176054173209,-7.997341698470173,-6.785615069414847,-2.5932914008401076,5.34480121464717,3.6758430068610295,6.756801865550813,-4.4495290832762695,0.9082950584968064,-8.10602087511735,-3.006393275922921,9.307677097041076,5.161462897048846,3.7470782976694466,-3.808139263398729,-5.225953876646616,3.1321179920662434,1.389630393565957,4.400825139187617,9.852052043837094,-9.182322713169377,-3.2063342579024434,5.788551510258229,6.141232188711992,-8.908667308778844,-2.125961507566469,0.17080754718937285,0.7979904890364864,-8.308897907061883,-7.6409269352009135,0.4736054237041252,-0.45912367097538365,-4.632178385065762,4.2631606750993605,6.090270770245191,5.622377048020326,-3.193592078614273,-0.2372858238363289,-8.09521884303972,-7.956488334205083,-7.826825859893138,-5.686609744820665,-4.44557532303409,2.605518067415435,-3.34280038210167,3.5130082190638667,1.8509660042268692,4.234704658141478,7.298325986803928,-3.518120863059984,1.0401794881106277,-3.7876619371699682,-8.471243510147277,-6.738541608610418,5.11211391901181,-1.1459903890719616,-9.186579438638063,-1.4491594918467587,-8.37017419465138,9.832078359148014,-3.3479351744771924,-1.8526113833912632,-8.871608770396211,-3.6894426989439566,7.491593145445826,5.3413445998659785,-7.967059269020398,-7.3970156723516585,-4.49556182705564,9.804106552476611,-4.302543722623824,-1.5541182129965456,6.9095355246020205,-1.8256386749628977,-3.841736868252468,1.3460317572781584,5.169877569392867,0.8396176240285875,2.4433724920167865,4.445216777863507,6.874868457755387,6.3127759498208,-8.599483110063177,3.985794909469316,-6.814847222389002,-6.848123052389754,4.485320252324158,-3.5017975372785015,5.954587571292301,7.378822464325559,-5.898552173370262,-1.484854070322985,6.209312251227729,-8.29111348592911,-8.148520873329497,-6.140229200430012,-5.816655618326005,-7.988317541463039,5.8618605273352955,-3.5815188731717047,9.69062601071803,2.7348352276319474,8.452938773896168,-0.9098037478394367,-1.9345152810517732,-6.378139051512706,-1.857389955797986,-8.320244222723677,9.850245137786565,7.778027786545259,-4.754843826113193,-0.557522162027098,9.254485868915545,0.40151658628788844,6.400395055875521,0.08256763284905055,-4.546912457802947,-5.057656037446701,-4.2015269429192825,4.78769267488908,1.6919383308479716,-0.5365760928326395,-7.834497228354207,-7.583523666966641,-8.32175509563244,-4.760787529743591,-6.0908294993819005,-7.343325980603397,-7.3897069872994425,4.043743952307921,6.526727797902261,7.928327065478481,3.183872678812513,-9.84430313786623,5.7045227832231085,2.2100652603388973,1.0730904882533459,-1.2307633326296585,-1.804438977122608,-1.8027559453626054,7.8067569260904754,2.5231385084094633,-2.385724710385708,-0.5438540703105676,5.533052907321402,5.836702163496213,-2.33866456107497,5.749177101560489,5.735816013900589,-8.902934699834795,-3.5896464325692046,-0.7445476992061302,-3.5576673982913647,9.50250774150857,-7.321455815323226,-5.756073788507865,-7.1442925940908175,4.715111664803029,-9.134846238087388,-4.149289675578549,9.80023864651092,-0.8253256493907095,9.75699948558001,-8.911825911832825,-7.896770624574008,8.301311517110943,2.8065888421656773,-7.581379913755781,7.794181806966389,-4.200765135343878,1.6614890513957707,9.06792094231685,-7.00173544331504,-8.587522176399272,-3.388894857712234,-3.045611713860432,9.689063741640862,3.764178447615789,2.6246101929825745,-3.3898449169115246,-6.179834761525895,-8.54102452261664,2.7329231806262317,-2.207878588114422,8.279902908659178,2.9811945897198875,3.249330189517103,5.442677854634372,9.852781425704613,-2.386274997459661,-8.10518348441844,1.0665669139680531,-1.9371631369015212,-8.038104726643027,-5.06012777439238,-1.0616398822845952,-1.8487944807559984,7.517902447307428,2.0610331196707037,9.30040501884288,-3.9697575522337125,9.043693156389569,-8.228405395170883,9.328314770948296,-6.825712055794337,-9.545185626130868,9.32268995812909,7.524425725313769,4.9963524911383335,7.78685132230267,-1.3876139420490752,1.3914130415993213,-7.40512006624614,6.663425968717,8.516990582450333,8.345815374215931,7.613393070254663,2.842137988330027,-7.857300541069523,2.9156071616214536,6.63470591445077,2.9245896583643916,-2.245686956288287,-8.274701293966018,1.6426619402435154,2.6814770669599888,7.445050940499019,6.996613649382162,1.707668257326734,2.5494598340505092,-6.793728844413094,2.651070633726011,3.6724984595039913,7.3856236878773345,4.464796010764777,-5.5717769139975175,4.171079793406136,7.08270884951596,-1.095866352673223,-4.390508108512579,-5.693958423150159,7.09270486619733,9.320905978526156,4.954073716360451,9.907740403679242,2.574660182448568,-7.757061288199472,-9.599507306116688,-0.8475253690303557,-4.340635951689331,-3.8316255180274776,7.020601063995265,3.9081616571625926,9.71639901436853,4.24749009949373,7.566978614550848,-6.468815000728078,2.057017840060656,1.9620340064865687,7.9618980957986345,3.874824475825786,6.738317792246914,5.762994353534086,-3.300202875837992,2.660840079049592,2.727678431311114,-7.841318500944006,2.2132654130810163,0.04802242054681116,0.6999119282100708,2.9621635014815073,-8.2448944768799,8.355449124545189,-9.165603506882249,2.265770618730542,-2.457434204845299,-5.335887911182191,-5.177339019329934,4.294620746343195,8.358084774532479,4.520066382521595,7.866635935619634,-6.782347794362025,-8.89581729216544,4.036307914075161,-8.935473606555671,8.269505093238738,-0.9653203950792957,7.852372746484992,2.509565455954572,2.1413044007473143,6.810811209890268,-1.8331206205070458,8.26951656074693,9.139955774016176,-1.8942903245159997,0.7029575066046263,7.431810816587799,8.374904398293065,8.685958249989625,-8.618879630212955,-3.1232296533402115,9.543890717636462,1.0549409890016115,-7.197519763831551,6.894249547835276,2.5786474731228477,2.8568068749022153,9.635733424579694,-8.529682571327601,3.574296657046185,1.5270809154103127,7.48909170316249,-5.796211359292993,-9.674510374930957,0.04343004820743168,4.064828347017697,2.2112528777515514,6.043905020246289,-1.921791196849048,1.270142049981608,9.465217849757938,-8.01876516585589,1.1947941468513754,-3.6399822514125173,-9.07803112210174,0.9543575869724137,6.352022399810874,-8.145685867017614,1.0084336511573824,-6.314749182010743,4.472521409878036,9.264601835163212,-6.7833972848679895,5.562036282798957,-3.904897779054714,7.470497803358086,3.2368015889183646,-6.609220907330071,7.482761114227522,-2.1080018839722587,-6.088173922849749,-4.363508722507092,-6.978805865050592,-0.08010712322294111,2.0890477569390455,0.11133688545344533,-4.23040811294457,-4.349539479582751,1.4583567036198364,-5.12979406389364,6.369419490410387,3.69945579934598,-5.630351973347136,9.79532277894635,1.1324807794579428,-1.3493857669673517,-8.34230742122073,-0.18723091274461368,8.544012453612993,7.840053285225846,-2.5212862947109738,-9.308487256584145,-0.6803031609330894,7.7659989891730525,-0.8327439549528552,-3.8788863602340617,-8.024905915394239,-9.104117850585364,4.417668014566727,9.426267053350529,-2.53662590444248,0.6947377748411654,9.116679946305013,-7.233676898783099,0.3849360869161096,4.421875052349154,-0.7783560364165414,-8.56000632458056,6.31241952073707,-8.741914552467694,-1.878703610377988,-3.215948359895755,-7.96053906242596,-4.344433212672096,5.218284095234893,-5.947079754517093,-8.750369267807885,9.876357749530968,1.8440195698316924,-0.2774522805609525,9.655809732188754,7.154876981757884,6.226486199636927,-0.07191277855712741,-6.42489290363244,7.97980692837217,9.535254979755383,-2.004820817457924,-5.996875057953577,-7.453713225756664,-7.433871110885139,0.7939251127689353,0.684481489721998,-5.998996507388437,-3.780089641027793,6.868526512865671,5.538182545515538,6.99918824365686,0.9284483013335727,-6.090282074957376,7.307498976843732,-5.619186488212957,-2.129886684914702,1.1157017313631474,-6.45144864101529,1.066137194627455,8.131650288534878,-6.482231110458134,-8.912665827173045,0.7869347088067755,7.16185970893028,-1.5379768721993798,-1.145379046911719,-2.3828934026443704,9.540764298219205,-8.690851989457936,1.1301383023329912,-8.630576752951898,0.5854104206789739,-4.548608931777376,1.4681727066221342,-8.64090510377938,7.445154592348004,-1.1093133592355002,0.05230102253880631,0.37986682635093594,8.045954423616454,4.56637387995249,-4.513071802912922,-5.229781567916185,4.443779477870905,1.2585749745043948,0.0828862603608993,-6.195048216802577,-8.406194258085833,-2.629289496757825,9.372387900392557,4.33031170278543,-0.21810465942510682,-1.7947835347146128,-2.8086774990416297,4.84766930120073,9.3058651977686,9.079161526009742,-3.5304882283843924,-8.973322546334808,8.791733806927727,-8.590705050993515,0.012815419083926471,1.7442535302496012,7.590628325346543,-1.2018806679932474,-4.924363134629557,1.6503337195851842,1.3923666686935459,1.055117844621913,2.3222507028232435,0.5665155531124952,-9.9241601497819,-8.840262483336732,-1.7557513225338752,6.6016642037321915,1.2622409863070736,2.1609775736677896,1.8106015361920278,9.591096620467997,0.23721770492461403,6.0052393754681965,-0.7630311822349292,-5.2687480768014865,7.557621917521281,6.113566891397031,4.422592348387129,2.23369878828375,-6.04315836645463,-2.3079433424119955,3.709671839610948,2.3145234928783527,-5.898727354521167,3.4918480425455556,-4.228277334724169,-8.8566550318352,2.756302619136239,-0.2707972528876397,0.8308989498722656,-4.554846652150668,-7.927375815775212,5.538894512833377,2.9680793312719196,-5.105619730957041,5.647042641644724,6.569250347036462,-2.851352112777188,6.915157114954258,-8.623386282360194,5.617018419873517,1.296252819569169,-1.3631003477372001,-8.23771269777485,-9.341188545176964,1.8045386994825243,7.926153305652711,-9.57942430281462,3.783785147173038,-7.938863275116821,-0.8818780847313352,1.238853291781405,-1.932423210962357,8.496184859033121,-1.5098919264170867,-6.059334391624311,1.747346154978489,-4.020584141545742,-9.764742305560548,-4.180441384723938,-5.123686148531887,9.007558889331097,-2.0992217934369917,-0.13083056572723173,-0.1451104077833687,-5.284422947763399,5.994170226300797,8.225579967280826,-9.080733519470744,-0.6145427218749084,-2.2931206016777566,-5.865600087205218,-2.753098500191788,-5.816731173461333,2.5157109008307827,-7.2432597318631675,-0.46010995647460184,-6.2486271968931035,-1.2663084726004108,-5.450851389618188,-3.4244445311463085,-3.31741409703902,5.471194473800525,-2.1562749570804485,-7.507301790258745,-6.316283637645926,0.3507468077855851,6.75443786683034,-4.917301012683593,6.421612588981219,-5.85809764424144,8.609705047770497,-9.57227276782165,-3.61669989758097,2.3433166255014193,0.007028024062519123,-8.231559268844507,-1.3322447528398111,-1.3427167174759838,7.3123516664477215,0.1559635298766704,3.152440822287838,6.3467173279713265,6.961455249923077,8.677757524586536,-6.2064635398161965,-2.488553686561586,-2.3994978393683475,3.714368895823174,-4.62031186196554,-7.038353117489448,2.600531046942727,6.123738652271214,-2.4776290857652334,-3.1267929506706142,-0.9427317375384909,-4.7984104238505925,2.274410254113848,-9.060640986804376,-3.3716574500205336,5.818063006483216,3.291246692047686,-1.3271007472297391,3.389620493699219,-9.157037570387761,1.2984861789112472,7.057587856840101,-9.278740037705791,5.107643429483019,-9.450969548345086,-4.161196007119039,9.74953758587209,-9.917364628595992,9.189576805006602,2.978166774804418,-6.054813686197333,1.3945378433465692,-7.594780186153775,7.1364958255352136,-5.303071522441824,-4.734086940059097,1.6841125765873173,1.1460208092518371,-7.029792943396016,-4.008108589177056,2.466017794041713,9.839858446858674,-1.7235583079033017,-9.390754874712266,-2.962630190085016,-8.126113521604076,4.090678161445915,-7.782845490811536,0.16437743493890267,-3.6719201452435186,8.667808109741063,-7.259046004415888,6.266945335603047,-9.187931436043261,-5.403525576660724,-7.2271197882910325,-0.6244619830393887,-7.609340501132447,1.9476969973631242,8.38251400044674,4.76044535620499,2.70936483222075,-9.319598975686576,6.7923125863929315,8.35799032296691,-1.5540564747532652,-2.4014157023264993,-3.7176035778689602,-2.403755998169661,-0.6682757626479319,7.718355516699081,5.6326387054322975,2.307300175169946,4.449933195357227,-4.032999736386986,3.187860300336112,-9.742804651429593,7.0578264316711525,1.8473229798247441,-2.6247679287939736,3.6042060891956638,-2.049233857967689,0.6499090429452892,4.679592285394236,-4.044231059143177,4.21240850607084,-7.979135387827019,7.718723289098609,1.8693764890421356,4.1443238748019,4.07478640541761,6.476335514440137,-9.83855187692473,3.6481900058615775,-3.3676785109230067,-7.333680479654827,1.9768960833382891,-3.329674974944828,9.311760749752096,-1.1731894364693147,-4.5215482319383105,4.7066828915556655,-5.040726431256273,-3.862930094651615,-1.2391260143476828,-7.299771525062955,-1.7568200176273159,-5.1681098432033075,6.173743488105096,-4.888753446961898,7.740138692437366,0.5618595596559359,-4.237929692244629,4.120507434107568,-1.9782956387644148,-7.661126895534924,-4.700021452717293,-8.209170382022968,4.089263627574777,-2.478099802391549,-3.441693717023762,-4.735512963972246,6.173218281272867,7.051871448996103,-4.959597801266886,1.298985202565433,4.479558857887952,-6.697109630222071,5.315987412925518,-3.4650006557422337,-7.217595210180803,-5.144022177257527,-2.5447569491638227,4.902159125377354,-9.715491433352286,-6.791132152288693,-3.169631563897253,-7.468214044604209,9.393596289607093,-6.23554427867969,8.583847749762498,6.2086000090083395,6.997641971526978,-2.0338787357872556,5.104076763153952,6.412130037414322,4.723482088517507,4.810969225216972,-1.2731474047355995,9.676262229155807,-9.050622613958037,-3.9233972268875945,4.152030088204601,-0.8548188712420632,-3.9716000837171883,-2.7459601386603865,-7.934539608201733,-7.048563421391876,9.801632667157072,-1.2224660174394604,-3.326357290196988,-5.195926210845072,7.725908765635577,-4.390053067509497,1.2084979563053633,-7.834444660641687,7.202032676168184,-6.174754978618986,-6.975106947979633,-6.8311621705859356,6.361972025464098,-5.79699770838785,5.486288881597757,-3.7426306936106135,7.4016605934056585,5.025819249557353,-8.755431220927829,5.525144029777202,4.6476779877098355,-9.066433707811443,-6.915677404373117,5.610751257531973,7.004849737955784,8.488402202482138,0.13270572655763502,-5.218797251402689,6.2859374848695815,1.9795439280522729,-1.2199065455356433,-7.351847984994036,2.408667247306461,1.9221513668265882,-8.320873884915077,7.257268868373082,5.462282690463695,2.080740698390029,8.158653857790657,-6.478426450643164,-2.141039449677984,0.8105278055294249,-4.6211852094993455,-2.5609233127509556,8.523849797453703,-4.863973478484915,-4.066118652804094,-8.740954566783472,-8.790178890300114,9.54687354927728,6.577066241206477,4.511703499760543,2.4379412160074327,-5.262118393243574,6.715499864904732,-0.7362089376713516,-4.460225896159633,8.046520310047718,-8.940264714653512,4.76234120927497,-6.25671790885451,0.6710478608201598,8.381544673701654,4.695578182346768,-4.406215307705843,9.414536989776735,6.219275338474169,-9.31047093495037,6.329353496456896,4.608009801495596,8.246840111673428,4.196454333057272,-9.784922502934815,-8.382139597439513,-8.54743655590845,7.67749353098759,-8.345350990726457,6.521579767285971,4.6056613186486945,7.002140548896069,9.819559363841922,-6.770373187725214,-9.449795321593728,-9.529148249686138,-7.0401053154767235,-8.23431723875765,-3.659711496850324,0.8991956963164771,-5.051030180200067,-4.0726346838480705,9.267176446224035,-7.8515465654472605,-1.3228142991166152,6.943617482549641,-0.5665921832413794,3.5429458578919686,-5.1683788172424165,-0.4661960027575329,-8.678563804204451,2.071607623087125,-5.373071711481838,3.4337185811168354,-1.0874209056004638,-5.703934155757871,-6.5385196455842,1.563734835098396,-4.547943095916411,-1.4598155966626933,5.092883658403974,9.048553343042848,-6.145808218130886,-0.534681419408864,-6.517864613893898,6.376823445876521,-8.244872879332428,2.6997447967069004,8.326663255336143,-8.174872368696214,0.5339379386421079,1.0666824725597852,-0.36974914647434964,6.147217996774621,-3.9626801955672564,4.658298267588341,5.522396777270844,7.255546434518223,0.15589725500198703,-1.9727090664809808,-7.511064928067929,1.1976088834999317,0.7354595198396048,9.68720148551062,-0.23722968843165226,4.034489627222461,6.659404325415078,-7.803927381733608,-2.9067658521877204,3.670053465627829,0.8260955494322566,0.610787479878157,1.769625292120324,-5.911958380880664,2.0553291337988338,-6.814335092473696,8.84400412049252,-2.1450481995170794,1.965953790441457,-5.572037959572018,1.044727264646399,-5.926461103279676,0.43679715996797874,1.2936622769108972,9.13003810892046,-8.545321760616776,-8.903419039928629,4.103700270306172,-9.229106378699456,-6.398133953191634,0.7911858017674422,5.064876139797384,6.5080500408857525,7.258342654456936,-7.668290470464294,-2.1256901537032924,3.6041438949674856,-7.0646510371030224,-6.69562649728044,0.10507884716640348,-9.415546536547971,-3.0409963252501493,4.884264975709691,4.351442364698894,0.15662466160827648,-1.6574705499164253,4.682764408001692,-7.940802809757668,8.042893371112964,6.4223857183043656,-8.32419679456601,-3.768299890756328,3.6904578123546976,6.148265403430962,-7.47838293426658,1.7658818936343543,1.1184244656589026,-0.6858716374293756,6.233750695777818,3.3381056663264026,-1.6553786951162692,-2.846243119108232,4.09517041884688,5.532769297824586,1.3481815211793453,9.853763726627943,-5.688843265455983,1.3289534566296375,7.42907289382908,-7.451049001855892,-9.845657364353059,-3.7215033800775377,5.265295911632721,5.127165417793664,-6.542723571870184,-0.21690887721060825,2.0740506720179397,9.986351307037022,9.851258537533504,3.332148356874903,0.8375862138921324,-4.638320094418158,-1.4715349520387395,-5.295697358430738,-1.5126722761512426,-6.380896830124381,-5.0734842777321765,-0.9864978865701843,-1.1709191142078517,-5.382257143483127,1.246287164104933,-2.9772283875395544,6.424783299258458,-2.638724709562579,-6.191027668745934,3.253012667316744,5.439011219428329,-6.597215355550061,-9.39588614130184,-1.156583741069685,4.194834481038331,9.899479161217382,-8.061384526587279,5.602979890997386,7.9569716614782635,-5.312711879110845,1.2043486131119963,2.795430989670715,3.3600634047517133,2.726495519809953,-9.194149144327643,-9.220030003102435,-6.819757912250091,7.586681156729004,4.167939862086509,5.681587829812093,2.456502344988481,-1.6774268032805146,-9.676009051331585
3.9507385762969367,1.540212312386915,0.34092378346233865,-2.669690933382962,9.1958659055047,-9.858806724069446,-1.308704562729675,-1.3542910938253705,-9.159955594411358,-2.284235576744205,-8.499301594871874,8.274834365012676,-2.566211059594707,-8.5705998218008,2.3960759169964128,-1.0387206868051369,0.5640803137432222,4.411253243905369,5.055734686628044,-4.53053632949336,-0.32269576213897366,-1.0077246426666377,9.188154038234387,6.327244576663858,-3.777441830877666,-8.794983503584685,-1.9785279190874476,-9.57245867352386,5.82118314242469,-3.414036383852091,5.896160738976729,-1.4567213656632578,-5.197796585956929,-8.238462378809109,7.092405076535762,-8.118983332556901,0.8848713158779482,-8.514065808781133,6.753596509139989,-5.651060424576578,-8.147325129780116,4.825743398097833,-8.947021368493377,-3.9240211087409964,3.1804275064467706,9.510950974244004,2.654447521424622,-9.75659120602274,4.941915110979222,-6.486872266938577,-8.64700466125859,0.4603437296003854,8.95832813353514,-0.9485385529096835,-0.6649130207251037,7.186089315656673,-8.726044875009798,-7.028090650337875,-8.572795848563334,-2.7670301408406655,8.674479556840307,4.179941937935123,-3.537355600026566,7.774886165172429,-2.954455650377179,-1.5453183399610282,8.325523243707877,-5.13223180504232,6.271470452340413,-9.609904164128944,-3.8202981207446474,-9.761220436107427,6.1271866557009815,5.240447237720991,-2.6210830292579406,6.8006142781527075,3.463488271971711,-2.9779815259601854,2.342566849816592,-7.978345259485389,-7.27315796894935,0.5925156293668881,1.7644650751962399,-2.682574148536072,-0.03313816551097126,-0.24086435660731098,-1.743115144609508,2.769099376967393,-8.218115758957481,7.57393492104034,2.356559429755672,9.18030490602468,8.60191486166579,-4.146743555299466,-2.560197360896927,-4.426021357371573,1.1358732889212515,-7.232164653359527,6.915954987288664,-4.281741060005357,2.410966392647758,-1.9784630420160276,-8.703673413236528,-5.200690739156759,6.519597347636527,2.8268730486884195,-1.7142461563953155,6.905912105726038,-7.568103124528458,9.5999017693205,-4.612386194061429,7.262860660870878,8.717864969715528,-4.801314047313463,8.409952445859208,1.1418096119684602,7.526344503583928,0.8866418662076434,-9.561724624477623,-4.446755201107424,6.4852723558512615,7.366447218188057,-2.5194641210150026,-6.108922311496261,-0.7842484275430692,1.3006744521798108,-4.888884274464969,-6.308637042395224,2.169871325227053,-9.861645801658025,-2.7642549283289934,-8.394020693966098,4.627523832849787,9.56933726370979,4.731827205676613,9.380907759844412,4.292419072947549,0.2798427922386786,1.4713108665420336,3.7556906277695354,9.069042165982609,-7.1758601124415495,-5.383225309620016,4.566061829749293,8.824963817696968,-3.430505550547405,0.6537900766231868,1.6907906797515597,8.815086054055303,-3.959041741573042,7.607087856573543,5.454830214645817,6.290843739801144,-9.795543640057856,0.03151615398227392,9.682426532415022,7.004351057282932,1.8977347940902352,3.0921894915314283,-0.2935690000650304,-3.9889222418118226,-8.391067640482825,0.3261040760056293,7.717957722000843,7.511017265077431,8.212445958711033,-2.2347339680144156,-2.2207876993767766,6.75123043471222,7.98115805576197,-2.5699659743455916,9.906751287946204,-0.9659851902574541,8.05738927004479,7.084462512213072,0.98698577589869,-5.59244195441404,-7.055190628444228,5.5567968039941675,-6.628100367369583,6.055750223802821,-2.5311229826357824,0.9957119233120295,5.533825157484127,-6.219663795813711,4.015710815216117,2.8093346550551406,3.2969010952808517,6.454854700472868,-9.314611807636993,-2.8041820382839022,5.513179973793687,7.028125383089893,7.708300023176932,-2.0644573045129437,3.1975936350657737,-2.0450712436333944,-3.6776194116151277,2.974971542169559,-9.671496656679029,1.6755237876949458,0.6309299809755675,7.617301455833374,-8.269945394509614,-9.68453382833725,-9.816402336903646,1.3527273318618072,-8.50971122914965,-8.756096989791073,4.598839986289374,6.676398464217282,4.742516649176924,-5.465832312678427,-7.284825360391358,4.1228017722579064,-9.966557692110934,9.426274888999608,6.5909998369601155,3.4483550679220283,-2.9975936113062573,-0.667774570416551,5.470463264732647,0.03641877062281296,-6.811681499712763,6.92463130487981,5.695378902427343,-6.610728870642983,2.675427620028488,-2.4660718838741413,0.5365031570251446,9.902088694589416,4.293392460868228,9.441889749196676,-9.751932949668387,0.0703762688758598,-5.541098798410067,6.276212396764741,7.042788597292599,-2.412445766975231,-3.438246220474128,7.089752308058234,-1.223837666191475,4.09902845617092,-4.709033118004838,-2.338750230202802,-1.4811800881525095,9.40551026158371,-9.05900198039593,-5.717817279427296,-9.108984145025518,-0.14565497100552705,2.7616273146679227,-6.789276930901844,-6.426529602504001,6.295455992304685,-3.054355303498097,8.363020497125138,-1.0405933631806636,1.4748653269293506,-3.4210892879721815,-3.1267741633019845,7.7830190361465235,-5.228077932329831,-1.3803373378606683,-6.9271484797244565,-3.1671696866526204,8.378372305145461,1.826104495030826,6.100105847997895,-1.7831964091784975,2.7599470602165503,-7.1852698670450454,-6.2848855778004715,-6.904146351797442,0.5579399561230307,-6.704670469494416,5.118017262704694,-9.634828631511876,-6.333602646598775,-2.6072638492817912,-6.163126323845263,0.7745703147423555,6.767552160796548,2.4828027374060504,0.08681380811619377,8.65748489191925,-0.7421907520682414,9.830862811975088,6.285133789682945,9.560982449716803,-8.250583156654343,-1.8666853648078678,5.458991174258326,5.282862994538489,9.915907672897927,-5.530182377756219,-5.40004740323327,9.743584134098487,-7.423813580230596,-7.409319602741322,-6.194084930105232,-6.529857663926288,-3.4433541609603164,9.010457638995327,-1.1157351575978076,-2.819288823117372,-4.680876263663714,-9.33143503730388,3.569957044140663,-7.444743353323662,5.077388720294962,-2.0140862849234065,-9.786755622707135,1.7180378457963297,3.81813018042768,-7.922687241936986,2.206405185022115,5.234397738685235,3.8689295052157124,2.850305039016522,-2.271648321279862,-4.870067253157306,-1.041134596435299,-4.537988495678455,-4.893661157757143,-3.281158889798177,-5.780530661246937,8.920026866140049,1.8520800427208002,-0.9497789935318046,7.8999600964131105,7.677503901960524,6.346554190188389,-8.77837734552347,6.095033233258821,-9.264286368704557,1.2300438646320906,8.66963635677466,-2.8424758977142295,4.2878826628392375,-9.870060375628507,-9.847354812760932,6.720333879280517,2.710998831986373,7.143164745930392,-8.763267148622605,3.2441679235496768,4.71496794307347,6.819859098781919,5.22608305418289,-7.232096178590785,0.013584465650147592,-9.695836863917378,1.4709662195305953,-5.317180220595487,9.519621331212427,9.150326678845225,3.353705047634378,5.086327609797902,-3.6121126768089145,-3.9552163562540006,-4.7580794040907755,-7.572652948242546,7.396293408612372,5.411319878567959,4.614883717543307,-8.17228368802665,-1.4276702035985274,8.929119501157782,1.4757331290643734,-4.04976278114018,-8.602866576076822,5.497434349011643,-6.86954190929125,9.04423846824433,-1.1607502467993527,-3.214271247668612,5.468822358910137,-2.198078835366797,-0.03645325159063617,-4.162373549978464,-6.034763018287563,-5.957611023666589,8.372124585948015,-5.4742600084982085,0.0046642387189059775,-3.3232273132469414,-7.544483309774623,3.5954031061346114,9.483889892490723,-7.409725865090351,1.1896772755546579,-1.8693362066033696,2.0671794205217946,5.620839824346234,-5.787610408123052,5.999790751685213,-1.1612740033771942,-7.399928971711129,6.583184433689322,0.23480852701464094,-3.977655087114873,3.2325838725150184,-8.048939270133618,-0.17434741942390808,0.5491625472789874,6.129628438190565,-5.9160309944499545,0.22943071710503915,-7.281817890005355,6.8130481582453335,-0.0035482956616874617,3.1626929571439177,-4.66916060339231,-8.787629661222487,-3.3279554222679186,-1.3521721092191203,6.759216896010642,-6.202803119137386,-1.8105640255377722,5.882165650507606,-5.546761832599056,-3.134848057872248,3.853297632670067,-4.76114106559443,3.83992638447231,2.110863498009813,1.0900720724878141,4.1334081201330175,-9.863683956219788,-3.317001145879688,8.49012278541942,0.7527933330875136,9.56783795723327,-5.473701321097462,-7.349286015592023,4.30474462323938,3.1980381427486666,0.49352427897188633,9.431912596277968,-7.3876991889864545,8.643030638392343,5.278140958596019,-3.2370778505221987,8.944220542395325,8.58282123036696,-4.9271616618538605,3.021271023056295,-4.481339217061244,-7.827395220877859,-1.6991873426501325,-3.810002084254287,8.46867617696245,-8.788445834355912,-4.784841367125498,-5.519371326913101,-5.344747434214727,4.678678244332497,-1.4015180199470514,5.4242718804403545,4.167512429224843,-0.4315787789744281,1.5368565300335852,8.797138455606891,-7.56161786239675,-8.652554970493284,-2.1253510882627458,3.887846089740366,5.5102897965925415,2.700516455239475,-8.610392773700607,-3.002296760299563,-5.799437277729509,6.168180019465584,4.623280139261187,3.200983536590705,1.4667995219825833,6.614680905649749,-1.1573585892605998,1.812369581035579,-1.2951260791984822,-2.7882852978244816,-5.939182036690314,4.00504902112289,7.077431373963311,-3.3506090349615425,0.6998876830988827,-1.3584744921964536,-1.970569254848586,4.656509102064666,-5.993576790959838,-5.217849286816052,-8.47583266664957,0.6895405608198164,0.22132019260592273,1.7904779150540406,-8.879443474142414,-5.184804058232915,-9.712564237169431,-9.549946769595564,3.737756868444219,0.04200790134287402,-7.880822374400971,0.07433709796072385,-1.3116660016949275,-6.244019203154583,-0.46579684914385133,-0.42031124302181766,-5.520900429919728,9.014890696208194,8.004991877416742,5.467824067674856,-6.752194246356562,-2.273282137648307,-4.907522363164758,3.6752942608269112,-8.272722401752171,-0.9796822240390277,6.284015113696565,-3.5352104448279764,6.950591419828932,-9.335984878445867,-8.051681806637092,3.5834805775783245,-9.252551145130923,0.2670406419381308,7.1939329763665825,6.734496980522124,-3.780390093009764,3.8013055280137014,5.369780969690174,1.0631112808184913,2.2401380303539113,-0.030188739217141602,-7.474987924705648,5.781007035848976,5.467866764115211,6.333773484685302,-4.736605103540921,-4.645879594587257,-9.269624720225643,2.379329240265468,-3.7136738142668158,9.957185590315472,7.885230009606975,3.871269325815703,-9.278292264322712,-6.6474929106698415,-1.4199640123306132,7.158729536087819,5.705419622573569,-3.9995294937094306,-0.4368941163959619,-7.650862859326213,-6.227104085905557,-4.352171756398933,-8.560971980600891,-2.432227241638114,3.321638869267389,-9.129225283071365,-3.604967754897954,-8.505427018815485,7.5955980253031115,3.1229512243698423,3.5851470836658557,-6.040925083455377,2.377262680183323,-1.4871275443694039,0.8106177270687276,-2.348434068251743,3.0707068096838057,-4.699970942603282,-4.034526044188986,-9.940244070794312,-9.086912919535017,-7.067364190088641,-9.289197709569034,-6.488356602926273,7.831494250750698,8.194142337881281,-3.604361702339669,9.117442305522221,0.008330177040299702,-5.021132869950535,3.002967106850784,-7.083713622686192,9.091694741652717,-0.07726787511552402,-8.851803624032588,4.632982612241454,-7.939800261919727,2.7050216803965093,5.056250219426762,-0.2401418396751165,-3.4926760238445365,9.618277845637198,8.397528203495938,3.32162570771831,7.675512414747136,-0.8982765267976571,-2.1451376876111024,3.9504942369536256,-2.5226234490674315,8.116838995065258,-0.5244715885634381,-5.709408428794802,1.6661528584200198,-5.3655128038574595,-2.6812406303601177,3.82977094656691,-6.296565000297689,-3.8705585216741305,-9.255295218159535,-1.0130506342506251,0.575606700002746,7.691673557679856,7.184773844951781,-3.6357657372299386,0.5718742352089041,-0.49842060887271344,6.524655370738422,-9.950274942766512,5.422792324231672,-6.439111929829798,-0.1699748821433964,8.001967398328041,9.18180348000189,-0.9988122288461945,7.979137936130751,-1.0030916094925324,-3.664486610818802,0.42516971350075394,6.295998470364577,-0.8456769867929932,7.739953674142512,8.908491892549087,-4.105904038478405,0.27029139538226943,-9.53450727705712,-5.11774520223444,0.1294076419022634,-7.896843623292556,3.3065985741305717,2.7798367689428787,9.955177434981152,-2.069511939594328,8.151476550887796,-3.6256274368575685,-6.106896307262564,5.758863920873621,-7.683825052466238,4.754466270204581,9.89937930231827,-4.9718675793760365,-4.981420652400221,-5.83234040655576,5.397883134241088,4.559990469697482,3.2538798336700907,-7.583589502327904,-1.6505835812969512,3.332869768568848,-9.779437114005727,3.4794521847354964,-4.328356689260917,-2.644267920298626,-9.576116025405367,8.419025049191983,-0.43974045332367595,-1.5413490371561718,1.4313176963064187,8.771840081913169,3.9323477871184593,5.606480232285138,8.716286590749739,6.414966154811864,7.8462682224175495,-0.6796233774404001,7.202764349806145,3.7155735512270827,0.3163897687838677,1.2546853506672413,8.748663098562027,-2.14242077507998,-4.046754149128978,5.3882669111936075,-7.367217566597796,6.0470489591750685,-0.47415101995925824,5.211177263192667,-4.423621067789627,-1.2400041304768408,-9.574569560037606,-5.060032027826537,-1.6734938881413175,0.5589808011403754,3.71160057074478,-1.170377851725803,-6.893121317474263,-8.915040057884905,1.6124812786299891,-3.7945643178841753,1.226667809402695,-0.5740253906721726,-1.1793697527553881,-8.02218669182837,-6.500061414615219,-6.968088466585263,4.938909016201055,6.673923996930895,-2.8480705655183636,9.723640620915972,2.3200518835900787,8.27136868217385,-1.2013111150542635,-9.424457058137804,-5.5197287854792325,-9.80255042325246,4.202540925564911,-7.826116385700368,9.38630547455189,-4.435111914079681,3.0973514702566245,5.354292840925085,6.360986747737119,-7.202777080861738,-8.224292966655318,-6.58652964302878,3.598468782395443,-1.9519105597711786,-8.525412105232078,-8.949402782633797,7.420742160847599,7.091559018166663,0.2861674696125309,9.02232518589162,2.2922418695872278,4.618646739933663,7.249755843410433,8.87231074433576,6.467974958983124,1.9524928872936158,-0.06767577233629751,5.960812214383388,6.813853581159201,-2.706506265402089,8.414371302319722,-6.976695941763385,1.3986001582816385,-3.563391370121323,3.8271083098264853,8.017840235864629,7.285009902535144,9.578717926437555,0.5340785544594056,-3.431255784588587,-7.043298948281869,6.846352091363389,8.954862025617029,1.0501490508987175,5.05022249850256,9.51295039791881,-1.266937424108427,8.495569551899191,1.867007995882929,8.466337529503303,-3.14616561095725,2.0826948121201205,7.717046799747614,-1.3446539030449234,5.0400997095134095,-5.2340076270299445,-1.014983525631747,8.991753010133447,-0.026260973956709677,-6.95032032982315,-6.230853924796815,-9.707293964100803,-5.587672750548435,1.392097677513842,-2.563410592771729,9.642249545849499,9.880737874734074,2.522823509727905,-6.927705022849553,3.4480989404681512,-9.497832901841946,-8.31886617224744,8.983533177543976,0.7315966772379738,9.152060954003108,2.4657467709269945,-8.402258603698339,-3.1105738374157443,-9.827755627572113,-6.742266380241865,0.11088155350066309,-1.1397169146220971,0.5461198695119673,-6.938139342869882,3.4130441740265223,-4.822340266266128,-5.201650543403251,0.897905036604822,0.866798512401175,6.432573073319407,6.727330970345324,-3.926698748209761,-3.239655056437593,7.991391724201865,1.7059311257621985,-5.467404242450757,5.134280635927359,-4.263972584295798,9.788623469603476,4.960397105676236,-1.9432066747420755,9.759276135543999,-7.767682545900576,-2.923625045240181,-0.0559954406412988,4.088850698287246,-5.373890171620808,-9.89169810303671,-3.8637561316655127,-3.583474598406813,-7.904195532656583,-2.509874139357848,1.0003787281195429,9.394306493075057,-5.423360986364443,-1.294576623258246,-9.80707046717409,-8.507148612874431,-7.98650068777545,-5.741200435250762,6.222810781896634,-1.761902473727993,9.840825792572904,1.9709782977249155,-8.551961369875023,6.291130180252331,-0.015754543425451573,-2.3959844667840198,9.496709959155659,-8.146507509352162,2.548641994312984,9.527372166537528,-2.5018030666409423,8.245477115065263,-4.156516057599388,-5.349627030406929,-1.2799378994163426,-7.938301565382568,7.164770603782138,-3.5488482081528687,5.6539525531407975,4.649034631770432,-8.189196617206637,6.764400287755514,0.8679145774578387,1.2296183885677117,-4.98877242192399,-4.420856723399044,6.015568109970065,-4.84047243118135,2.2548738249665856,-0.7428983331958232,3.308330617355697,-1.0986111779954086,5.859728048368497,8.266868136455724,-4.223200255137902,7.190764354301503,9.278756908360009,3.6811028360273745,-8.833245451292147,7.425458293920652,-1.941299039389337,-2.791343108015141,-1.36070723495299,-9.047901538183707,-5.474186852094038,-9.080602627771427,5.07717674757899,-4.5857960659013415,-6.732513997299526,-9.434569779281228,4.541052937791628,8.907049945295597,-5.341219427051806,6.42940492126348,-1.1228256120034814,-1.2244217840879852,-4.608427063216292,6.285962696838389,-8.267665575877935,3.448711990815525,2.858843224373528,7.731689768815894,6.247622918534365,-3.675107574720899,-3.7761669600318264,-3.558613243437067,-2.622050032411874,1.8403264701532542,7.455675711248489,-3.857618099331537,-9.069430978026263,7.158781456714809,5.9056737338374425,1.809063812746576,8.783731926990693,7.091204772710299,-7.33982470103644,-5.165163663471189,-6.296849071420596,0.21136731710416612,7.39671813411212,-5.51031702863,-7.568010371713938,-3.389446135057737,-9.147461019019914,8.117521681052605,-4.341580004941525,2.265262109751255,6.601744086046125,-1.8425576445458347,-0.7559725588997619,2.3044269555113672,-4.321678232803789,4.323230825381303,3.711944341308854,8.961523429667924,6.876224345104209,8.878073442017225,4.480347285685266,6.605317395116039,1.3223500537776545,-0.8580622726368325,7.428386285081945,3.276931098897453,0.8755388437233194,5.014955685260304,6.88967646052788,-5.291282646393181,8.001089772603066,-1.4609905120047486,3.710985463116872,-7.704682597865595,-1.9284592051146596,-7.843419479139935,2.859187609165488,2.174835174645919,-8.954705216243324,-2.9553092162872368,-2.2223117255737463,-0.5050108946317255,-2.2152978386723454,2.1752831355091686,8.534539707328467,-2.5706715922259864,4.800404719504241,-6.515747235867211,-5.384216287268313,-0.5911871424363291,-4.161703445904665,9.743407346361547,2.513047434939647,3.316588072954861,-0.34414219475898555,8.549311302281492,9.056576688955683,-8.254624634812364,-7.711579637757488,-7.28096148867543,9.449189698667052,-5.3438012534304775,-4.809383252507013,4.486760717941943,-4.71878730491329,4.048612813643439,-6.489562086458607,3.0631416911776306,4.540718987188539,5.065892982314487,2.8162014295037956,-4.724497174473646,-3.9942283809404344,7.334373646343636,4.157688904081077,2.857664248997647,-2.8531653027812753,-1.4913155388187924,-7.0235585848509245,-8.365349049756174,4.627488586451507,4.524278625340516,7.825779359121473,-9.731956017827741,6.532437267383223,-4.330311724641589,-6.019939746918945,3.7247934349295786,7.291051293071938,-4.0307268421902,2.2323742784515055,0.4394521822870594,3.5647514418797517,5.511459338270948,7.891648661758882,2.011318171248302,-0.14787198716790506,-3.7352939397687512,3.7291727241362977,6.310887769438519,9.67342900094864,-5.580410944443324,-3.1527004067245645,4.6686123299627695,-2.716695249591763,-8.404082432909357,9.938114378291235,-8.75047301586866,0.39062904780884367,-6.752772319007829,-2.929284813911157,-9.558374619375998,-8.44513226453178,-9.689154814335518,3.0456901081734262,-5.8466204806938205,-2.552405683665908,9.445263042268994,-4.678597366481753,8.989959279413767,-7.359816909319292,3.5753853812621266,3.393312403514802,8.926097876343949,-7.482795466569716,8.620739858753595,4.013423772873878,4.5957564839312575,9.918182685575356,6.547807846935857,-7.230194396654381,-5.309918385700434,3.375750568184026,6.021731986918432,3.8817223243619043,-3.6897441440484506,6.289789298848735,5.528669175052359,-0.862203631707235,-9.455317734949766,-1.3532664960090361,-1.6860750376686937,-8.662013283253437,2.301014770813545,-3.1702356505187224,1.4048707446225634,5.301460700893482,6.556868446737347,-4.697694279183208,-5.718582866465843,-0.6924986386429062,8.664724187554043,4.98055830951748,-4.2737298466963125,-4.510383852580704,-3.6160662025417984,4.243293318239303,4.957885470426264,0.5384419298917269,7.2187562685480025,-5.716046008397743,4.178500101360852,8.057830068101424,-6.7865121036417015,0.5809431765682138,3.0127448687277063,-3.2956934822529664,1.7644878261314485,7.774304276276222,3.453880962826867,-8.423551152489333,-5.20530069780561,7.619552164145926,-9.903588119138737,5.006843049372211,8.434227921828786,2.035311062075513,4.154606895551465,-4.648537953920659,9.844561256469273,-8.40266299346662,-5.53752443378303,1.346260309298179,5.904555336846926,8.410722425512756,-3.704071295453608,4.4609097427499105,-9.829212012709817,-2.2505776096775882,8.57693587052632,6.488221021185506,2.846073677721268,-6.295178037377891,-2.8371592996923223,7.591523052071754,9.63572046269373,-7.771499170267029,-4.068712245939685,-9.358280778372052,7.256721799948167,9.722145339717866,0.34029756214988716,6.68174912664885,5.615451541087996,6.2903382216285735,-9.557603132349346,1.451767489250397,3.99935925696283,-7.821762094528559,-2.6352757136524847,6.424035722783252,-1.4638715458586216,-5.353902599198916,-7.6957011676160985,1.5335004553878395,-1.1622408113037501,9.983315188761871,-1.9410642165858878,-8.857892391981434,2.611760432494618,1.582828432933507,5.258770929012705,7.051134781370134,-1.3119383070172113,-6.932311215229985,-7.981923809624969,5.8627692284064565,9.95221264104347,-2.053114116824492,2.967708269416642,1.0661701283514589,-0.752502089881375,9.051974154052246,-6.107766491556608,-0.45036376818053725,2.2101439454318843,0.048298939631239435,4.5483018563549,-4.408952889552353,-6.792510286982281,-5.82380379767536,-9.39169071202027,2.1294670620365217,-0.4576874979834713,-3.301438106404335,3.999866118934337,2.7460263773322424,0.003182564928172482,-0.8572196644014518,-0.30510547610462524,4.609998654866596,1.363850649014113,8.769110784094334,9.645865758988606,4.252472033917252,-6.63623335320146,-2.091249817078795,4.230972068104915,-5.1944974062533955,-0.6099402540472365,2.956256790777111,-5.538392372347896,1.5244181218499229,0.3966389245521391,7.162514483276784,3.5221399360878447,-7.750762151324371,1.671709011589254,-9.379273328902094,9.283177628958448,9.913628294858729,5.890436656383532,5.57580745915555,5.391724385716399,-2.139173179458438,9.01584746899982,2.7477441578539956,-1.3828426846813446,-1.0736028374419266,-9.733331038648787,8.37537105337865,3.660735494179008,-4.539829246418909,9.044606162553656,-2.5438467412697285,8.677689701923022,-4.809158772310413,-3.908946148001755,8.263117411587565,2.977812991221052,6.002656126276008,6.0312838355508305,-2.352657521146517,-9.556737922588939,-0.12058919469226836,-9.643893070273407,-0.7573368620285343,-0.547875661769508,-0.9515714884286766,-8.367561500579988,-8.764589567878005,-8.510552235505962,6.129823849845309,3.9922553253643382,-9.840514121949004,1.7025121785265966,6.529292660451233,8.479521019566317,3.4635940281415145,0.7080599197069617,-0.08703722323771501,-6.246762824661321,8.703635294532237,2.7990218572155694,-0.38100731192190374,6.595797829984605,1.7619854952899416,-2.2470986311407763,1.7074872336940068,-7.732365214062613,6.116929186140293,6.633484912493564,6.493215037402791,1.3973518350455354,0.2301268228180291,-7.580858414761402,-4.225742655200806,5.433756182867844,-9.80972774703571,0.2637499189907224,9.412623373350652,-4.883818254989524,-0.1259842443616872,-1.98306382631597,9.845736264467515,-9.903204860609078,-2.8972372617121582,-6.627709041051313,-7.549964523684145,-7.118367906083152,1.0127287588899758,3.143724918568312,6.755261431679461,-9.656006970886049,-0.5851202210200164,3.4805557687100848,-3.7925236618714457,-3.0294614008590415,-7.347103698131527,-7.458094609011454,0.8151899081708365,0.790967637253333,7.051019658713368,6.060899617278842,2.2815548360817246,6.947115479723344,-8.198911249914367,5.881077973603773,-1.556258561389443,8.673600277306221,9.801127210575864,0.5098189978701022,-8.950473455147891,-1.342026826702181,-2.831980386746899,8.290256460153746,-2.0313089862819105,5.303159628732427,2.1287162361354817,5.789284499713803,1.4237902972467822,0.6631723386861736,6.611151613544649,0.6269582150262849,9.417048576027419,6.867895425465306,2.663953352311143,6.206561829888315,-4.80459041009198,-9.95679352375085,5.591854876805474,-1.7450826147654013,-4.424909808340944,-1.1786873753604947,-5.134200402571505,8.307887516990956,-6.264486020185796,-7.493126637746769,-8.80653554288468,-2.7594950356613923,-8.522547056759588,-2.106104412365677,0.4254118700606355,0.6830772408252308,-1.0559045122312867,-1.6360610622037512,-4.239977198298986,-5.520694662469465,4.603124401554844,-1.8386698630256042,5.149486445607119,-7.272628306759936,9.238856997686767,-7.767433095897824,0.4678282621204861,-8.414534895213823,-8.411629535309107,-4.196538950783449,7.969798767353318,6.135899180357676,-6.747693010453045,4.7813734252892015,-3.527656577107889,-9.985316998659838,-9.473335453990746,0.9761122671641846,-1.6205567297660917,1.7417481656944673,-9.316330628730496,8.003569040951948,-1.9585917804374162,0.9105689839785285,-9.726028274560585,5.934301788295306,4.95196570017387,-3.682644095137153,3.626970810405364,-7.3936617313434745,-6.326760929566899,-1.888598739697951,-6.942980485168211,4.4874022087430365,2.8971606526438514,-4.522182970860069,-2.0008876420132022,6.8185588123810135,-2.3044401757268007,8.176320331708446,9.051933825169446,8.134511699712217,-6.880839629168203,0.6591942990119026,9.441600019084781,7.1133470629939985,7.566949189267948,-4.783551584014429,-6.917443714340925,5.521395123066192,-3.9164958745327265,6.86811324246024,0.5792832688749243,-1.281258482546619,-9.055832608819987,4.170177734555637,-2.775521624631634,-0.40688514089709926,0.21195756223420048,-4.900591261971243,-5.7999151544339504,-8.93492816563808,-6.840702642384102,9.937399097787008,0.09566401593940732,2.0582234490919937,-2.236153880077227,6.030760601104575,-7.986675833935058,-5.47465656274335,-3.6949762715141947,-7.978682355365154,-2.196383108505257,-2.7518546584641257,-2.05988798418157,-5.403773390834232,-4.636540098002133,-2.9843580254092528,-7.958274817754887,-2.354281767810072,-1.6141564732253695,-7.931688903213157,7.730673567765557,-0.5332750301531046,1.486435616631974,-0.6933449770465483,6.594243063746017,1.883723895784236,8.59277010651487,-2.00648860380094,-1.977188042689594,1.9474436057088127,5.955158385391954,-8.029523582121065,-9.235225341918987,4.457326524893068,-1.2607229672189426,-1.3302088722977423,8.035130052759914,-5.473070767365076,1.6188801602601561,6.29831954916018,-0.9049449610413838,-7.353784029216872,-0.8924286109721908,6.138395103128843,-4.939981336513359,-3.472470388076985,4.758673961725101,-4.867556946637932,-2.301681477087869,7.306859793472032,-7.304329958127678,4.782708784957375,3.143694528561813,1.7434520695505142,-3.2089188969917988,3.310888170294909,7.154216719140209,7.843832153583662,5.5134000127772005,-6.7017228018447295,1.9983588012452387,-8.742443575025035,8.295150693501785,5.4754775297151035,8.36375977946803,-2.405539566965384,-6.272242065657214,6.512822055970574,-1.4366063359335985,-2.915525521539399,-8.875238566417472,2.1957162669655226,-2.609023082363726,8.146463054873752,2.6027196947412747,-1.328542947371428,4.541844811732167,-6.650796547727424,-8.88582885873571,-2.2278766679460915,-9.188965557383517,-8.491782441585302,5.783692174340107,-3.0471954593598465,9.338819760936843,-3.937233178196342,-3.979978017488701,-1.7067256587474873,7.962018839373837,-3.562311496864627,7.435215195290198,-4.605936331877476,-5.4632702905493025,1.7027753884327375,4.194818089967477,-9.771842765157091,-9.671290204591019,3.522096935937469,-0.8571199176962896,2.9406462542196046,-6.814490473739488,0.9874415912437211,1.669323008481749,8.045149688902733,-4.595720024511747,3.678619787338242,8.427298352843117,-4.249001138944237,-4.280473781208977,3.56654528629155,-9.380400582284992,8.77576535064589,5.880175568008115,-4.751194777358753,5.377217649482526,-5.855107398741952,2.299169837949215,-4.189056251715675,7.02406484907749,7.906829975500905,-9.976418328235923,-0.3966122265849279,-9.859394598785759,-2.675913760540598,3.9214186598723995,-9.738289645195156,-9.80564898807658,0.6269847537736517,-4.911251938379893,8.869606784434175,6.818304808499011,-3.9430191173178937,-1.7613565634495743,3.0606278427401854,-7.757452293575402,8.933222046306728,2.8591694676617223,-3.7494145303597985,-3.751668671669151,8.70994908382994,2.979529188558816,-6.531452593043808,2.391316254258699,2.6532208234420764,5.83430387816853,2.121151803851655,7.346716631573166,-5.805652570427764,-7.73362135580232,-5.015199487644997,-6.197285071005418,-4.140055910009672,2.050484595411673,-8.010488850408866,-5.7551513527432725,9.951330450741864,6.815531506957658,-8.365663809312524,5.03141801549342,7.068579196716026,-3.592699577244602,-0.8555682270873959,3.6123575331426583,-9.266372770609301,-3.8981705230831025,4.434717675792621,4.002335142949708,-3.170402980569005,5.166439240646978,9.23989383735978,6.069040787222537,-0.23049638609287548,-6.368443600856937,-8.324061292118534,-8.669960377339837,-3.0058531334216703,-7.250166430020677,-9.523216384466124,-8.695487726277143,-6.923594727216134,4.1245899461558615,4.632553307189593,-5.717210230698512,5.651468862500517,9.978209857837932,3.525649178352273,7.58102422226008,3.7936275804573416,-2.648913614292474,-1.660408694281081,-5.06259787340309,-6.491933125639255,-5.984015034121981,9.676179287666795,-3.9598734896957355,-0.9942713092826612,9.660285506139147,8.942164573883073,8.098032303072678,7.628403256569964,6.095581828435321,-6.615545939822907,-2.476152952107431,5.823365313352726,-7.262021669274514,6.728532914218555,8.288977880009949,-1.8651060344627481,2.500719670799006,-3.9842991942073596,5.559109381142289,-2.9304977093796243,9.58437577119054,2.5754486736317013,-7.392675699258966,-4.40765158508817,-1.7743054299146905,-1.1473733637174188,1.0260766750062906,-7.444113309254434,-5.827199015440659,-8.514607999581356,4.594922936815177,-8.84270542998868,0.18455694587019167,-9.87825651239776,9.327744512457642,-5.187393572574203,-1.0646841932654088,-1.5653676044245586,2.1888359339448193,-4.2739507442772995,1.9189982082662524,4.219407663863759,-3.9341473862098164,-7.792753693241066,-8.328175371282956,8.559548675858895,-6.312540981435966,4.115272084865854,-4.167576587636901,-6.8033605898490235,-9.795298810132989,-1.041624755858317,-4.181529428909629,-1.257066756561576,0.6086737248062981,8.816615232335732,4.254124860856585,-0.9102459109159753,-2.072343052709704,6.54763354421101,-9.793498755343649,7.77696274960163,-2.9379028952417707,-0.2461822089689747,-4.6226509836740926,-3.4410207817284473,-4.598867845252936,3.6911483777297605,1.1941540215364004,6.755762632792003,6.52548226488139,2.8653443990954663,9.561898214526838,-4.3958792840007614,3.988269445071829,0.7214118414541382,7.357498255718408,-2.8072418845373237,2.3685751469153224,4.5469140360060685,2.481195671772605,1.6187837892325447,4.9064078127567505,-2.137781479406722,-4.83646478157562,-5.658657451406553,-4.5340925372263,-2.640031060986079,7.000265231252122,5.807158219797223,9.734208820614558,-3.8531424918237,-7.0537829911842875,9.996282704552673,5.928798218294196,-4.293590158421193,8.899355415465987,0.48088318793117324,-2.764057916815192,-3.821378079560813,2.966790282989951,-1.3951807326808296,8.652089088679087,0.8810662279889634,-8.441428918531333,-6.159852754554285,9.086055689475863,3.009237725338412,5.416372603004325,3.9300193178255682,3.64194346005962,-9.667926717191124,-5.686148030772067,9.690579946461547,-2.179164617303819,-0.6114969080979229,-2.1674623308330716,2.6533135591809316,9.096200611167436,-4.960740963648265,3.389084922850735,0.6175988625740274,-6.34153923661432,-2.1804471124878315,5.09004974274999,5.22078952970398,8.891160560717992,9.877551240958336,7.094589375483583,6.804587287117766,-5.868539031280687,-6.6803783965053265,-5.543732708251512,5.495592159184202,-9.078171943170192,-6.5314518219498785,-1.7425300771994383,4.767422373088078,-9.897453525592681,2.1490469613389074,-0.9606787391516001,7.533618818165351,-8.477996614548772,6.765116666187868,7.956893896331184,-6.262630098783966,-5.7504009900517055,8.45206278510652,-4.435438409629178,2.2991140467834743,-4.156694364324737,3.5386280229341445,5.835685088768592,-6.58711154836775,-1.0174603132138635,-3.176940030867428,-4.632962996376559,9.7270821609861,-3.791836529363904,-3.9591631756395547,-4.11408418455154,-1.6558250872463098,-2.1163421148882904,-3.204978730864349,-7.6219125145017275,6.287537850363886,9.209269964259239,-1.7421792840698984,-7.9726187602420495,0.5972229654387835,9.264325281901218,-5.508350418569705,3.8303504366329726,-2.9344457017986407,-8.842770415210488,-2.2739440941786953,8.478011537870863,-5.641516510691802,-9.87132673242069,-5.629776810612144,2.9675772547051267,-7.2207394664568465,-3.6297466003352437,-5.597490132662428,-6.686549636650518,0.9727908912952525,2.1933100035684703,7.671915772512985,-3.0131256328892286,-3.4023004845275917,-6.595546069882117,-3.272576115481007,4.822735958836592,7.447185529114762,7.547479363592707,-6.470207052230455,3.5502271459468826,7.92141382139112,-0.7197650444551797,0.1166090906277013,-1.3005948824820894,-2.483720933743399,1.5120090860278612,-2.237880219848325,-4.542244640833677,-6.787651700174948,5.712988661793396,8.070792402217112,-0.078943252195252,7.138095468012647,9.820946686273214,-4.111534748386876,-1.2210609681282314,-2.3370353374819652,-9.245803450896153,9.92929174599928,2.912919995336461,1.3915996389285308,3.698576095720803,5.695271491110134,-1.4580873729116899,-1.814150035728261,-8.485541740384448,-0.07335037221112906,1.306902379605738,-4.032027718870013,1.8291718808430328,-6.646242111918865,-4.778564344293123,-6.155117724471088,-9.680821286456297,-2.9623417912456818,4.3284003135953775,-5.640094775231792,3.336858739482187,9.31582955518516,4.77836918926304,-5.365760581796996,-5.743099132003384,2.086356582450401,-1.402694966519526,2.635546769888917,-3.323415562335552,-9.281812378817806,4.836487241482976,-9.36418958319878,-3.526681684975901,-2.6975120776105594,-3.3855501740731313,8.397624716930135,-5.655916043465887,7.707612227514872,-5.004043104533569,8.62626993516854,-6.229098557320436,-5.244221488214307,-4.118551830787451,-1.9302083662973057,0.7103278063724083,4.64688725192935,6.620315305715231,-1.5477365192914938,2.904368564464704,-0.05072292365514386,-4.859971862409687,5.0331185363985895,-2.99683340877354,1.8447630177038992,-3.732409755641175,6.585495488109096,-8.045531917857936,2.0396495617909842,-7.70190790962981,3.0201465908362284,-9.492293944961784,-8.518868790786172,4.795037302326239,-5.861652260246735,4.600767139503786,-7.394081433701083,5.988601255039146,3.6044068205135886,-1.3013407384428906,1.8841271035960574,4.439715829815004,-2.303483832340241,-2.5608125988920794,-6.466581971921601,-6.658903812905672,1.3940152745759704,5.576741419989604,-1.4524730067770015,0.015941762972733642,-6.4984667603017705,-4.684622260396365,-4.756409766459575,5.181909387408838,-8.068128277314052,0.06168698643240056,7.788380536526731,-6.822252265254177,8.675786923427086,-6.894008791937967,-1.9406947825092118,1.577445764630001,1.0068333977000066,2.8839470782163907,-6.561699208454619,2.9623072584901955,6.9745125540841215,-1.607174657021007,-2.172182512173113,-5.195421716771158,3.5391978844832135,-4.3921003725255385,-2.1499000030483684,-7.317497054476467,-9.989741102797478,-2.762046603660484,7.853494509565444,9.179478256988087,9.66968549623638,5.733726058165665,-4.15207653421372,5.205788431524175,-7.910234160618441,8.495843817070817,2.043301268900013,4.652238755314526,7.4526943029734944,-9.240924769666725,-4.731848699161403,5.284723351018741,-4.810604018700992,2.5968905117906864,1.344168140550014,-0.22249216263817218,0.3374648771262283,3.190495154205834,5.625563047109081,4.476247286430429,8.45739368906574,5.038410237304692,3.4045571955292324,8.742715150042347,0.4866207754461893,-7.145274134357278,5.748757475750409,-7.323474139067104,9.259619797273075,0.41519551694641166,2.2121768146048773,-1.1420742786627898,-2.46714668109413,-2.872890885676062,-6.7230571573383235,-2.037820371834858,4.019677632825813,-5.941057265875873,8.9807394889467,9.826837922857482,-1.3558455797738933,8.484492737089532,9.220125847661013,-9.535417942875057,-9.133954414904185,-6.119853670724624,5.585089505971251,5.646223624465909,1.3486840170353247,2.0470055568788617,-2.2574100006143745,-9.721279444505717,-9.740767063794406,-6.665823556629804,-3.615640477583197,9.247201182954594,-0.5352830008708853,-0.7227684710806486,-0.6354085163292744,-7.424378400262645,-7.15633354544797,-8.130366579948591,-8.061658626979579,-6.861861479400155,1.1389125678739482,-9.948684907082422,-2.8475861161171068,5.331815785490859,-3.434633736693802,0.49838917731164045,2.3353423875481703,3.1365046388539817,9.413565391571868,6.083145029215071,-8.768043093531244,-7.01836973978438,0.44164588990165576,-3.3717558370215333,-2.9880861290629106,-9.322131121546926,-5.201312079436546,-2.5585379455588537,4.8887560426739185,-8.89807456601238,-3.281798280085213,-6.136445048746351,5.137667912472031,-5.453870867164332,-0.006390211690202818,-3.2520402885584465,-6.930097475491386,-7.903663438835573,-2.7199611241889032,-1.976254781507654,-4.063456964485903,-6.212353885157453,-5.506885256834845,8.083702864552126,-1.2467076702199602,7.748082613663357,-6.154971033638635,1.8263800005498876,-6.997686005094055,-1.853792556776634,-9.413237757998374,-2.0856103646802993,5.689827772263239,-3.137007963673229,-4.201712157576594,3.9036138785973797,5.69053930477339,4.119460861821553,4.788757962743331,-3.889771831741853,-3.4492080735860338,-9.723506355113843,-3.3086678148787696,8.11096913338914,-4.8253430181804635,4.95519703587869,6.217348739120915,9.409482807700059,8.864074875768722,2.275395983678891,8.789681521811787,2.7420622430089345,6.729005856375355,-7.488409613758065,-1.5985417898196541,-4.068855952604464,-0.13154100310964623,-9.7722112960434,-7.689816065593518,-1.2489739479267552,-3.8170341790331674,7.948285495744244,7.912262245065044,4.876364867256983,-4.992143652125369,3.190304575636995,1.5145151811015403,8.476632723291328,-3.5578212491809165,5.026824953376156,-6.477669569515932,-4.991331288361809,-5.548697977551553,1.331352783559021,-6.450763036023943,5.352705451648799,9.811044333207413,-5.984452912847229,-1.186908665967664,-3.887065962399805,-4.499123687442217,3.8495863432249884,9.56902971550814,5.421263647152248,-3.147827512757628,3.112643890942394,9.47604797264188,4.454242103559968,7.3332682671324,3.0012871711843374,7.157704167438943,-1.27598041088795,-1.6891486892332814,-6.747335959135232,6.397178086805983,9.86506655600897,-2.2322054761251175,-5.069484274266671,-6.092895831369183,-8.136650846199148,5.609899715047423,-8.330273690649015,5.1581116457834035,8.086108989157658,-5.023877273247253,-1.635272352751846,0.46566137756062176,-8.458569507529472,-4.757342269206588,1.386781849013616,8.296885790185542,1.9606121615446312,-0.6095265630688562,-6.526272127856405,8.523869956046603,-8.360466183983286,5.127708388439473,-4.184289612169946,-5.985726843049979,-7.185233667248498,-7.28194151226494,5.831967583571526,7.417156434728245,-6.526784151095024,-1.3297628670299648,-1.299350648307204,6.811201917981467,3.7549013002911398,-7.8750999547364025,2.7093542872795044,7.100706397688356,7.798852705295392,-5.291884759769896,-9.822172371986795,-6.737778293841941,-8.564884389728478,8.465873757635517,7.645224651854711,-7.72767084394032,-5.3342871970843,7.756822582400499,-1.684424929611625,5.73144421190802,-3.4609688698279957,-9.460888885641097,-4.783361614396037,2.513210285995143,-6.239478790318893,-9.46705173154662,-6.100506419299148,-6.551578187818528,-1.6006380616581097,1.1082130237793102,-2.603290657604253,-5.902587785182371,-7.7810961602578015,4.309116403466382,-9.029191989815528,5.363028696939306,-6.82266395376228,-1.8278544265899104,-7.553714642018661,1.2465970620680942,2.7271774297177416,-4.2995048734897185,-3.825175941802261,-9.325087856225995,0.8800991374652529,4.8296730822881315,1.9612195854226329,-0.17039265117366043,8.820444793405585,5.642086785677927,2.1889732910681587,7.851314636079628,7.906558712756677,-9.917893595111824,-0.32323704994217195,6.740429182198522,-8.195144351817568,-3.3564507995635857,6.95802745705738,8.584963531041584,-8.876271266016024,-2.6691756178976345,3.529080230378403,8.911466880941411,-8.996707354274891,0.17693340559235793,-8.497367818141115,4.251891406125683,-0.5786126803061169,-8.261733181458016,-4.18742919804539,1.672079350079871,-7.4966015419491345,-3.9338326763877234,-3.913767848822771,0.08406372400019535,-6.054935741319647,0.5257572292270787,-2.1700897540859447,-9.34121052427261,3.2457316368308256,3.843377073410167,-2.2256624033137147,-9.799424071596288,-9.035122758403318,-7.166782485772016,9.523389482549039,-8.255632243926186,-3.525499360753736,-8.35869407956074,-6.160539654609005,-8.761957381776806,9.298119194788576,-2.5432450898071473,-2.9254412509350374,7.15069365728186,1.0949830195036867,-8.858940378815303,-0.9508399784946135,6.176263396006576,7.049870362378293,-2.5458468183269067,2.759565323505873,-2.3186541617353207,-1.6723996516616673,-7.8301622291128385,-3.205648975932487,9.019582121006852,-7.755497934230052,4.34965560557951,7.290276638689562,-9.460287955051301,-1.995715126636222,0.7112881898432573,5.12179611344809,-5.009812161200664,-7.272897375306964,3.0661172934186,-2.556672897285326,-3.900925965722852,-2.406090315572591,3.3724084339755045,-2.680922156211569,-7.662374066828514,4.677719735815105,6.970362937887966,-3.0614430364114398,5.8252250574519575,0.7180774316840974,-3.9993361834476637,6.847782203608229,-2.3021408096647056,9.001936017998627,0.9543963566211815,-7.067954094801461,-2.604783655734037,-5.586207159867069,-7.003462994326693,-1.0417555063967914,1.518284214730123,-4.718911183120699,-4.133964249213111,2.602294320524285,-3.296078675222991,-4.371950984101596,-1.7886839605667753,9.503787615240746,-2.0249040002797614,-8.223371832256412,-2.2173179265114555,9.78560462205683,7.483516692096956,-5.702358862661379,-9.246058865003082,4.416709476949023,-1.6490201626129277,2.1411885997561484,-8.152768711389047,-7.261186538113691,-0.7243990171099135,0.8420133418561004,-4.932459999659811,7.829480918008883,-7.109804872189325,-2.3669256586323844,0.813854802390443,-7.645527852870206,3.5691080403172712,-4.643887989120817,-2.9818448615561426,-1.939036470501632,5.696160888166853,-4.950805649717589,2.0352113761289026,1.1120125275484671,1.0195044682189227,0.32133489421954486,-3.4970201614409113,0.6467903389666514,5.200445227456434,-1.8294986415038714,-1.1190875306527026,8.01262433694503,8.153272235179127,9.942377198219429,-3.404714230109642,-9.736190907014437,9.902397629132551,0.6604534423962001,-8.112405247842165,3.779665047749168,-5.79401583946302,4.64489482233488,9.401109603873977,3.7177816626285214,1.7902253144179738,3.1668190285762083,9.861661692312605,-4.912946778405547,9.739021606740174,-0.537738074372772,2.6464742818900966,5.3328305793718584,3.167042632404396,-3.4843538246678385,0.19570537066431193,7.661611259655249,6.066387036369626,9.5400056278922,-1.9105285525034006,-0.04378190702232665,6.37979295232304,-3.871604410307336,1.8082971541130277,-4.48501889770675,5.929455245353836,-9.173757321245308,0.39592983855657415,-7.622399936589033,-2.5608286907763027,3.6835320625756722,-9.04830836520635,-6.503164155639897,2.0714866876421603,-5.4241246579179485,-9.939156380934408,-7.496835720768759,-9.217807938115051,7.880814076814179,6.2489910350330575,-6.5246527447232445,-2.4490855960058067,3.999944408755166,-7.343520823477105,1.8408228816687355,5.147061808642244,-4.95845068299769,-1.2406531117328523,1.0650480120280381,-7.357424312619763,-7.888355178101842,8.828611420729487,5.869583411773881,6.170102514733152,9.527662577151695,-9.374880223351798,-2.0918600961954574,-9.525745121513365,-2.2217795096173765,3.634131191534845,-4.28228528636502,-1.7866798891299318,6.9104967328030895,2.3126226682971343,8.61557543185172,6.78449378387252,0.2472325885783544,4.814831559658801,-5.2661158278176545,-8.037776275824571,-7.275159202826622,-3.0047363691950224,6.756351066020102,3.886412325710282,-7.040684802266592,0.05597843838588368,-3.2910943855928565,4.13901011239577,-9.39237904728982,4.194681473817823,6.904489166753216,8.259987771072545,0.7818767852822894,4.0245210970501475,8.938504242052066,-8.243727174936154,-2.938231139457079,4.839631375277344,7.295955263992759,3.246000593457852,-1.8605396268700236,9.355398860121127,7.023436119785785,7.110592360344917,9.237729942010148,2.632523474176933,1.0922993457587324,-1.0202381515698846,9.087990323069874,6.260601594259349,0.4095190981374852,9.968466912489198,-9.620060028959577,5.6871112851192684,9.248759971064654,0.8049861521590067,-7.7219492031484265,-9.429568792655136,-4.92933682788083,6.528689954425843,7.14843186704822,5.267709771514674,-8.573012646232334,4.889466801179136,-7.140365950084233,8.822670515286816,-9.076555409171107,3.6035784123080443,2.089555400729626,3.0120611527531693,0.45184828465819216,-2.0683662885392557,-8.035377018750708,9.793843555662242,4.809274177864243,0.35311834472175896,-3.2683794606049776,-6.325969029114626,1.6689132348772002,-9.481374625794626,-4.525364109306982,-9.11469632990447,4.013072527680286,2.91282738664189,4.8034435084607985,1.1199878394721452,-4.616843487766533,1.5463905501510453,-2.0298942487749594,-2.1395331477785113,-4.406712524557244,-8.001531839446322,6.369868427295998,9.457150845577576,-2.698184506733547,-5.7112973317683124,-4.8331649637315355,3.4024969642658895,-0.5951805927896192,-8.387375674516154,-8.353693353199503,-7.714382416339083,-6.286392093852163,-4.013164435071652,7.287954416818611,-4.311101612281636,1.9831154884595072,1.0158512658073349,7.58719951355285,9.781883788284016,-5.370562362829316,7.609721379262851,-3.515167602012898,-0.32544609918543443,-1.5420820376748967,4.689493368195308,6.279480585060181,-4.1083444217663745,-7.084078087886958,-4.751927214966281,-6.972783262362348,6.5178102750137406,-6.604115788218916,1.7289994932988613,7.72508291402265,4.289874342666062,-6.82521639089003,-3.222542479482316,9.582848206957923,1.883570128061569,-5.120992570549108,6.94807910399312,-5.295519177448426,-7.731444195571808,8.721592462922196,-0.48675574390092535,-4.945758082571993,5.657160168874116,6.447885345315157,-5.490203913112701,-6.0675048341645255,5.480388430612155,9.539623255838162,7.487415352702559,-0.6026081972419455,1.9701284845690097,3.1421084960895485,9.05423478895371,-3.291857824150064,5.661744872827686,1.5533617206097805,-3.8542521504792333,-3.847669011078409,-9.055438337439865,-3.734021262464598,3.4758511689840166,2.3929161934117396,5.741814250286108,-3.8869577819548073,0.12093230174461311,9.883421619831427,4.122402562927407,3.992684932761115,-1.1157823347111435,-6.262484157866101,7.66008479860168,4.261361696453363,5.8709838615942385,1.1080103776018984,9.094673650118299,6.772296000986135,0.3835128557503946,-4.414959601403192,-6.995905499755115,0.8306652351743633,-5.584729496314811,7.778140526768972,-4.16010118334897,4.400740251048646,-9.180621159748547,-4.218079907103746,4.049525973218104,2.0485121489909357,8.872865785308022,-1.2038336086976855,0.2754705025918831,8.088198828261064,-4.500511021154859,7.2785707803663655,-8.61994636581105,0.6643353192911547,-3.311639427463213,4.696980440451908,4.780906606642448,-5.871098004594706,-8.70711069754776,-7.924653726604585,-6.043421480383923,0.4796392975645869,-6.916847820469966,9.746018638378164,-4.791467401206376,-2.122523470506936,-0.38776860292433923,1.8873712176996182,-6.070081415874975,-0.5663313038108448,-1.5127139643655418,-2.9138840481812123,-0.2076889130096795,-5.027057415817076,-6.669185764449416,-7.865149390571915,2.947839230102886,-6.562907216369826,-7.170395758993182,9.460703921237595,-0.3900414341997642,-9.176885081371468,6.685888863774871,-1.618754355971138,5.577111995370723,2.70035519650925,6.9144482626569435,-4.948060157070588,-0.032225735239890696,-6.528117344621096,5.6620423203653925,2.9393685318786478,4.785606109170626,-6.158849137278331,6.874816555784797,-4.389584316148596,-6.7363483241954984,-3.816672468387381,-8.22195737927209,-6.952511059505547,-6.677236949862106,-3.40975108682459,9.030001129014828,5.672090499850707,3.989114210748017,-5.245678264836315,2.753240793325297,-4.645261572194029,0.5935575237383244,1.4815299567331213,7.970184121872414,-4.681427063536261,-6.797397749980241,5.219985273796766,-8.888520626608845,5.6841815638956135,4.456356708459833,3.322945856712769,-0.49101562864386317,8.294596403047699,-8.699424497838448,9.090755524185695,3.350558480994465,4.999229418542392,5.911378898753416,-5.594889971103562,-7.92622478059037,9.946637283718147,8.557267617438821,1.2504429559198513,-4.69958476591753,3.358848833734596,-3.855440532597889,9.560604824367921,-4.481795025076753,8.265076195204486,7.375134854455283,-8.793662525243167,3.6426965607621646,-5.369238451676626,6.9373190909717835,-4.036308299534966,-0.169251748909252,-8.44945322114302,-1.5124839960417766,5.669802382001359,0.6401475084567387,5.673944479333819,-6.029767861276989,5.471315160212868,-1.8113312597289273,-4.029644992792917,9.846454229350414,7.410469474135883,-2.36235167957836,-8.248410999428547,2.8446003629011596,-9.818516773092412,-2.149299953554693,-9.546824187471612,7.150090490341878,-1.7468101010714658,9.293816051244644,-9.804564450532634,6.944051808063378,1.3688887333333728,-1.4724963292052546,-3.1148438939593497,-9.497973696887616,-7.437137497675033,3.096957152809667,7.061053174167746,7.344616837195762,-0.18299021801620619,9.374429242816372,9.442825897314943,-3.9020758473680717,-9.408683720297432,-7.835256892670319,-8.172522843906972,2.798146414056056,6.611479854106449,4.875436190632424,-5.862847590162046,3.075666992903761,1.171913421473823,-9.80718117049879,6.862245079405113,-3.9660391869464062,-3.7832555176006704,-7.9712440062394645,-9.178029525845497,-0.3776671561152849,-4.015485424565464,0.7431593221178865,3.3818313436230856,-1.3174915144631214,-7.320904676206839,8.535241410431603,6.267690030701484,1.9193469506082437,-0.6052344709765851,0.5586174376189206,-5.244640816481654,0.6096035165651017,3.533911500102999,-9.677209656809216,-4.785689412466301,-1.0234503296669573,5.444730283892817,8.54022562512909,1.7114034494897439,7.691923825402636,0.8297943268534489,4.965333637408822,-0.7562799729716794,0.7383929129876527,0.6178814629943474,1.9814908094599701,6.599466359330208,-6.266141403343339,2.3587070246745085,-4.467909626343927,-3.757194445973875,1.7454417496973953,-3.0437800912556074,6.8931353494695315,1.9226129533605878,-1.7279197588355188,4.261008508695419,-4.892688310442099,0.19902632769321293,6.293389766839162,4.1469831213203925,-0.466650747869636,1.6656588211387895,5.968897538543359,-2.42566369477347,-6.481267519377196,-3.671483768881483,-7.989389750586531,4.045757746946396,-5.2198837369017355,-1.462782168363976,1.7740476281841993,-1.1868453171112137,-4.391263749101713,-2.482829167352336,-9.882844299151493,2.2614894694938243,-9.038064077339422,4.751783969246318,1.4297428805538317,-5.594899277957486,-5.613918699417102,-8.65576192338777,-3.6417459460708894,0.8080767791380872,9.738009527532874,4.483660162180614,8.72415244638185,-4.722547010878575,7.543807395341695,1.7107008014703453,6.161618811244374,9.019831093765895,-9.636906312478411,-1.2254184043103358,-5.52954750351879,-7.596524472592037,0.09767775516726118,-2.518427354207682,-4.601253372900739,-0.20705404487378942,1.892831554066639,-2.204942722300201,1.6125623519763543,-6.6085174849179085,-0.23141375397946717,-8.931358458123595,0.10649933274233625,9.750958482740643,-6.5904391289816155,2.6741062167982736,-4.874228497793043,9.141335505946483,9.394640011238469,4.411878960727067,5.00040369554636,0.7940205559893379,2.7165662041966154,-0.4760844655319332,-8.757067774962783,-7.512757679829947,-4.4518140484378605,2.804112375144154,9.777353051646365,-8.408154646230443,-0.9209890195741721,-7.16685379375485,-4.326641525581268,1.0358760911207412,-9.023830386533849,1.8988957971685814,7.3995550399903856,0.24708542483640272,-1.4266383161514042,7.7699958882672036,4.545978710667972,-7.252761440008772,-7.544994299715739,6.731857723265655,-6.452469932352898,-2.5111839358603927,-2.395402734959527,3.5448336152273754,6.497845239509097,3.190220971258025,-2.6000652996616562,-7.200090467820477,-1.4095342047176054,-6.757482180992658,9.123633962003641,-9.415540835011502,6.797308686789691,2.822819570857696,-9.477098089068432,8.89049431958901,6.631296174415326,9.475123171566164,5.519016053817847,4.728224778010324,-7.122805588857402,-0.2716504894067011,4.989845506501096,-2.199768358681351,1.0545899474093563,-1.883268645995063,9.840653328818703,-7.205714929709606,7.268185449520576,6.001936808927006,1.0290173729520546,-3.9016259801387125,-2.7163477605667286,-9.831924081414504,-5.854091928619036,-6.634795589982867,-2.1153080816091796,-0.9954965633904251,7.8405092631903806,4.670942835521272,-1.7466447211847598,6.99850445912028,-8.10962243973082,-7.621789846714564,4.489474533887272,8.055026379503897,9.010199234203249,5.175364619411653,9.699925164260229,8.96982934786476,-0.3834624218864331,-1.1188737883750477,2.708822554884387,4.4170189623418405,-2.5911877786854003,2.861586377060995,6.218870619042402,-9.12498275264658,-4.469170331083252,5.487529223762062,1.5835734232759577,6.791594184003028,-0.7247293515878965,-0.36122590695766377,3.608587194124496,1.5410145710843697,7.559780630522614,-8.146447308256459,-9.807061374007695,-9.997803281108386,-9.14921573073407,8.778358419705231,-2.667416967543737,-8.324282698613494,-8.386386396739505,-7.665510264133182,-2.351665202348836,-3.055569253484272,4.703421178072061,0.1372956200518427,8.586758831350096,1.2599015792025803,2.642856798035819,-1.8734691262869099,-7.72386676593213,3.484166750935948,-6.457019126779409,-0.37603173396443523,0.7666509078698738,2.409338979628675,-3.345419157380592,-7.363668755631134,-2.0201556047237617,-8.187352960387473,-8.051738049027486,-7.936392396692917,2.0051946259522637,-5.569981703329057,3.9652192372027155,-5.1914168149902356,-1.3076708896114813,7.61923687380397,-0.6854331886249039,-9.085072993604854,-1.1466839430165656,6.856993031989461,-0.4182504650702672,-6.374786640985317,-4.761126232325963,-8.343741871269783,-7.811874271793496,-9.305501603464563,-7.979506844801627,-5.901556140004098,8.211970309807533,-9.148329886209483,9.471772568955249,-0.4956160323115597,9.013266519987479,5.595809687487538,4.782767285113339,-5.78560178082464,-5.233285200673983,7.835452609411789,-5.738861116566101,2.8405129629024692,0.49742306694051486,4.471378585289756,4.885129610160515,0.1624932462015245,4.027401005678755,1.8222741866289986,-5.730892631864939,7.671841487668004,3.3678670112034794,1.6529129626195882,-1.320775366060813,5.92895832859686,-2.1682985089796025,0.6480882497575546,-5.790680759645435,-1.6331466411384596,-1.1953666425886134,3.1894325514813833,7.837179104556821,9.58469069907811,-2.894932288293859,-6.2715658346822,-9.650976183034278,-6.2321960281984286,-7.897433384818438,4.574496264558718,1.7823905158417688,4.8763755294121935,3.6933649911420083,-8.171110569543966,-3.1047807957811706,0.14598982594578302,9.49956965930841,2.3548104604465987,4.427585165187489,-3.906952804421799,-4.52783519640194,-5.575310774700664,4.543903077297147,-1.1461193799079705,-4.33345925841313,-2.9969166226196053,3.4968581637417966,2.1395159235175143,-4.090238741815446,-4.264517485531036,0.6813925704342321,9.645336996957312,-6.0790499788193975,-5.586357242857119,4.327936800644343,5.346460178145785,-4.405976277760444,-0.9470781697309576,-6.38090716635221,-5.472544146694725,-9.86880522838641,4.973443168815912,5.8631058089589345,-2.545479507145383,3.714060352143907,8.136643919111954,4.453372897284966,0.6534417892376627,3.978692188200128,-3.7966249538786334,0.8487624047749627,7.3574054964256135,5.043940140397346,5.211765168099291,-4.632319631097399,4.028153699956391,7.619812041503479,3.9311368205680672,9.764386368811948,-4.617074403849301,9.348789404868334,6.824364963276338,-3.882570199352145,-3.538022828995084,6.154120388935905,5.206240752755207,9.865477968312728,-2.4405957084116743,-7.046233894526706,2.205128856227903,8.494821469080797,-6.990095574703554,5.054498969687204,7.6058078566411425,8.450270825960072,-9.290681694869773,0.24705901482169956,6.064788781993741,-4.627346727368393,0.7033204289056894,7.28305304675488,5.787731590029983,-9.781635166072153,4.657752774396188,5.081349442953334,-5.076833312365108,-0.9965398410919519,4.691438635935896,-4.281254482412522,-4.716327213454504,-4.803544820206794,8.86114397193614,-1.782815189548474,-0.7321378259130427,2.9185627004716235,2.1816684539347904,-9.6461091454753,5.664260065982347,-8.773334939848898,-6.980685530546184,4.366388464714037,-2.584930407496162,0.24403987462606302,6.767110329810915,-7.554794099545368,1.2074398230823125,3.318708373683531,-3.2884943963116298,4.789498751878046,5.629412075370542,-1.3017102680945847,-6.367730119503974,-4.722880622407675,2.964812583019686,-1.765647155066949,-5.433206220789824,-1.5752048532155793,-7.382438329232992,2.73851153791348,7.033739059769843,4.845624522294312,0.5339439976769089,-6.602491492002516,5.745223685743337,-8.114778619441175,3.0490692739485787,1.7687474334275866,4.7969428152792055,1.9388405217573599,5.0060425976838925,5.391710464831396,5.271871518603641,0.398356593588435,-2.5270862560115663,-2.4116969684445744,-5.383128391186416,-1.157945355966163,3.965032099849239,5.831742867344056,-2.5204941057866552,1.717293830455981,-1.6653248737517394,6.782786437189014,-6.698069701609965,-8.054065503731067,8.186016101704812,7.720126712683054,-9.829236718285228,-9.363645624887225,-2.4405374953261187,6.978743467479379,-2.392534566129143,1.6805718733877573,7.091285588648116,4.710826263292942,-9.847340791094524,0.4814260264657335,-2.8901777303939147,1.7209884214273607,6.110409006526211,0.5006619419974676,3.3686769560602734,9.164907800122673,7.2741577747289625,0.07745813776897847,-9.689167068726023,8.21504275209275,5.884093216952731,-8.334885133276877,7.376261656543747,5.431209638071357,-3.7955469547602068,-8.671015563572341,8.793624311189674,3.477746991610619,-2.1534505945453075,9.132320290984804,-3.822651630518365,-9.42284334233867,1.5606802007067486,7.799453063421694,0.21301628615310442,-5.946409195797891,4.90743987333323,2.968147579896584,0.28868444721522124,3.661628679390393,9.488206917142467,-5.489415218127345,0.9125576482773177,1.6642481614442968,0.4370344752276534,-5.36354881358567,5.379878930333051,-2.549919999247132,7.1675996244110785,-9.423318162706742,-3.4288838032980102,0.9272082721042363,-3.5503087167329284,-9.632797833005506,-6.821858663506495,-6.887895906031827,8.555840125168174,6.368895137873864,-7.015872067543398,-4.224466643511007,-5.293508921653194,1.3431502602022416,5.894089265625357,-7.154866912375681,4.8562989653689055,-9.438869097759966,5.66989783607516,-4.267152672483001,-5.262321137968559,-4.330213474079477,9.065892193924736,7.6121700066927644,-4.712037464923695,-3.290114742558923,0.9556400068650657,5.026076835346185,1.3557027010020484,9.39374911583613,0.30157783252363224,4.4924282122273045,8.855749487091675,7.009239827574426,1.0734555024098071,-5.438064848611301,-3.923556281077789,4.15787041995471,8.593923919738636,-8.278358325074574,1.5086603647812247,0.911870584330563,-1.9990288857102563,8.35799437010257,5.68325520300194,-2.2637678864472814,-4.9489978851192955,4.154868333540607,-2.436188137305974,0.054754131474922474,-5.148322818484996,-2.4161322330469233,6.938033972304641,-6.031038209185278,9.870861040294955,1.8947641313010344,7.564615542338174,-1.040944891047701,-2.899785831947572,4.801329272302532,0.803338816747523,9.03852206986037,4.22624384155106,-7.170556509402475,2.4040368631483684,9.02138848683937,-3.867123118174389,-9.168537006383488,6.660096039331986,-2.2453231142969443,-1.4636825031610918,-0.9524086505519698,2.398995753730496,2.881521864161849,9.624245523956667,-6.145087071373534,-0.3925432374648903,6.549188136768031,3.6385234291684565,0.603947092487271,5.27848757988343,-5.094257625841556,-8.339567101907335,-3.139437833170831,-2.9192530923494653,5.8506785334832205,-0.402371550322588,-6.321185730192591,-2.745922851126519,7.2206506556483845,-9.169727225544772,6.532011923251147,-4.972922073871329,8.90782601570766,6.503622791701247,7.448052922011424,-1.3184716272516503,-8.195659767332067,6.104733101135739,8.943999577207585,-5.9925215457505505,3.7234047345881223,8.536696130349618,-5.050341578601822,-3.88643851859356,0.8163840566676832,-1.4142707821194236,9.533146734030755,9.413916460723556,3.4047976528838664,6.621579250432678,9.74101641212885,8.814724311936981,-4.903407497611947,7.026563059144692,9.220196892285454,-9.952546065918922,0.8923243123318176,-7.787726013219025,2.6356848845037995,3.6114420672211303,-2.2146590043881975,-5.73665628348005,9.634375378482176,9.308947605983068,-2.157507914931827,0.7112772720245957,-7.374379833604985,-9.455202768624334,1.9935782337860442,-9.73142455360194,2.378226500571266,0.23082309830350667,-3.1297814514164424,-7.484647820407309,-0.7571993657566534,8.464431229311845,-0.5273522021416088,6.4199656178849835,-4.9021398476857225,-6.71341530883039,-2.316651601637812,2.1355278466620913,-2.286806311664238,-0.008449420472203428,6.591478198067257,6.8980540245728825,3.1296837315999504,-7.877555985134856,0.05586169829876653,7.157349468574999,0.4378528346432873,1.957818038734782,7.1036199501728134,3.3612631860760693,-8.165434896969035,-9.358267973838005,2.70126396023489,-8.972101596401851,-7.025766072320958,0.848798913021735,1.8415372614674688,1.6541300399096777,-9.195115749288137,-3.3601859647129846,-4.285467992675523,6.391824969106548,-0.18796797907624452,-6.447070968694362,-6.688888531766352,-8.115327312621442,-4.51334833428416,-2.6773820809031363,-9.709495446694092,8.691641510568267,-5.336304249203499,5.399877683621391,-1.457590409050269,8.558554320839448,-3.25205611353077,-6.027494802958695,-2.241258744382961,-8.525992547844226,-7.5803407985173,-0.7164842526271613,-5.626782095015866,-8.11973847494173,-2.433342612202285,-2.752094304657784,-0.40394688914848054,0.5080102406599849,8.90750894153593,9.298671530659654,-1.9595049624676353,2.7105259772539174,9.00470765031531,4.726679650600591,8.035473295076702,6.482724291062869,9.764829283835876,-5.921636944494564,-3.071692694738566,8.673731047056801,-2.822701543396187,-2.2025659902376287,9.461269600719614,3.372240754969871,-6.502399262073628,-9.96395190824412,-4.279330254736662,0.6078256360471848,-5.187452151834975,-8.839415350318085,1.075288891173381,5.1574410587748964,-0.02486891103980149,9.94837534680925,-2.076728096341993,3.3092477176443964,-6.597910276201777,-0.8468812427575667,-8.132485467397437,7.900620037513207,-7.120153748915254,3.0874641623748005,9.901108574884933,-2.6502974585865813,5.675553720712074,-1.1638188206356546,9.108033779047805,2.3392167261804975,-4.920126335320802,5.835944082333587,2.32149254796521,4.033899509844474,4.9805557787879255,0.6777869699766281,7.238584270650787,-4.435953429851622,3.637622730171392,-8.410655594618959,-4.651558917141612,6.725831314336624,7.260027863209157,-8.681286882899553,-3.7630411454566337,8.129572351269438,6.4881851664201236,0.630687134085635,-8.388721386150204,1.3001252439262583,8.292440845028327,-3.856850172078814,-8.610546924152429,7.493469072937213,7.6009339728862955,9.750257336857704,-1.9097290348076648,6.852758521052184,-2.2548893658066866,-2.3634786048462075,-4.8386389856974565,-9.455638061572156,0.004892627598145793,8.299905118853125,-3.956650914255791,4.093140470588404,-8.956325442198054,-4.944013044332833,8.951877604697579,-4.6023471351128915,-1.9230554788454626,6.445059856391278,1.1567138887146537,8.891035394658292,-4.47629330992767,3.9444783463841944,2.6083455333944965,-9.554241340371137,-4.983965042477696,-2.119914164411261,-2.2306447232064315,6.457479960640885,-4.003978889721383,-9.192917710184718,-2.083348410155395,-1.924300748962768,7.5572952668836955,0.4825761968968365,4.210582342534279,-0.0072173817257557005,-6.582331323613544,0.4377006062215969,2.844582893658549,5.856230367716906,-2.8346419636828024,2.6344723933597525,7.792251115973837,-4.518967382579135,-7.031779847544,-0.9735551959308566,4.098862697598571,6.561658940622181,-7.974091684363456,-0.3965921197031541,-0.3275763358056345,4.320826593866736,-1.9008305444982128,-9.626074700378776,-9.816250841115819,-0.026013593278861435,-9.183347863939018,1.6452732160693095,5.203517121296418,-0.7867760404572302,-2.32935378113448,-0.39627767852817364,-6.029378660587891,-1.8635612073472174,-0.31005308649208096,9.127924436303942,3.2196857785588673,-3.203781885877519,8.885164511441396,7.755579125431318,-9.319638207589394,8.248853445683558,-6.838116013470703,-1.8352072896583742,2.190530197137706,4.6322609284522525,0.002661520312894794,4.2927018047245635,3.301688568480392,-5.681939487753955,3.5773047921978023,-7.346047105731833,-4.936487272545895,-0.5318012788839805,2.4367334801496447,-3.833154789586535,5.999379900849409,-1.0402894021286997,6.201652971774742,-2.1323789805969806,-1.0111226916853973,0.33908697398073606,-4.075173838442834,7.256465046246824,0.8177832526266293,-7.65307533908989,-9.113364696234962,0.7370965859283896,-7.893069888132014,-9.146957636687851,3.8142446269773167,-9.795374305281701,-6.419536839644175,-6.941584754300337,6.39638831765722,2.2266249922531944,-2.661766674933541,-8.129474692984974,-7.875751584354058,-4.405068398250429,5.558584930028916,-4.817160557256899,-6.099120462327043,4.763851495799754,-7.10052082203638,7.683175647971172,1.3585051049890602,6.495145794699553,5.267454282562385,-7.423285530691679,-8.634657811861263,2.131028466415364,-4.37532872771615,0.7807365322966948,-4.612826297192775,-1.1572200020615337,-8.786989175132973,9.582217816490516,5.582273102416577,8.949147244642031,-6.564531438693102,0.7593694257205144,7.200587927713848,-8.251784096650468,-4.01772737240603,4.067118668438646,-2.2596299302612577,-1.583803457416737,-4.635372315648237,4.29187767013611,0.060449762887330394,-3.9017245939018412,1.9015333083927999,4.3852743349956125,-4.8285906890822705,-0.7490216794521292,-0.41571751807993707,8.41189785263845,-1.37076969054303,-2.840293903378594,-5.465152267177407,-1.4206847640616456,3.3680796201322885,0.6270722278213725,-0.7216265473797883,8.865785678025222,1.9308111893105142,-7.217989062511552,5.34742958979737,-0.8943745795481011,9.38683486516181,8.183599479673806,-3.8704304857891163,0.08718923648544497,-8.431526197173289,0.9307458421573322,-1.259246912478897,4.737393394141803,8.915982311837361,-6.820307536741328,4.167467443643728,-6.225335747745606,-5.001810295984361,-9.08389556835907,-4.412187605812738,3.558442585655408,8.382957909735854,-4.989707951376204,7.54375489856622,7.3364761189171865,-9.986185837549526,9.711976016619193,0.47540671966320325,-8.276756317281976,-2.071175628333412,-7.194403604567872,5.031148934806067,3.8166503273742762,-8.707658512105915,-2.482334268375652,-3.4362447217046332,1.8187971057651193,-5.491923054168377,9.368376679638153,1.3549018098052894,8.070549058506419,-7.8408363504984635,4.173422793520798,-4.242411980531939,-9.161712777918499,-5.505265289899128,3.6082843078535465,-5.739354374270864,-0.22680399489116887,-3.2751511639211834,-0.8635949740047764,-7.861138980292481,2.6115325548174013,7.256826896768956,-0.9517407687482287,8.689441601837046,3.011660450545815,4.615541937334502,-2.5442736894122353,-3.564244535294396,2.878076300143725,-9.290589356541133,6.174831339429534,8.660628312312898,-5.913040189014334,4.239392977858607,5.137466420614743,-8.958549222808541,0.2216999315502335,-7.5352794266256895,-4.794152006968373,4.146792476150964,-8.29033082547692,-4.036447158451574,-5.4967480951251835,-9.879681025146903,1.1651585137608897,9.464516269373178,-5.012540392759841,-0.4671443911150064,8.23653726982026,0.4607714391090205,1.3786335416990347,-4.833247752736469,1.6984598310643015,5.692407339347103,9.12519355970964,7.355218980645411,-9.426295997194076,-3.650602689996367,3.9452303086132225,-1.4211394046763637,9.132923319502233,-2.731404637125072,-7.029232613507926,6.590608612223988,0.5142768490151184,6.608265367774699,-5.328367218577801,-9.647707749591103,-9.084017212231037,-6.265758057034425,-8.932377965912998,-1.553805681328054,4.6092483505156,-1.0960380975213688,-5.907039179430447,-2.424785310006243,-7.138143217101076,1.3867276416071341,9.583880403450312,-8.408976796258802,4.8480861482779645,7.983809790190463,2.7113703786790673,8.445484583065909,-1.7552459676865144,-6.297795775032371,3.9676019445932766,0.09323354923731308,8.934551227614872,2.733414638531915,-0.25382410560811586,-3.687063228963357,-7.887124906289335,1.3687801071376189,0.5196105432061948,7.683377059572095,8.265772669704493,-5.464610403653807,-2.30475098502259,5.289239677559765,5.655228493324016,6.475539921675498,-9.948608299100165,5.962866343794158,-1.1491614080916506,8.556267592349414,9.534095644372861,-8.97088082603956,-4.616782792091227,2.2339148973034533,-1.1403202544558404,-6.258412939460998,-6.912546868051555,4.908217409858413,-4.070803373896322,4.1698019259847,5.25667645585321,-3.634162918751082,-9.632705855149897,-0.6343369004599726,5.9740616401122,5.5286906796354245,7.3397215277036985,-8.970235894903944,3.770199664887823,-7.238934103035528,7.217579168060926,6.629903321012403,-4.16752027006458,5.179172739657865,-8.569704633095853,-4.233235755571534,2.9773157328270283,6.039306910703136,-0.35338398470489985,9.801094134717314,-8.009201998178611,1.2206498588910542,5.63123576008763,0.04421979633559836,6.759433664136356,2.9543703740763565,9.08247430807819,-6.005677327113819,6.65662808701169,9.02078933612206,7.392871295653592,5.246714248285443,-1.5422460886490477,-1.1073179579856465,7.8331567989124125,-9.473612123921741,-4.611472821737186,-5.993281913694664,-4.521916877959655,-5.249183893248361,2.2645541005965484,-7.15817110097952,-7.58919204189946,6.576221665709127,-5.770779323251755,-5.186872423327178,2.436673567052299,-2.0771615514137114,1.2134555861886973,3.24377712150034,0.7872441238398764,1.1245766310786927,-9.182005909009519,-4.3961310234455775,-0.4672946247225731,-5.266996121556524,7.719634997143693,7.938248195957684,-9.503028758047769,0.5608990005638077,-3.457526349746745,5.159686722444066,-8.226325315214428,2.065472984890606,-7.581945795509655,-1.4134338578537076,-2.0376156068237066,-9.414349999769948,5.340882995903712,-8.621893092968342,-0.06367055513282693,-6.3771160950823225,-9.107595411897458,-9.409233446352882,0.8141601556149887,6.934911647793143,3.229847967586002,6.912022945050708,-1.7017227205795393,-1.3242645228725642,-4.214711401342511,8.048320813042508,-4.875038106176179,5.1209042299221075,-6.183704124908321,-6.04197408592595,5.5002705423107905,-8.378288690191306,5.410395363329524,6.736423270917506,5.0768813613876524,-2.8861663203401307,-9.962758804160448,2.8237994347155677,3.3942166113013155,-7.505716606283814,1.4340368354122432,9.785679432373275,-7.163506823984774,5.929122991443434,7.300247219702339,-5.335033011190156,7.315083310022867,-8.472621624544914,-0.031489491643174716,-3.928468551396824,9.428184205572862,0.03567728873182219,6.340578552567855,4.004955780556616,8.20353948112449,-3.129031449749813,-5.252211032725127,3.1597481877826397,-8.987945865403312,-9.097493965422604,-5.233012290975374,-4.537944546034414,-3.221963591504986,-0.33987487505621417,-6.674872814830179,-8.461101825829516,5.644998854288927,-6.416521229494563,-1.2813679730535412,-2.3351777744393187,-5.988290068808082,0.4258902243137932,-8.132674581135227,-5.180864253794091,3.7917171650826482,-0.4326547788160724,8.332068775530058,-8.430735005174384,2.721825572710614,-1.6170398206442798,1.2884222517991084,-1.8878346775063921,-9.089011053167278,-2.437991612046151,-1.5777735335647805,-2.8622031218085997,-4.80352562060149,1.4070126524775297,-9.868287776219518,-7.4503480820996515,-3.777625725162954,0.8612329240975356,1.5894877531722713,-5.558764632189417,1.1149845655997197,-3.9233116357005144,9.827460412132961,-9.029385057459837,-9.231134990936656,6.381837454341884,2.414887741702046,2.718949127222011,1.2614925780006665,-8.15672621424223,-3.9101982284901275,7.267835380143929,-7.26281148910066,-4.648884420364878,1.363910337181542,2.122970333241769,9.348667396150002,7.806257712091323,4.028734063786466,4.216467018303465,-7.182010670236368,4.188296240217937,-4.586578203446125,-4.283324742649757,-5.325915818274201,4.9729366163058195,-0.5975965924408762,6.62297620116448,-0.10939639427166803,-4.301293006374019,-5.26476295277734,-3.6843148267802945,3.009865934540164,4.6754825261416695,-3.2792192954298915,-0.11539447040437345,-8.348934116928437,2.5470848568496063,-7.094107873251678,2.512588666917594,-2.6082175275046797,-5.173444984366813,-3.85159759403442,-9.068015340498231,-0.606629205264916,-5.132404873346315,-7.304900130185599,-5.000340116574796,8.093655648228037,9.410693677871905,-6.6238251924900515,-7.607942811475635,-6.1460113505108405,-4.747507243257374,9.299635892861573,-1.4842966094847796,8.900930689139276,-8.704441685717363,1.586105822251934,0.19567351808369438,8.895408150331736,8.93141441219042,-0.8326781588385579,-1.6808124043200863,-4.67484182463828,-4.930454832732581,-4.395830634543212,8.614666593016615,0.8612946730928783,-4.89595471819767,-3.9590943397853025,9.821064116626882,-3.182421631156971,3.9260987475364235,-7.691446951842787,2.8311080633881147,3.6354392342620034,7.411981992686517,6.2984849690295235,-4.804898841891784,-6.835949377867127,-2.292624400272456,5.781998258502163,9.580770823349752,3.4255412101932414,4.687128106570558,9.051200969133042,0.7761097306833165,-6.474508248409039,7.883159633403636,2.473590206529188,4.045619511020938,8.794805872411779,-6.6710367365292855,-0.5332797746989684,1.5215718280521795,-9.244242533576902,-0.1483326964469711,8.751887883130678,-5.31224696790394,-2.4900805087925404,6.309305132437743,-0.5777686178154404,4.745580083205068,-6.027513206437338,6.2871656961521865,-0.6102369105231666,-2.398612601301908,2.1300454334696806,8.190477890149484,6.989859038627099,-1.5717024296583055,3.3480131582831323,-6.9373104778131855,-9.09890591674839,-7.448220736234983,-7.548821335257204,6.4825428865511086,-0.8561936940384829,-2.89600874260616,-7.287905484100596,4.415575898371454,8.815901041453806,-7.055954518938523,-8.444331196062409,3.2925307520503644,6.7602698476323155,0.5405115804366378,0.6757847905385326,8.997783280570665,4.987513978703937,4.80082751305531,8.585538673021173,-7.080945517485542,7.598799461073728,-1.859265565670123,-4.064479410872561,3.809111483684733,3.413007220113757,-2.4189067515686347,5.486683146219104,-1.013865416546178,-4.427457702373834,-7.365417696386163,-6.280420056724627,-2.005234874696926,-7.225354020679546,-5.087645578429425,7.963033469734004,-0.3946237802082244,-2.025186132188706,2.093640372254306,5.288624234716391,1.2500086759558187,9.906989771803993,1.7587360823139626,0.9689851070893134,7.384883074374638,-7.107867764664803,4.070755013501259,8.8620640300636,2.7567140769120826,4.084194649473307,-0.3821971117633254,-7.273715384683306,-3.8407922536921557,0.6734782950947462,-6.744479028607184,6.315715308676086,9.31526982510944,-5.204741644885624,7.424934878535346,-9.95093650776409,3.9537811982958857,6.623368005370647,0.8534205288811503,-1.1525531672233527,-0.6692003472593804,-2.7097670630295685,-2.2422928664640445
-9.451211708189334,-7.1319277495809175,1.9197826755723906,1.6391109116128266,-3.038360235481756,5.557581284827801,-6.267804035118633,-7.593999439343129,-9.372862009744784,-8.463349200310562,-7.972264271691191,4.4968182044673615,-6.884741330032542,2.869699038316732,-8.152776279186186,9.14908344916985,-0.9860586919568544,0.37674271456770647,-9.82525796319948,7.6343272289175985,-1.886650053173316,-7.211168177946934,0.8578512283115618,6.393860833520598,2.488359283769853,6.356344245993672,-1.51715616595129,8.729931281116883,0.4586581954788027,5.341687106183418,9.892995127618008,-6.235658771899479,6.958697547684807,1.422646731629989,-7.667419108882498,-5.72013268436516,0.5247610571385479,-1.561905351847308,0.9266267563789157,4.275586488223004,-1.9844158818603255,0.21289827375024473,3.1581923132924956,-3.276301850028376,8.595132259599659,3.5517445571622304,-6.554309947100907,1.3758373932650159,-0.42794688455297347,6.952562680572278,1.9002292690848996,-2.780559741860915,6.85912301602675,-4.3930111427388745,7.344175046447635,-7.463497921611932,-4.628044076422649,-7.292175674202412,4.79305109538492,-1.1561765628710496,9.819182000323917,-3.6297504311543793,2.9926844906048444,1.6171004234296085,1.9891324761599343,-1.506802803573926,-9.245817883688165,2.0954408256675983,-5.433081972578362,-7.886900953307312,2.7268419317639463,2.3176262271623713,-8.383060666469328,0.9505940108262614,1.9426811705579379,1.1699785199569472,-8.39481286584929,2.8976789148046507,-2.141467221684894,2.8994305958550406,4.048208224989354,-7.057594579335317,7.346586579904841,-5.120363680824909,-3.607547143982515,-1.2686639681576128,9.751389789583602,7.827012636448124,8.23483964734972,-4.9471262001438205,-0.679534536278446,8.997854707112847,7.519564796512185,-8.829971605620146,-8.800777107994591,9.985083229552597,3.4848150138259584,-0.7024859023652503,8.425326334085675,-2.6730932610524993,-0.3473471954601912,5.75022498260614,8.879315184009045,-8.815690422525522,0.02224089800832374,-5.583145458817538,8.997149161307611,-6.898613125714819,-8.817742159398732,9.193435048695179,1.3891048257280953,9.338066557700106,2.329376016651601,-1.2853397544367233,-1.5523992320152242,4.287285883501163,-8.391717236898986,9.378018126238267,8.415256688374441,0.9325542493595602,4.292178415141095,-2.7005843228373694,-0.4000452941742534,-8.164960432558807,-7.16550170849281,-6.85858828377393,-9.19932538418239,1.9088958680993269,-5.022890053158795,5.839010441822467,-0.8408674269301102,-8.677732653225016,-7.549793898267387,-0.336095202652249,6.325034954098346,-4.559263526824839,-0.40756109051883804,1.7581764509173698,3.3520210270452573,-9.42847077643755,-0.3769839386032565,-5.954471284927814,-2.578390019033341,-0.45682594628291007,-4.9441133838413975,-9.406245193238366,5.368198624389626,1.3857802808271877,-1.652782666462734,4.661392565038664,6.630288646102123,-4.781850019494445,3.1650637153094117,-4.2676459029828395,6.486486481804839,-4.824375694964271,6.469775868352844,8.323247453309243,6.040582630574278,2.259848500325619,9.085026852249552,7.962484763256757,-9.78945490250339,-3.159036811877554,-5.572090687006657,-5.506467158380531,-1.0311561583909494,-9.843891563875278,-4.180427141382175,-1.2748616340793326,-5.356113361942205,1.127844923773953,2.8273131547568333,8.050668378694077,-2.6928335176884755,1.9585191085492113,-5.750716617573326,0.9791760797408067,-6.245548786247088,4.0272992587859076,6.296642068229541,5.160835404636799,-5.406397739771012,0.8896515426638167,-1.2939068718128617,7.755593414257689,7.19255551828428,2.5425734687772774,0.4305794396896818,-8.281666368958536,1.0901032285202987,8.546324140164685,-1.2180369867962089,-6.244869088070846,-9.623217912809084,-1.4216168650786898,-7.95979715604431,0.2554035518281914,2.9970356497283213,-6.653598702431964,8.100705117140865,8.929459121154878,-9.435531777716086,-8.569047635870177,-8.913922148669219,3.1016944938685764,0.9611183187977641,-3.2599712843857187,2.8101146386821334,-9.455733607795757,9.677739617855785,-2.8937676846837945,-7.727492514383593,8.688828150683406,5.6270651323871075,1.2694470267574314,6.179200487885794,-1.3066678395240459,2.4052487461978185,8.714054296791026,-3.735049387720853,0.32352434000049435,-0.9926335779977631,-6.778644664004414,8.186446277308722,-3.852933685842121,-1.3116238105539892,2.582180140260151,-4.680367531678762,-5.43185522721706,5.301789358724731,7.023097203991409,-8.63088163975332,4.139543963947025,7.071222609484678,-8.097698980141576,-0.5641882378560421,-3.9141686993612286,-6.72768834155147,-3.056370657022674,5.1262489469711685,6.239577714414178,-5.076009160689585,1.2984501401178363,-0.08593214094771895,-2.576815433729898,-9.625682369991921,5.124398435211525,7.079257573222105,-0.016382541800430417,-9.086772601511976,2.538889878791915,2.639144956524323,7.846986429837621,-8.008540682004174,-4.666029523865289,6.795617857786237,6.91895514304899,-3.045223631370792,2.1198256303041916,-8.066926030102683,-2.828461628825398,-4.1073354685374275,-7.321423018844813,-2.266004095160918,-1.4421004608712913,7.718583476020225,-0.4998322291028252,4.904552733056029,0.2043421756652659,-4.972617608403218,-9.913621644901829,-2.47351462841144,0.261806410148715,-6.310939699518901,4.819929932105113,7.360246093327973,-9.23994192620466,8.758569560231496,5.47309669783516,2.0109658049312547,-8.16205936629532,-4.076810414815961,2.975293348776125,5.701229853693537,-1.4963510375448426,-6.736858032216797,9.290062322759823,1.8410913234296302,9.701485462576748,-3.926437702096721,9.528082524040848,2.5650153683170593,-5.015024926194192,-5.061167202405792,4.6359919179363285,-4.868330518022372,-7.409560476529462,-9.107635120879792,-3.855785129927911,1.8715333818245803,6.143445996236004,0.2021334052368129,1.5650651531723785,8.756607322089312,4.374783333134825,-9.494344997736636,-8.807001699874878,-2.0300892079503097,-9.696884464829683,-9.713059933942567,5.9953906860275,3.977423599595422,-8.622590546406695,6.721782686718743,-3.903926249228416,8.039398322388681,0.7701805446080989,-6.717763491372786,2.2777759465800074,4.0303450355393515,-1.0612400872201793,3.57995171047852,-0.13754307395296905,7.261327247075965,1.539996599986381,3.6784634248912127,-3.6210736045142706,9.328830055895672,8.69039105302063,3.4043423736674505,-1.3810055009016295,8.30918804558738,6.911557220218775,2.0670849469205788,-9.935459334393851,-0.6438322446472338,4.168637008105918,3.604516105893424,9.451962775014582,6.857370317721745,9.805650761018143,-4.492832118202288,-3.2131281257057642,4.583350857172611,5.024138940370271,4.534757170497013,0.5587585932716337,4.6159489742900845,-9.026542558591373,-0.5191488717064434,-8.434123005851944,7.871354227366389,-5.701938133730606,-3.1575288272359607,5.375516828770932,-6.332706989549475,4.717426958249051,9.61263458902637,8.381190650019366,2.4584988414053868,8.702322244331107,-7.778004479732381,4.319360933180292,4.619490156940113,-0.2514293070381477,-4.257467261367999,5.270906467481032,2.1340250710947988,-7.760064374994034,0.9521134836056611,0.51259077904772,-6.1105661587019995,5.161306145498051,3.1523941646097935,-3.7198677872165415,7.248804984353214,-9.298536668500665,-1.3921564293290718,7.713809243466269,-2.164978257448265,5.1590834833944825,4.257041210801937,-4.933096330889026,-7.56780832456573,9.471060555576184,-0.7203142123813056,0.7566999329127366,-8.85762763750041,6.284814997685359,0.6319850294255787,4.201232382051309,2.6730012712226543,1.6724849439155793,-3.4528054140825537,3.3086941273413473,-2.035708219898897,3.1448529369574985,-7.674074090954058,6.302268083721955,-5.276201852531597,-3.6138963996981825,1.1548441771816709,8.854063844059613,-3.624108263066246,5.163444117915253,3.3441250013038477,-1.1947748914425542,3.754823920138646,5.845456947625271,-1.7370562659303541,-3.8086237354241304,2.3650384014457053,6.734001143488225,-9.899877924324569,-3.388327711231085,-9.043680313555386,-1.2870306117385084,-0.6431143145548219,3.807724379825828,4.335255339756031,-9.207124284345403,-4.841418701067459,-9.671971373664034,4.363616878342814,6.4589892691455795,8.339635637727156,7.600956400422298,-0.04450129502142808,-6.127440541338158,0.7316352073143779,5.409606489800311,-4.7057971679248745,4.202689969489313,-2.1361669967505055,-3.9618127751618104,1.5106990729825966,2.830165614590829,-0.5038904381414806,-9.596596526470655,6.767836083110414,7.102147490672813,-9.644005877810248,2.134455051466679,1.0863364335843322,8.140547750804451,-3.1451621725625545,-7.613610881542263,-5.9643599280481885,-0.21672086273337854,-0.6459994832805833,3.428952037800599,0.4259561943323291,-6.309882238321592,-8.107557219746994,2.0883760904893762,1.218226455043288,0.4479782874823268,-8.312800148934729,7.985030398890615,5.858548695456125,-7.656912242158005,7.731318449843837,2.3494761723551925,-5.434095471688067,5.007934554907475,4.75824610720203,-9.978405472743919,4.176945561511314,-9.803590896854361,-2.7016555909218916,2.224085510943496,-0.11314656689473246,-7.483411664916069,-8.062883635868832,-4.379323848943651,0.5690038827008532,-9.75361580983188,-8.012406710282328,-9.085994712501611,-7.697848021190358,-1.6985297157898422,-8.578794875970061,-7.24098104295736,-9.003065288884889,-2.2095752865453244,4.362442701853126,3.9922769406101857,-0.7782747654374909,4.430840985046885,-8.2529873189139,-0.8154750090955876,3.5726520095841607,-6.353089130156628,4.9875003018807185,3.9889075797105384,9.838211294839649,-9.898635001775261,3.57214979785482,6.830673933085524,-7.839199104338556,-4.096349307778803,8.260466918984744,-3.149364363788683,-2.220221495264852,-9.920228285039862,-7.415311001458069,-2.9983600400816934,-7.705083979588823,1.9198673408623854,-0.2648330502171845,0.5396300570837465,5.413774105657049,-5.172035392819401,5.574679601991665,-6.803768297504728,-8.326879834656275,1.4671661340746294,-6.626170466572017,0.20841273102101,-4.081207961839281,9.016297686505045,-0.12912793065175165,1.6363213736342743,-7.556411009042816,-4.042554561491745,4.8424484875167035,-7.501097167742237,7.774708147497055,-2.399270132216018,4.135630061544187,4.715096939907106,-5.926108712674212,-6.259493227518364,-2.9042051808299547,7.65413040472157,2.464462702050941,-2.9392677937180745,3.916327862014173,1.6895082006493762,3.043561266120083,6.000899063958638,-7.930630478601655,2.616340058844022,9.32081381022946,0.1074810350883979,-2.4885060552250877,-4.832675823586934,-8.404626804581072,3.6545563002720254,-9.24649291516419,-6.838106028224786,-1.1988536931430627,4.881233280812356,-5.898884768410166,-8.921693875629417,-0.9601068778592943,-3.485147165655955,-5.126185024876433,7.175241407939922,7.621727729476017,4.9547199699284405,-0.035110481077971656,-8.923901906419845,-4.760969495633908,-7.372420869577285,6.7083680630579,1.2268954413884998,2.774059472667636,3.8565134848541582,1.3246237148766795,4.4252528565579325,7.758925412209891,-4.083989665835929,1.7556495422582614,3.3339038853272136,-5.123799188352017,1.278718069156323,-3.4617103173238846,-1.8487500565305037,6.559874908516701,-1.040931909842529,8.665868100837095,7.95155865695984,-2.716364653971935,8.186922262089947,3.0285712647629026,-9.768397463757783,-3.7280612553961827,9.971467160338477,3.6345170221877776,-8.000405335126587,2.311659225199774,6.081054249999582,-0.29180805704619317,-5.216730083927741,-1.0457358556315892,-2.3202486615645963,-6.979127431219383,-8.939009871511212,4.932018883864393,7.888238091515415,6.936369323120772,-3.5110310812748846,-5.864173462043807,3.550497043292795,2.479592185857374,-3.4773880993556254,1.302968975660427,7.452782722292266,7.766693069837775,6.745894109891491,-3.1559918274047565,2.3474177208229996,3.7109508303635064,-0.3437834981696355,5.702511925882888,-1.0037212608012407,-8.919918862541227,-9.712650593638557,-4.415273507668616,-2.3411164554428705,-1.5015183210729628,-0.8138436131463678,-8.27006779621776,-3.124554748014152,5.195944193151883,-4.1726613272418,-1.8236107777018837,7.687096683149434,2.159806982990464,-0.4976619227321937,-7.461789910826293,8.22724307366397,1.939393577721244,5.2828234195401755,2.5878039775122357,4.343801939097538,-0.024482292203133582,-8.455699695664157,7.54593616403454,9.960733708708293,3.104813295280696,-9.244217060130325,7.134722969273536,7.854469043106466,-1.4015139345443721,-3.586467155346851,1.1558997427176827,5.124641055572038,-2.9319824906613405,-3.9116982126599975,9.170576858973597,2.1335126200914587,-0.5164872203533033,1.9673506586314495,9.494632965399337,5.741470372274746,-5.148140420028023,3.1986273466025743,2.7726683477489384,-4.735512309914087,-4.2687545893557495,8.602394538175215,-6.6856759985468734,-6.002821943319341,-1.99826285953411,7.337404032308083,-2.5222250815641374,-6.066072266583616,-6.830053746004401,-9.921282435286397,7.428033873796846,-8.449596278762819,8.282849356153829,-8.118123766957535,-3.2275716587424474,-8.81533032987429,-4.7941046339791455,9.737076754310962,4.24683389054508,-0.9127561378330817,8.500431037249626,-0.21436173247755264,-8.983369570254556,5.839376075093806,6.2449504675437595,4.833734454846159,3.8748202842447377,-5.685400979743385,-2.5926408928320406,6.630635122904074,-9.363453442433045,-4.0271185504349605,4.85127211922082,-6.954223703966836,9.931362777689642,4.64263377719222,4.4810595104682704,-0.5145070443092017,-1.191228354589315,-5.511965219361383,9.90740086358067,-0.9803262766434084,-4.023373196878824,-0.49937804038061095,5.454790450815354,3.1089511396862886,7.2151259789394295,6.273649894496728,2.9602076999030675,-1.377500733994328,7.036076569493307,-3.6874446169082065,2.5793188719995293,-4.796530226005727,-9.675004077203191,-5.3026125232375465,8.085621864315844,3.1764381810711644,-3.365512124388978,3.797863242320606,-1.2827157601649262,-3.880809161338645,-2.087098534300898,9.874728057124518,1.6833464376376117,6.842804346745126,8.872816083070894,-8.291401936892429,-9.781555980004484,2.5086096076842743,-7.974495641821102,1.363700785949609,7.880553961955346,-5.079175156919842,-6.957862050481458,7.762315610647054,-7.954242284553786,-4.348692659887443,6.58595564541471,1.64232777351401,7.888236796472047,-4.146650571271426,-1.683722622005801,4.497211188984014,5.215283709981753,-2.7975501080432448,-5.006146578799415,-1.1872952427603032,1.9955121546246328,6.1696516291472605,4.2854833642833405,9.294205614628538,-5.651084309153076,-0.09140606767256187,-5.526751748045447,3.208783903191126,-0.4305712664134216,4.719041210492927,-6.020002622133706,-5.467559241859612,4.012661705142101,1.6225145375992867,-1.7876399577722317,-5.051894346030197,9.188194704096055,3.6857277336643257,-6.164490028268961,-4.007478900117025,8.8741425731601,3.795845605602361,9.495837014201346,4.2028198034248305,1.9507148794698956,3.1936655426263876,-3.5860308854261813,1.6665736735216452,-3.4543190791706397,-8.118886506743682,3.4883104356422745,-6.256790705180109,0.5329355759049399,-4.202385236511031,1.9738508269316135,-9.121020831110298,-7.194626951645848,-2.0158122231227367,-3.551914716121807,3.848739729853012,3.2370647106197836,-4.869790057910759,-6.6563559163813,2.282923644331765,-2.076163196153935,8.242845707153112,6.611415498020833,5.08492218471771,-7.364134757885095,-1.3696172178251391,-4.520817053945421,6.8264059969527935,2.9218269079207975,3.205197981333651,-9.533252106707675,2.4992405951935748,-5.702107909526988,-2.942264953060956,9.204887774862858,3.9808512937812335,5.554128294300378,1.4393816090986267,7.120540082253317,-2.2824889946100946,9.164579314218834,-2.1910741364589033,7.447189619955189,3.923469874712014,-8.332597736747012,-8.84127850670086,-0.5979210942759714,1.099037596947161,-0.9790672755020182,-5.619951561776507,4.17844382444734,-3.9474573934941892,-4.392375701588593,-2.101545547910586,9.104162458823907,0.21317116407317727,4.897877972957016,9.988917363174266,-5.942614338032741,6.606979271410527,-7.9566448696250935,2.040709352464443,4.92834305646724,5.0000867607073864,-0.9301020494228887,3.8446909225821546,0.9656787225361327,-1.5906458491132813,4.541706954242509,-4.648150781147904,-0.43348735921865966,7.200414383753326,-5.745644486311408,-3.190306649457346,2.551845978465508,-3.5227851729897885,5.432288911301757,9.950210985818138,-7.2438441928839765,-9.88202115474822,8.927880559136327,-7.605752377039556,-6.567767876910882,3.6062350606689044,0.9516530247105752,3.3763154877645984,-4.463287525793382,-9.483631286363526,4.769815423019443,2.8026002204960108,-7.719847522603269,6.128577514305896,-2.745001950537718,3.199624948037769,-6.988639400032481,-7.829882434170923,-6.815434207054658,8.850354069846599,-6.704592592391771,-0.15380241865609712,-7.608248237948603,9.664248721620847,-8.579683815862566,-1.7718132161495106,-0.6684215611730604,-5.570002269481085,9.662340336309441,-2.0838087835105013,-2.896755256214112,1.2342379342635006,-0.08136666347961174,9.772454468792194,8.865698676741424,-7.813731578594116,-9.315718294367493,-8.686467193185266,-7.810844563070556,1.6735959618969005,-5.922893706606138,-3.2298306744485554,-3.4217795717498234,-5.095112028065143,9.146027527569728,9.466215642860139,-6.9656335778262175,-4.184077539680304,-2.8690466377212616,0.22777706004981368,1.7127713092327763,0.7289010095842858,-1.4910064705915147,-2.147537466724499,-5.234676829757752,-3.362183236747507,6.859672378347025,6.826413484993726,-4.9268642057990135,-0.4940205548774692,8.213306352688413,0.4574914260786933,-7.613915291160729,6.371085905367071,8.18140842443816,-6.145516689938546,7.419447567220839,-1.026803481176719,-9.877036574028832,7.096086057689902,-9.243241375913051,6.217714467157972,8.905583811374662,-2.9046848561769494,1.392555567129783,-6.81635843331641,5.684535137542008,8.090404511320422,-5.292600084564052,-2.6093924979636736,-3.838749157563946,1.6468092493629491,-0.17817294469605116,-6.7964968139605775,6.74871012285918,-5.2552554087043895,7.834834266391034,-6.447498704880821,-4.843734852731916,2.433074104293432,-3.5158389083330643,-7.305449557823531,-0.32553748483586276,2.8055625738331873,7.459583338067262,1.6348258135733182,8.085280579004916,-5.242544143733618,4.576866246194918,2.0644182992021776,-1.3486951807864163,6.587498447406606,-7.244856052638228,-9.43041320735041,7.731456030873321,3.378056009840229,0.7660537033373398,-0.3329586185891227,9.053708775981953,-7.008801056329055,-3.3236677109917423,2.7896122506321,-7.696163587930966,4.397390840087725,-4.2295234508185615,5.564393718861279,7.7962002793595495,4.715264868471543,-5.932010645761205,-1.4917347380308232,2.51404453056705,-9.785335202946538,2.5977696612879004,-5.6520425110318495,-8.528645933292902,6.255155132149174,-3.581770514738052,8.881088189953086,-4.280404820923398,6.385224448567051,-4.553785980696254,-4.311680391994224,2.366628721495287,-6.690570490816921,-7.3301570926891895,7.127162263029501,-8.85920773842263,0.7337794242180173,7.07666119379838,-2.099008529498616,-1.0538941840213418,-4.8865655134139345,1.7667490740671692,-6.062765127756555,0.9536348832240158,-3.0883780302825397,9.0674593908954,-8.963343604547207,9.821316972795447,3.915900961780313,-4.648123373278139,-6.111388736574616,-2.5192566425618317,5.339226369967896,4.887822228413789,3.091610108760003,8.50422848959695,2.3324452541506773,6.625617277948205,-0.4645304477430585,9.466190768063132,4.782941421248292,0.5484048390109475,-5.60313651438568,6.818096766036927,5.912944426923648,-7.909615387592719,-5.258432350454116,-9.786526952874441,7.078205576807196,-8.722666784575186,-7.518299217564057,3.702513696188765,-2.567991247137485,2.978400492974501,6.517325056575835,1.1970325884488613,3.5980001504265395,-4.044686109044459,-1.1913784043117133,-8.180020548684428,-0.9519683400731438,-1.1102549543830005,-8.525750413818363,4.217641514777677,-8.816706600878227,-1.5846310246863933,-6.163917704278692,-2.6067921624592945,8.89177708301543,-6.111442856299041,3.1365445075619185,-5.545325634381182,9.652401596380717,4.0449476538764095,5.687865407472412,5.120533641568096,6.882531276797767,-1.9058414178937397,-7.242012866284375,-7.238655769986854,-8.297316182400484,1.6500337036020198,9.948147991884642,0.43413652511539347,5.693975549871533,1.5159676325622318,3.749721275187955,-4.297821998403586,-7.923108400465679,-6.1385462635828825,-3.5546281213838027,5.709157250391195,5.5929526211195615,9.407381816626895,7.669510827961009,5.606695868147213,8.114240461214205,-7.08685564886088,-0.12590357590736723,-8.622499177079213,2.559586570213188,6.007700024910914,1.0929446833842231,2.978369711579667,-4.928761970316707,8.861412357126678,-7.579765163719534,7.669759101060315,6.981606636965957,1.6621720965989457,2.248918598332903,-8.223141254844457,8.75999809116081,-5.680458047622876,0.45026479429584043,6.963605522519249,-1.1610780195376549,-9.22726540474082,8.227913801119794,7.510754660849454,7.970067534678108,-7.370809525828587,-8.564849267766268,2.9009830337667513,-8.886407818070253,0.11159560443599403,9.639046137555155,1.4451331692058424,-0.30380961716834065,3.5538756984186826,-8.847990287362189,-3.1956388649716905,9.227477039848374,3.8278033966810057,9.087062875337931,3.3091011598930002,4.860910229009022,-0.8977318103395504,8.49936956008252,-4.760217795721921,-9.224385123324836,-3.334471258975209,-3.579180916799915,2.38162185985707,-8.69792346484987,-0.1250909508060829,-8.807771090798164,3.8398017084282827,5.4905573320295,-7.238247427848028,6.657970202939264,0.13622646566327745,-9.479221128553014,-1.4892577245950473,1.979126069419145,-8.929502964654102,-8.682712186410058,4.278971135965261,-8.625977921272094,7.600403297343362,2.2495691809337455,-0.26203428957517616,-9.782626861467447,6.123899081372066,-7.215666341081692,7.637056365920113,7.189500506879618,-2.6159428305442622,6.504831352574399,0.7376798834297134,6.534780125137555,-6.338454517781866,-5.386777957521012,-1.6780868735153671,4.52456989769084,4.919406329422957,5.304993186206664,-9.056604345654941,1.8091112736846213,6.1554076121968,0.5666561730146729,-0.3553381209858326,5.670654546059,-8.291350055874265,-1.7555147326898215,-7.838820808630091,9.888837633402744,-1.897167724616784,4.611167872444611,5.724570480869691,-9.438142990772844,-0.38554242577117037,-5.547721114035713,-2.509670484606527,-9.973267929821583,-8.703152263857367,2.2733661493224755,-5.515100270986362,-3.280751147056094,-9.372572483833192,9.182089432204368,-0.9971112231574519,6.071746387971366,2.589306006616919,8.75650481144601,9.7583639693772,7.081532720307411,-7.771316403498558,-6.796049051510911,4.969247094719629,0.7690689338729833,-4.961110512014086,-5.38254721037193,2.7283082228951354,-9.607976580452107,3.35219052549329,8.408849601481933,4.099058619850066,-4.069977244589779,-3.09960261776999,1.3806062372989292,-5.2270105378526655,-8.100823539621922,-3.628316300956147,1.2669089579561383,-0.1113621838366523,-3.036202330908897,-1.0280705537775674,-3.232098261908984,-0.49571600564203955,6.000955151203836,-7.460781984380449,-1.9849383840571946,0.6227043956844476,-8.4914708421422,9.833127880488853,-8.821133868385758,4.1969094054355,-6.343792858345814,-4.936025225043334,3.2229985488793655,0.6538421702696198,7.892214898803363,6.172401514087689,6.657023296583578,4.138072759273195,-7.152063041529981,-2.3198191463065454,7.618075913045537,3.5242813004081324,-8.825917612169075,8.15815701134905,2.112830158401973,-6.824723785905791,-1.0754228594302404,0.9177534428674132,-4.64672497312463,-5.7781509497502785,-4.7982506904944096,-0.7328117250236197,9.305367905474302,-4.186772891808124,3.4719486175615053,-4.153193023592614,1.9346702285112762,-6.161252526006271,0.18460641041375858,-6.405082760444676,1.723493036312295,1.1660406119489721,6.357515859506616,7.184214461233939,-5.662869518148456,7.975718316611907,9.11715685869951,0.9246157871557195,2.1133196532007137,-6.244191844358074,7.832997891569043,-4.501071813370688,1.0369380242702206,3.8847995065249545,5.019208713308883,7.58093336633792,9.97793776576437,-7.843491100918671,-1.956023678302767,6.3008466360172335,-7.041464661058312,-8.90362408145992,-0.7877206093538174,-1.4775857892534106,-4.757581220704146,7.071476696647402,2.0930381178347286,-2.2260001136782837,-3.8447582716394475,6.413765038650908,-2.9750863495020567,-5.621871615407081,8.407192289373736,-6.714000038534023,-3.766091794135839,-5.41134533373361,3.3669918219153416,0.4131340296242705,-2.806608944851991,-7.970890347386563,5.1772817844450145,-0.15381969288253217,-5.622596323436717,-5.678372921046419,0.05977105432397778,-6.559026921344295,-3.005993560235199,6.831314157626036,-2.9662657411229443,4.5986231237482205,-3.725905092071013,-2.521857432346586,-5.161014786947142,-5.229044005280265,-8.848514147148588,-4.386352688070536,-6.266238702355751,-3.893547235111379,8.81257830604239,2.716589817630995,-8.99342719448324,-8.784506592775061,-2.7067835704751797,-4.179470695062184,-8.036045441788724,3.1671007274128513,2.0480441441851323,6.758442958978655,1.990011509194641,0.19677371203332683,2.9138430225066294,2.867364674490746,-4.229192356607312,2.0075897234426847,-0.6678652866512795,-0.7309562861695991,4.28973431247676,-5.233073505144141,9.341277699036489,5.698070389866778,9.865270058185722,2.1047575052837164,2.92726842077888,-8.598834033483886,-9.013551377725005,0.5992972648874151,3.1215309398113327,-1.5886595056453938,6.178304833593295,1.7956006146568129,-6.343558937122415,0.591980127618644,-4.211720394408324,-3.889981726733569,0.6910464977922341,-1.7892521178259955,4.736581435387011,-7.121525073879291,7.2672690982663255,-3.9189650369254743,4.870703898883807,9.227123481353477,-6.591852634482822,-6.036211188354768,5.031231659348592,7.393519854811981,-9.244520409502577,7.663579394174583,-7.801511829199653,-2.1612218270499683,6.731842208574545,-7.592006705180792,-5.954997192063325,0.6973243737516555,-0.727811241894905,2.6262512356187067,4.3649022131213115,7.698046157804011,-3.370469024488094,-5.634490153240259,-2.927113632694695,7.066095511577014,4.35225258542372,5.570597587695341,2.3743742063903817,-1.095049196005931,5.483176010674358,-5.900819658151619,-2.2127939117369007,-3.6608907885068938,-3.2361286177739785,5.7384336598794565,-5.370305943731917,8.614088658857455,-7.9458046748427975,-1.0949518639089302,-3.7564298558152593,-4.951820304687584,3.3004686535260106,8.597097884179362,-8.71110238678807,-4.038788375311173,-0.47179703953762697,5.712308942309885,3.4752755386511325,-4.947462861179539,-3.5511435118734447,6.122710067151896,-6.882770025827643,-9.511555574877272,-1.9863986296855618,-5.25399352468593,2.1544158877750874,2.4477791165132032,-7.53969110724962,5.1434805626631945,-2.5477533928629192,-0.9706225573761422,5.242255308332384,0.35416553384943583,1.048351925660878,-4.320823099991735,9.809093062140551,8.18220638721904,5.7628347793270756,1.6196842064653296,-0.16386236206035854,-2.1387767845568106,7.326617313672948,-4.534050953878093,3.420946768322633,7.298199952539392,6.482019727490748,9.161262458974043,6.546015309816809,4.847013762172612,-2.164594110042821,7.417318689056536,-5.568241032558696,-7.12696297614873,9.747173583869401,6.788254027780212,-7.418315179883582,-7.525260016726016,1.325986992950705,-4.121927632032252,-0.8790874302683385,-1.6632225264493155,9.800052108554787,-7.742637630239077,5.019081357232185,-5.190245017832327,-8.662956376995151,6.6232101771615355,1.1971618466476048,4.506342211608779,3.7836164469533955,-7.9693082426942325,-0.44806465393519623,-7.509924028976918,9.706572135316613,0.8096341771656412,4.878938901432097,6.241358306076862,9.21898610816319,5.867400113741706,3.1275681497831354,1.358810289005568,8.09733626673681,9.328303671413213,-6.664135415663712,4.776673200137429,-3.8496625790005794,-8.820287782395923,8.29186038331968,-2.0887338322952136,-5.059860341311673,-3.8573027818218346,-7.460360179354771,6.384066742375907,-3.0192216310244717,3.4297113563765365,-1.828752320388105,-6.742234354950569,-8.66507418392861,9.14576864268858,-3.060942003430112,7.459655889088772,2.1166522129981384,5.89638188371168,4.138371191607124,-9.87203717908133,1.996366990745745,8.375381768168687,-6.502785009913472,-4.466556651826094,-9.228540834646001,3.3948228864265673,-7.563984105947037,-2.5985585457197775,4.495986231021972,0.5898629538828324,3.588903027623809,-2.389208671062317,4.583487334982889,-4.422094248213996,-5.060042534087918,-6.695828524446695,7.256448845017015,-1.0646340717069727,8.042340222272525,-2.2185456913448798,-2.244042027448671,6.18838671241528,-7.886650523107814,-0.5095128934545556,-6.861235321284907,-1.9628122650772273,3.2756458736019862,9.118920529282004,2.099029636844783,9.459976795509867,4.603428644791485,-8.01270731220664,-1.6525673081574546,9.53122907790658,-1.7463998845555224,-2.691852890055997,-4.470704511906676,0.8106951438781511,4.786121808568659,3.6517370027998837,4.22710302077329,-7.413259848836642,3.5835240288275667,-2.0454458208978092,2.6974209552100348,7.4949934308494335,-6.884904742792568,2.0037668477966726,-0.2892489156664695,-7.56284009688488,1.6388172627296616,-8.835512282411766,-5.862343956191259,-2.2153663607463914,-5.073923151822662,3.7702190618504066,-2.980131386244529,9.338978093611455,-4.150225949356878,-2.4127594423730407,9.418503096011367,3.971199351704442,5.036942915745788,1.1894509009763166,-3.821104716802295,-8.7184054042579,6.4002924578456515,8.016039411980035,1.380671862062048,-9.171283620828168,7.058736941419767,6.01512347419024,-5.812032151604827,-5.555494862375443,8.4140869622432,6.743441074246427,-7.070107850633551,8.514336276055115,-6.968668670917699,7.7940907522786205,2.1815501759074465,-2.713262445480023,2.7412047885790702,0.43017574586860974,-1.4081046000139619,4.0920623460928525,7.98479409488003,-4.311790434861322,7.831399915837338,-8.537087026808575,5.56969102798516,-3.5467413265262078,-6.392018037701979,8.601788441490665,1.0945855918781255,4.388585793211618,-3.0363480814715,-9.521277151207226,-0.06967830527749364,1.4632577302398424,-1.0531113277770885,7.780942909615362,9.801082330469278,9.408294068893856,5.993397213921519,-5.1971297337495965,-7.071604834933263,-5.0087935295309745,5.645445339433362,-0.17121777752150003,-9.389927991158672,-0.25636734881577894,-6.94860703130983,-3.0379548859405343,8.3663256374222,6.331571466290772,-5.8253634952435736,-7.96406186144252,4.351973838269309,-1.0044687267528154,-5.963419808357424,7.074178895813141,-1.4961457973177232,-2.477486815456766,9.993902385572909,6.882844944319487,-3.404142049312684,-8.112731135210666,0.6213208304545521,6.283031636060727,-6.333488063487646,4.029263294840417,-3.122666844303417,7.617772208756563,3.437659662258671,-1.673830034984661,0.8958209789527842,9.209794778795676,-9.83033416677307,-0.7978383454173574,7.410033582196636,-1.165474544456707,8.893544155709098,6.390465078873607,-7.369353221338592,9.421129230920627,-3.8613087218405724,-4.1736162156980505,-6.640133719375976,-8.751678028897825,0.3445157999442223,0.9229492574371889,-5.074344417992361,-8.326599954098779,-9.42974684130216,-8.350708804607667,3.459231106238283,-4.733519371610415,-1.123593597914514,-1.9735019699451541,1.402160167286901,-9.755360477796733,-6.321013273404925,-9.154815608378888,5.752147703907973,-8.097879222234315,-6.747230052430413,2.2188339532371586,-8.65829067109148,9.079274883761567,-1.2571207485491271,-9.04481979220944,-1.0710016275693413,-2.1963675366123336,9.506137892769285,7.091154577651547,5.065816849627129,-6.778151768501781,3.576597368468459,0.5188945138507339,2.6401942263756535,-9.68584281515948,4.92086435057143,0.7253989818458315,2.0678395589585783,-0.2633457631127918,7.818266432061197,1.382766561181592,0.15506914106463832,3.691900219657075,-4.83458610134301,-3.9419582916927887,-1.8647962639692715,7.502223045269027,1.5300883566523087,7.423281734511672,-3.2138150448402714,-6.159203318657207,6.725647600852508,3.7294644650594737,6.503440210035826,-1.585387168015128,-1.0947645250751403,-7.3031622363330335,7.686091440912556,-6.803765514766431,-8.55541080468981,-0.7519103065049215,3.0392355806924023,-4.508700409189181,-0.059025302944474944,2.496132261935708,8.708839132203284,-3.3163603827869963,-6.403166722966214,9.618460711833926,-9.859588631759266,-4.651399531246243,-1.5167729763902642,-5.068700882002584,7.222511325452253,-4.353506479484053,8.620664313259631,-7.798942482853302,3.852243495440856,4.826737452819819,2.909473683224892,7.739685054826239,-8.735255909258832,2.704069195138537,8.525351478022266,-6.245833852015011,5.779733357303261,3.2725920345989206,2.037266922208616,-2.6111660754565147,-2.4152469609947014,1.1116989940435662,3.862051140647967,-0.6807362698141777,6.654536297705587,-4.189064386120728,-0.7993005291889368,-1.7713916778043526,-7.767121902012477,-1.0396104428588853,4.831489770783596,-8.04156614228977,6.932195324943237,-4.736140510181772,-7.972809504646756,5.031931624357654,-2.9960287395814023,6.81413153015361,6.0595020060311455,4.965349609998542,9.97414181628524,-5.874421369273617,2.0396445752370536,-5.890546076028224,2.0141231873472982,-1.748099362779108,6.353617343908123,4.618434370361836,-9.444597486017637,-4.847596434843961,-1.3700119150753114,2.0937025423288844,8.838072818728936,6.644439746081229,7.283419864922529,-5.630457576328536,3.010682691484588,-3.3335996969126747,0.4089209763717516,7.7336969839252205,6.3366499389075805,3.96104233706267,9.505712053395722,2.8405613864085204,4.858047275899423,2.3290123620729712,2.866223846450291,-8.048638814999208,6.70842727151166,7.025275121896538,0.13192960096020556,6.893067186570185,8.027447808386622,6.802261307473195,5.807355286150697,4.975874576100194,-8.877922597778314,-6.1294209672021776,4.518963076289751,0.7071216776181117,0.39943848245019353,6.078951604192369,2.1219388885631822,7.26762485158838,8.664302479116934,-2.3904729792651125,7.054579601500336,-8.05000290857417,8.980677589479154,3.397249583820461,-4.329559148004898,-3.0486910484615137,4.931792861443105,-4.383322880101874,-5.7426020566636105,-7.9933640978166505,8.24084702835728,-4.915924583299027,-8.599897379093584,6.399971480731459,4.389051459128119,-0.2854724226846823,-0.30971227926379363,9.514880964772257,2.1221945141137493,-4.325505490990684,1.1749158466558143,-0.5984329368869901,-7.1192726747453,5.373910261794041,-2.4571135995328337,7.928647895347009,-7.500614918047903,-2.787270160369337,4.9415467101505595,2.041572329989858,-3.304959307281683,2.376011156638553,5.676830928316246,-3.2108957447699478,5.985735851458308,-3.248981483493454,-1.562441503589012,-7.179223347713024,-5.311632447574159,1.1784462262030626,-0.33630444279188865,-8.870128087322263,-5.430215754420981,-3.3327550299808673,4.664104284130552,6.160634583846516,4.751279650441392,3.115538727725081,5.762074333385625,1.0460765840827708,-4.352051985814558,7.911837054226652,8.901045034979564,-3.573256760145349,9.29004857499011,-6.433502690244262,-0.3637246475587457,-9.778128981297984,-0.24320553039513726,-4.607541502933808,-1.5576118134654706,-1.9549413337615569,-7.164724674414273,-6.01718452467364,0.6717560241907599,6.66337395185953,-4.298753253137486,-3.8131847454653123,-2.110541357791136,-6.724724540859858,-6.276228707915845,-8.580536639299057,9.364007589263146,5.123026919009263,8.913733243300044,1.6167130440340074,-4.72438651152753,-8.943021125705561,7.231069467504877,6.654795726539817,2.1056256762874686,7.6180363242257485,-2.1439163706042947,-8.97694131469206,4.79619368542801,-6.182766784212459,-6.782363928870465,-1.4868383890332293,2.1905616030856585,-4.001024649528723,5.711315766377327,-2.0030417329410906,2.519445823026409,-6.851285368237219,-1.8186979784190793,4.978182244074322,-3.6587193052013323,-8.079610772344772,-0.7429555460244153,-1.129289510784421,-5.114272631610826,1.91591989916164,-2.7700239461681875,5.037678682792832,0.2528582069823777,-1.5313875806546875,1.3799528357901796,-1.6100414857190177,-1.0074658357333792,2.2897432366511143,-5.0092316379944535,7.361088195256993,-3.445850109110502,-7.25613212421611,-0.19437384646596456,-6.0373652656019665,-4.960222502881166,3.7306555038352975,-1.1407387211915694,-6.1826569975711205,-3.870882442562495,2.2237358332838113,1.2942853768595128,6.205221720945069,-0.6547455665181285,-6.051038959451295,4.598785335356448,-5.725815242658008,-3.0411320110512063,-6.197625712341814,3.456848684192124,-1.0538196952631793,8.284862125857828,5.6817236977476995,3.9901083762192187,-1.3717187160440005,8.299142902681766,-8.16246869735889,0.8237273955512308,-2.3287480217486545,3.709363555611297,0.7949700237898565,-4.927808496383578,-4.956803870952342,6.149262409438766,-4.679727226220831,6.580883758211343,1.6858533745589206,-7.271400621371418,-5.316728248458517,-7.925707746969448,-7.247034081639736,2.043036772428291,-5.774604030946076,9.900851875258507,-3.0959401413540277,9.86276937437658,1.9891125049533276,-0.5521631110019563,4.759644232381659,4.698375419692018,-6.9283159240699055,7.382672827201805,6.414212841413367,-5.543456028416496,3.7673867124537974,-0.7685703488670939,2.827896455690233,-9.614759057327708,-0.23939084013558976,-2.159947867684828,2.0032534081548725,8.609650172122695,-9.123421593587995,3.5521146250660856,-2.86735291566459,0.10701605295219707,3.227436969702552,-8.539339510543355,0.9460772899868068,8.244858991982348,1.347527570839537,-9.17297659003606,-2.135886463202552,3.8134036113156853,-2.7736998533639046,9.343841216658387,-7.6611400125823526,0.14752362628548177,-8.562266336968564,-4.394172051103096,5.360172558105296,0.7513462796238617,1.9295520256151732,6.728993141981562,-9.596159347187683,2.3969077040667592,5.995606735397638,-3.7108212787207107,-9.09814488025599,-5.52268426126685,0.28404999826023314,-2.8012474958241746,-6.246496311894971,-4.987420739752393,1.6032039212193379,1.9974592667174296,-5.657849457996555,-3.815962656755845,-3.8722801688333597,-0.45682518650226456,-4.410501721811631,-8.877273130866975,9.869643108758225,4.976988214239464,-6.507959027404951,-3.3227484060319217,-1.4899836754446305,-6.229480425733893,-9.881077323629402,4.080710802276213,-3.462090805283305,2.981003029254781,-7.632657537458365,5.2665986761406955,-5.981307287634059,-6.850275835751807,8.936860063412627,6.597076021196926,0.377419341802824,0.528855395365067,-4.177030245700337,-1.811347134539293,5.069291476708454,3.218032684751826,0.30271617602426026,2.739501858189195,3.6734443045035032,-1.412786357568244,-1.4728808257960768,0.34913894029741144,7.070364445166984,-2.5497479948075856,9.135864473764855,8.252805400600426,-8.742210023811039,-5.490571662305128,-2.4919327580117434,-6.654360736154867,6.630445892450716,4.693146480605126,8.07393374127956,1.0712045302085098,-2.6306863781169465,5.1882184736114,-6.052591363844306,8.540412568024077,9.57301883568665,1.6469925229574436,-9.73492139741542,6.660179926903542,3.6573986896371817,7.866962313325395,-2.4652089329233267,-9.5759612012763,6.33137869224473,4.6943192434950305,4.672672981586254,6.284686840672769,-9.633209985999294,6.2551099139006645,2.7916348585940156,-0.1386644603644971,-2.459122939213545,9.95093939121795,8.446487051970792,-5.355811376911643,0.13702089218371505,-4.28839869922111,2.531165440442141,3.0440191414284357,2.550043431069554,-5.909038550378929,2.499963357441393,-7.402078048585608,-7.912818639412609,0.13838933092812056,7.296536174216911,5.7258476919112855,9.535380620286379,-6.4535099262899305,-0.5255677255373374,2.1266901005081387,9.728174830974417,-1.3188508959474312,8.660362779864414,5.261593008394447,0.5208570648798663,6.276812035911455,-1.7305960189996146,-5.509464765368328,-3.0645755904524075,9.798226565562537,6.561725602805009,-5.740146647480229,2.088537198529899,-8.969178431326242,-4.0201688055787805,1.4889747976532064,-9.507324215206479,-8.545661162721139,6.690841301904943,1.5959634676207024,9.516114309448568,-7.158640382232622,5.203837221778606,1.3754961421850442,7.7936344976050655,-3.285997119272732,0.15735500763793908,1.2944911187833945,6.262249850132044,5.026352674052939,4.136361871313595,-9.301582383965659,-1.4233281812282517,-0.03760453047994439,-2.586948608346715,-3.7431703540153505,-6.122678151486143,-1.3181414641984048,5.306261293145036,6.3183613632051845,-4.541333606765092,5.3295589354288975,-8.821960074158536,-3.5987125538035425,-3.2859695344538054,9.672797160881789,-5.834379787336701,-0.9765366710520311,-4.931193269771006,-4.108707158387093,-6.322145556744514,2.3114029440311192,-6.874614845422897,5.906008683800039,0.45720851900381376,4.882843209047563,7.2388759337475115,4.07700474219013,-2.8155764524538984,-1.5940756662816717,-6.976132963684725,9.421057881796159,6.346731377060248,1.893589821471565,3.144340752002906,0.9347351875797365,9.548804677661138,-1.9847373174143108,6.100166800835364,0.6859720224602928,5.9890593880539456,-8.016823359997023,-2.804879380630503,-7.492503194744311,-7.935620465114937,5.487554608261469,2.2897809258915416,-0.4246249358371674,1.9292126477406413,7.723886913243405,-1.8916289742393904,-9.569203008513094,9.331360780098287,-8.480084962239669,6.599965305303137,3.709907611279352,-9.331782049072356,-1.6542277736979614,-6.235042812396932,-3.0653159758237436,7.787110698621078,3.56370776787524,-7.829927087947488,8.403125120384797,1.2883420824055207,9.142329987783086,-3.5926211966426163,8.083108774510478,1.126107477226041,-5.1936322470542144,-5.554334007048059,-3.1639870791495373,5.562128452622421,6.221031183448098,4.556380451296626,6.330085686790124,-5.968567493362295,-5.299308968362444,-4.4197531621514035,-8.63448488313853,-8.512718982768131,-2.4057987546133326,-5.680085007730133,-4.982196364194258,6.516846799618833,9.945176733841247,-4.188357619783886,-3.6523338586153837,5.799998394421024,9.153854335656753,5.56695914779735,-0.7186263267335811,-2.776800610965,4.895780918654536,8.057808597464717,1.6968739758435252,7.9643134894795224,0.8007041679679983,-3.9699023698422202,3.9034611643107215,7.212130885135757,1.2328786023190332,-5.297424544410081,-5.492800664096329,-0.2668240199977525,-8.023468010924603,2.879294072865079,-6.776862300412237,3.3761817240267415,8.461153226208612,-0.3389723997335352,9.119937819611216,1.970984232996182,-3.901889614876306,9.489660285976171,2.6404917928795797,5.200575177218292,0.9806690981714024,6.963980858963019,8.010851635801352,-7.292764683293975,-8.0108759691487,-1.9856590381395058,-9.046459942109893,-4.196230742193087,6.486992323796407,5.770970037052033,-9.149149496579554,9.379655505916553,-3.611481700720736,4.645414231044217,-6.314606304224157,-0.18032922198334944,-0.28454862194269737,3.2695714370288442,6.856056486162668,-6.323032231418839,-4.326140392653008,-6.22696002323055,2.66817902660625,-9.402788398198336,-8.87502371860993,-1.309704408628674,4.648073083001991,1.4533433712617274,3.74078933531832,-9.040117559222196,9.883359045186474,-1.7826815814158508,8.024190027463384,-0.1354436548398219,-4.856214812695196,9.90172014662733,-5.124476758466619,0.4392313389389475,6.084896759305604,4.360354252326735,4.619713484116691,-2.7736546658846954,1.9218644686856656,-9.951769779217921,-2.6250286391308713,1.0856479861348163,1.5357389766965959,-0.7925326884202928,-4.355687988327284,9.974783400936062,0.21524441975759423,9.436992468462414,-4.966061080063671,0.17455906721778902,0.7675286710373985,8.3175728730332,-4.954100817047529,-0.0844730025941498,3.356528980895643,-5.163662344806321,5.995978915407523,-5.390616673971762,-2.331613188476167,-5.58342769358341,1.0014723342667722,-7.8840741171982875,-4.472991897524794,6.50398564832399,9.9190984642946,-0.4559218276798944,6.35590109164443,-9.076070364629167,-2.5309848431100406,2.996881908828472,3.5541009707855267,-4.33505874232603,-4.883789797771851,2.75237113785575,4.4686441131299866,-7.447852812322493,-8.822824510391792,-9.96011622066758,-3.095664566878784,-0.20731633236074387,-4.0190155957099165,-3.295940072436405,7.2896851516128685,4.675147488625203,-6.497900223656012,-7.322691435355287,2.5273161118078296,-7.090830596839693,7.00948625886312,-9.474547468596583,-2.2089148937982443,2.8862323324341066,-5.025008628902528,-8.515686684037727,-6.198587504327033,8.892455357024488,7.497897033516374,-0.4547373716861216,7.318091506204283,9.223240510112717,-6.890628199969788,-1.1773937951437556,-3.4983099186926436,5.9344168815157445,6.944498905808494,-2.221178099004291,-0.9349488572932394,-7.535558159959768,-6.912693388709066,-6.259500406166996,4.317428868905875,-2.307427696938449,-5.633229425781816,4.879576008428984,-9.77146772679844,-7.955122358272848,7.3398595626954375,-1.0363993841053016,-2.7741414673632097,6.134765930145981,9.413566341056615,-0.7360776828295972,6.189278228809453,-6.493319316452411,-3.8030588914142127,-9.514369019759162,-4.685705997021216,-5.168421669607035,-2.0653632091187006,1.2730809717286036,0.5231022003125076,-3.8853190017647243,1.3300428086158327,-1.6858806614137194,1.3368901112698524,-1.2487207472865887,2.836022949549406,2.147483465232071,6.5625108560406495,7.628962688301971,-4.668585699515527,8.375352631586669,-2.539293452323113,8.472657475028285,-2.488006407711005,5.992330095088716,-9.81560395830404,-1.8513077435883396,-0.6882821572382696,2.212046963432755,-4.3029015497979595,-9.807943797518634,1.7312161783630877,6.455545123243478,-3.778493288963258,0.5881369285639177,4.513731384255017,-3.9252919151319787,-2.6721715468030505,8.647794532391352,8.138233969049807,2.221730442638446,-5.126686218986203,-6.238668991406016,6.885749952270434,-9.183335365135285,-0.15814102866046298,2.9505854197683448,6.169586156240225,-0.6229385458698751,6.997287948512788,-3.0658400419557674,-0.20754301470501701,3.3209478038783864,-2.8221667085746276,1.905027598671257,3.5862938857576037,-8.293178211125225,5.442744457418291,0.19471074720741655,3.5405669228498944,-3.8637556734760503,-9.800824686029188,9.5520421370998,-6.889870200927559,2.4770172366314576,1.5274206323552608,-3.2884152334106815,5.32632815802506,-0.16008039650777128,-7.290392389219185,-5.272041214086602,-9.371256375733115,3.286099578840556,-0.06577485952958995,4.286993475594498,5.7648612127093735,7.824432819002855,6.216444511555938,7.309431937941969,8.999189292952831,-6.845983346236489,-3.7415780480751977,-1.327597910491697,-9.508271192735954,4.8660158922298145,-0.3367142606018625,-8.985277355998068,-0.7894053990258136,-9.879686631623581,-4.241239530460989,-7.661962976178605,3.6346316064202693,-8.252145369312887,4.036403746464972,-6.781397303864935,-3.475493160713503,-7.242759093489277,-6.709652175647777,8.36838011953003,-9.39174690197703,7.1389349478362405,8.23307914430352,-7.998184320756643,0.43777698616458594,8.165002798037538,3.604084047611284,-4.057565977726014,7.605970217924579,-3.268804521997568,-3.097553774235382,-0.13464748301839968,1.1213712312917608,-0.06959605050984763,6.663189139317087,-6.176319108061275,0.39390693526282483,9.478750229999914,7.705219340069384,7.704383736128037,5.716449702068331,-6.924524147433058,5.25336785836676,5.055661725727244,-4.814448623750587,-5.372924779243322,-1.4168483863046113,9.537798107240576,9.52345908598858,7.433882086323095,5.0054499759271955,-4.309586702259589,3.6857227813912345,-8.513697497966511,-9.176136964333194,2.415124030975484,-9.294040347552317,1.5971790784083169,-1.6062090106618072,-0.96102712318695,-8.019325617859632,-1.7781388059542955,-7.358045893116376,-0.023920202325269813,-0.32919639539671763,-9.19813490543168,-4.80234015153731,8.255902108471219,0.18194204941464776,9.969698185614764,8.267806891044117,-5.95041045533849,-7.756562407324874,-9.293140916544564,3.396692354075139,1.4858421056245987,-3.227265334494138,0.1045581500574766,9.739657826581055,2.776334616988958,5.675900796525788,6.8164650654018715,6.7358757004941054,2.154918467608976,-5.033060507268625,6.9101761116142555,3.9875925714365934,9.10023243788158,-4.72193734627295,4.595103060032276,1.2367149519088283,-2.059179926191506,0.9730355291066157,-7.628492501828033,-5.087544975678564,-4.813246168563115,9.10166448222978,-6.411841166450747,-7.426796822422192,3.904590553506303,4.523189955984028,-4.64645835547981,5.766623634561851,6.629361867019657,-6.747171525777307,9.21886440725023,6.372952618613496,-1.3536640535596174,-6.194692819113845,-1.0141066391623088,-6.037273866149826,8.83695356127436,7.7951251394697,-6.248069256202506,5.444242163674019,-7.567990365511403,7.19848135925632,-6.570873015441405,4.898158900189538,6.621938255316639,6.915676696101961,0.4228684331138144,-7.711933598220339,-2.7854113532810043,3.0346029992162364,-0.8243331080624507,-5.788923995111485,8.721694782222304,-6.986854386592018,0.6353116066093829,1.4639349925199152,-8.951588339596876,-3.6391152441776953,-9.0320470590434,-6.851145326077628,1.355673337928316,-5.134530628372627,5.320723630434799,-9.222396627634362,3.7875500167099787,3.3808584986716443,-2.5498256722900177,-4.484124096278659,9.051138603142675,-0.5483207157877885,8.944752191216729,-7.116144565890615,6.556338306834725,-0.917362049244332,-4.0190274487981466,-4.244004222561664,-8.36984415531086,5.328745428301129,4.417166202533851,-8.841925518210772,2.693223812624293,-4.397059228820894,3.7963948197593016,-8.764789769006429,-4.5998865625100605,-6.976004332167238,4.855150894530894,0.46707516716264763,-5.744696872851975,-9.182225352765908,6.470152782359872,3.028147478098564,-4.951653922451835,8.736211954792743,-2.419452313281097,-3.172498653618854,2.3216644570198515,8.599270869041856,6.864136107687262,5.2810845564006925,9.649072020602244,-2.7542766641959933,-2.3175478415346102,8.76843213140901,2.7982542606492284,-2.0494787027808687,-1.0387287431423626,-7.092040798792274,3.51008076283431,-5.339125452230682,1.4639857976472683,6.324795554675131,-2.859417488903812,7.75608457671413,-9.823189850817231,8.81179567763808,9.886097490607753,-4.651204309873882,1.4609706169960628,-5.562608361795789,-6.031395416686564,1.6931433478588893,-8.226920699047074,2.5954585444002642,-6.796322651102256,0.3592062179964888,-0.3048555180651391,5.552284275250043,-7.753889308993129,-7.676885752702336,7.8218842577239265,-9.527288284395109,5.511855400312275,-8.616001471964035,1.4498069279674493,0.92799607933215,8.865316542510747,1.662797957202578,5.064061673481055,-2.531457985112553,0.3396349075288647,-5.792181913200536,3.5290797641179736,-4.7625328502793,5.085354437116127,-4.826252466528926,-8.825114053117042,6.75029604569545,-4.557257580991168,-0.4131245231415832,-9.883440276458572,6.856400345824223,9.479361622417322,-3.2676157034109865,-3.6982153900770376,-0.5279251198432284,1.8206008846210704,-1.297629357902622,5.924519160800333,9.256149091717099,-7.15307857829222,1.5015060657560895,-7.5896497980093836,3.9715644930469747,7.534219570130045,-8.851721774052656,-3.1871015764085016,0.6266289523525952,-1.0524564098976228,-0.7195978865199937,-5.668919870236366,3.6335993735693215,-2.2233704152034806,8.293683119738098,-0.24086980376501543,0.8403978153795784,-1.8111390442899271,-8.368062213786075,3.812279726322604,-3.2626515043885824,-5.799305472760253,-1.12832042295274,-9.401213958443119,-6.583230388441552,9.079405375186308,-1.9089213649160968,0.7134662916840178,6.2412014483453255,2.9951217048762953,-8.240120734596763,0.8273246760262509,1.5319619176023984,5.183630778632608,3.3389200217782182,-8.238117177275367,0.02007853406823301,6.543534800152283,-4.27436431228349,8.768126824531144,8.3522657221497,8.331116120301605,8.715257948503144,9.0303610754235,-7.492353037098088,-8.01979140136051,1.6633832089117195,7.776164322607091,-4.397257166575046,-5.3451892354433745,2.474913404829394,5.976505688379216,-5.961801891506919,5.225576432162288,-4.480292099039016,-3.1962512541598382,2.8533308518609672,-7.986758057945176,-7.016794774807624,3.8156623085338577,-5.307802706313643,9.28601128035471,-6.561648651770684,9.124642579763535,8.014967265043431,4.4489529049643615,-0.006883941299641094,-3.3075950326998242,0.9677170342051244,3.8752647760369,-6.197776543408322,3.618404438067003,-6.226268928334995,4.118353590000316,7.348373743562298,0.7179957321155399,9.820869245523323,5.90503058099323,-9.470884381845366,2.1656733687334118,-1.5898562216459737,4.13204908894976,-0.6197557884583702,-9.120338187454628,-7.179483144337857,-6.375027978194905,-4.4697146102518515,1.3936445270813138,-0.37856363060216935,-5.021521446885451,5.661947219951189,1.4677431208945038,-0.3181496787264386,-2.7083726284862735,-5.605793120653695,-4.110851563526873,-6.707301877911862,0.5876208247662724,-3.025960427869327,8.482518379198478,-8.951577487824219,-5.406104097967024,9.94264816872009,-7.57417409064383,-8.521818545380874,-6.84105154666309,8.79247284904256,-0.1311028035302204,9.36101069202109,9.388619119879856,-4.283220822895258,1.8444568929755363,3.91003402195806,-2.983907595769013,-1.111586601791286,-9.608395335355818,6.576644001726258,-2.1754842115609545,6.6523830109813105,3.9478394408626816,-3.916317473937612,-3.31058044938154,-1.5106180232315012,-9.976933486635682,6.777006063613747,0.7633055441637495,-1.660982236672874,-7.034447146202433,-4.3807979245599515,0.8741563587585901,-1.0777284525085626,-6.355476823877595,-0.9874703970178178,0.6724773631643295,-7.0978243527374545,3.5616200619075737,-8.721098156585729,4.247066850430263,-5.228994125128463,6.788303727848849,6.159038020695455,9.909463274890228,8.495824375417808,-0.8324445088244499,5.9153875657800725,-8.830301400732797,-4.496906417547564,-9.995731978744097,-6.945118727003877,6.152028889467722,7.775576394974596,4.2046242496031425,-7.916562286507462,-5.374044194306413,1.3625858779763949,-0.4854932403339518,5.066263247961674,9.680198016020881,-4.934329944502476,3.992448863086704,4.08002709989989,7.179878287780149,0.7716975182421351,4.658100984623253,3.293199158157659,7.98322032901449,2.022305742321164,3.55389635474962,0.3888400678938986,4.2996547506326515,-2.402242418158669,-2.8147603455837755,8.512767069123534,-1.3521086358370766,-1.4779163414181085,4.1715561850981775,-0.10242097463497757,-6.3616187121685215,5.4411800378804145,-8.718048795875484,5.0462671324045125,-3.8902828920852954,-4.376853982674776,6.620235854539697,-9.46627221367769,-5.890825095789665,-9.730590467343568,-9.258013426096882,-5.034240274014012,8.453043821401927,-2.823677218873768,-3.350666037038648,-7.221410100532499,-4.1162566533616545,9.692589963714482,7.460993729455236,6.759227849866878,3.029143298688254,3.3957800890760623,8.429343390620577,-5.636793215971503,-6.644755190910432,-4.786326509376533,-2.8858155263766445,6.682352147663863,1.0434361606690672,3.417324315750843,9.039171432320757,1.047998819417785,-4.068482716288742,-8.997975530272157,-7.917532407245,-3.9148401080734434,0.3524030694507392,-8.449476566168778,-6.144987125534955,-3.3321644725883477,7.997231098042512,3.5235122613320495,0.021304672946566683,-3.837524018054692,9.414855864126729,-8.638481868401326,-7.253524562889879,6.924666509697669,1.1032690452289078,7.076946471851564,-9.961460934831472,-0.9788436502498676,0.840576827640886,4.004009172362737,2.9663329123492588,-9.83051600182419,-7.466511683271326,-3.1429871742833226,4.516530321450077,9.963650761637865,3.6305178490018264,4.613748417340515,-6.314623802182302,4.758686099360174,7.800574924516546,-1.7103633698585838,5.789328254362802,9.873822420354049,-4.367010069513313,-4.574159662182808,-0.18607667360630487,-2.615279018547154,-8.374921679711157,-2.8646748572950216,0.062443936062447136,-9.011909035694066,-7.321625238450238,6.293076408248439,-1.2132046025286147,-5.258899248503994,8.78155756545593,4.749198642429226,-0.10101045700294975,-4.572145397669667,-7.851804297309693,-7.074139916797863,-9.454694720682246,2.0513633825914894,-6.1821623604167115,7.230229160417309,3.693664173038698,-9.917482830243312,4.265337241423037,-8.903995063316199,-0.7831008266460557,-8.498837634875606,-7.573596810392919,7.36339606909641,-3.8310360524133236,6.1276924768188294,9.944969860940184,8.828698035070545,2.981879755867638,4.883221513207896,-3.8535420867333308,1.145646458562954,4.883507883087434,-5.915598326944016,8.77126445071536,2.437321514396107,7.95643858106131,-6.671168821004598,-6.1196464720780614,5.425352926936837,5.005667568854692,-0.818384211312706,-7.672030233217533,3.8842574033178128,2.1373775321844874,-5.298759383804555,5.814463588078969,8.66413524794135,-1.3625263766899813,0.03268632751823475,-7.07838490664237,-7.568049540920276,0.8782584232426807,-8.188989646012887,0.02288402978938109,-2.1889630565561546,5.495176497935095,-7.695830566348311,-3.6534130403841054,-1.5164186391314196,-7.538429622228802,-1.7122666150124068,3.318813934173793,-4.426400400443404,2.337598157519878,-1.9280492254020665,8.685925212869499,9.270364650298458,9.030465783538617,-3.803315835881911,-1.1964703199831135,-8.560947727256847,-1.618886463951183,4.0809117072111825,6.050026288933697,-0.013408436219666697,9.819193495552557,2.856406597794205,6.727968716389757,-2.549854687095518,-0.6504363034316611,5.670126928742716,0.3996258287445684,-1.4206589723997531,-8.11377732518765,-3.267597254627585,-3.6788935859687566,-9.992971226677337,0.7903116244432358,4.53174939653103,1.5257614011531988,0.44226790999758414,-7.844659490128063,-6.978039170499484,3.558542249192545,-7.273607474436615,4.7356461012199205,-5.226229675845328,2.1941861159725136,1.2086120984432043,2.560224345650095,-3.790048054818886,2.88176950431286,-2.024074869125883,7.547474753936861,-3.40275652686044,7.04349054481397,3.8291318857547303,8.856216487773153,-5.059329559678769,5.8893684588686686,9.266038921966096,-0.4251398232101966,-3.885437179813815,-5.366271933401066,-3.648316777678879,0.19015326133109234,9.044132797593107,2.172825625839632,9.8087599198075,2.265314822755373,-9.22492670474713,4.278637825359217,0.903529123062853,-4.109062767402573,5.702016193306857,7.600197385928787,6.447822339380071,7.7949729719185115,6.628276278458827,8.960687543319995,8.819165764914562,-0.5765236605229891,0.6820610677543648,-6.29639698486983,-7.030944466572784,-1.5910785268248198,0.43865802305743884,4.868794647376147,1.5325142154856035,-4.584048622019406,3.7340131213607126,-1.757196759834521,2.470951616042063,6.040498472939774,1.3492656474133184,-5.624985354902146,-3.3180814761970083,-8.24965525834662,5.4728288487642285,6.935166623932307,-1.663823308717575,-7.789616661722456,8.76600616824468,-3.928156935698124,-2.0062981250060847,0.9547806363789046,-8.803959685280295,9.560551901330609,-4.580419968511729,-7.86288501932114,-2.743281276722282,9.028718941122278,-8.692305120815577,3.790533754104274,-7.400185840020706,6.460545592883765,-3.2450349404956524,8.235743482251731,-5.982212374901438,-0.19679437990954618,7.303346969895745,6.351021045375532,-3.63529483260447,7.9142556720042165,-1.3995093937597947,-3.1931106429687572,-9.858361732013437,-6.965379531660394,-1.700459901809877,-1.331314549779293,-0.8956857632417066,-7.699652108723425,-3.18084979992193,8.14151280417138,1.4652283622077178,9.484048501800395,-8.814202859127452,-8.548454160263885,7.843945920292679,2.5893078619279954,9.218109634566733,-7.966059412496755,7.24050389685657,0.9631593579161741,-4.4109741734067605,4.829548424262196,-6.120679825741561,-0.570023666240175,5.890964745885617,-1.0809244071399249,8.73445607998373,8.884422573065699,-9.51509985934546,7.519155084897079,8.099624305740434,6.713583610314313,3.580911605907872,-4.79561086408117,-4.019436615061629,-1.6900419664056727,-5.361266218346015,-8.249324435307841,-5.365679012865405,-5.639033250145353,1.4308690528187622,-0.1698079854889034,6.856447466645186,-8.747174379669943,-4.618275626030693,6.294872539246413,-0.24653685404596004,-4.773252050606882,-6.928905099670157,-7.901266884668921,9.42760072488694,-1.6429005168721478,5.319919966687268,3.3705801210058777,1.5517547624163441,4.70495502419155,1.8887496768793373,1.1001199249577773,9.163307081520703,1.929928939963304,-8.372065175287615,-6.605189370658302,2.841694102251912,5.903463635752104,0.6455009988799727,0.14363297206864978,6.000647188873415,-3.18266035763423,-8.171908526172638,9.309365694416236,-2.58009163031244,0.39309415140879267,5.9941514255846755,-9.69320877768941,-9.055330947856074,-7.437055413946885,5.436503208640403,4.942203311711825,8.01610254234776,-7.16715424391867,5.686487239843052,3.6407664512292204,-5.5718980540163,0.951942694518678,0.9096285057222211,-9.174286661552317,-9.182994631905999,-3.8274766596976946,2.9698300426207513,-3.227433151883485,0.4455938433639144,5.061372519496235,1.499632155917146,5.982886673862664,-8.953777579202152,-5.0865744760137765,5.748671104629269,-1.5536977434396668,8.836213612766343,4.310896081906181,-2.3149925564148166,-3.8221009165870683,3.5749567233112103,-1.7288047011342549,-3.7381266531603803,8.161907467203434,-8.837517808033297,-3.994447699507793,-5.128650837659476,-7.336586543191452,5.804729835873765,6.355411714059322,7.724371107912255,2.3122631637116964,1.839361474419821,-1.965918092148204,7.409016109682852,-9.40830971780725,-5.529101547904864,8.22756549126224,-2.4098481580584474,9.262032281278806,2.6604674654187797,-7.426317238535541,-2.933426452108172,-7.861310895943805,3.701725778583313,-9.62464936001173,9.720329181539633,5.543111892895709,8.585739135493881,1.6197191933779038,-0.07770601313524139,-3.0415620789640148,7.633547903209848,7.307258581162554,-0.4762667261429048,-1.1484141502751868,-8.940493063542831,6.1924002105753,-3.10075273378553,2.98016529195322,-8.756960170693635,5.263272918351319,4.052415106144158,-9.902348458355414,-6.15807569449858,-1.7474598576237543,9.70218106913389,5.277365831773562,-8.01053724845894,-4.758514981241264,1.6839007107957684,-8.921803132667655,7.171204811226623,1.4323689482208746,-6.019470303385146,-7.611068174846309,-1.2179022479179142,3.5704852137707626,5.6357751610506295,0.07522962876520367,-0.3339380605687037,-0.7949749674693241,-9.86986007957827,-6.754435236952975,8.304498847636793,2.5313089159838285,8.052191048379967,-1.3407795774418112,8.953917976139913,-9.091576360770318,8.87981170375799,-4.039723694214084,9.377229623899865,-2.3196615824606877,5.223377000211594,0.8448471175095058,-1.3996560561304339,3.5359078419667096,1.1241341304531378,-8.816788399600188,-1.2242504980827675,6.807936264826761,1.6738897459486974,-4.969996547730262,2.6443363203083337,-7.335186410628285,0.40919810571563353,-5.08734545345648,3.167925339790097,-0.3300748064464578,9.21871269931803,-3.2678316883417775,9.954996661432062,-7.679110127215916,-7.844789423022895,-1.9952121833051795,-5.710530252732058,1.74908303091728,0.9757906894634161,5.437342141297886,-7.882219539280797,-5.82930326027639,-0.9413566182365223,0.6758847984873455,6.335836412426204,-1.9897094313546475,-3.0345081538879937,3.0988753514983856,0.489149795278907,-2.0483335303446264,2.1335225195474443,3.176808545866175,-9.007978245794517,2.473908590397212,7.93718653343182,-0.20571298095937252,2.607512569811286,-3.812370403754512,-5.028372646487574,4.707734813965933,0.5746629959294189,0.7160681194099254,3.89968390115175,-9.238126247135032,0.3275909404592596,-6.644986514418861,7.0694339434738005,2.240225915583604,-8.577686243637256,9.533050995811593,0.5308934588487784,-9.40042756571841,2.105345150947894,0.7586370118093058,5.928581242993403,6.823959137569091,8.2390058037427,-8.040460153498188,6.942896460593861,-2.7511783060432293,0.6615771040797114,6.325487713229887,7.368646581536304,6.078231557135101,-6.48395886944495,-5.137874506989473,9.536450584937,-9.492870334822033,8.996523407852067,0.801068572610319,-8.561796324026963,-9.501558578344131,-8.035535262275552,-6.615537512410004,5.8059878373564455,4.748550218314316,-2.315310307881207,4.759919673347122,-6.291118700816504,2.6566215496593806,-4.64285414427744,-3.6490915025852715,-1.7510296579040734,-1.9422253009995316,3.6286855092333052,-8.89065012447465,-8.574299348835632,3.246780695647269,-8.653633918325347,-4.400615637808096,-7.151095832093281,2.556265022984064,6.517808113053725,1.860076438981654,-9.531124586929522,-0.5084290229848811,-2.518323961876627,1.8176633778870706,1.676938660644936,4.519521696483867,9.177625032790424,7.851255748081346,-7.309841415461731,-9.109627448094761,-6.094719824356078,1.3159981389916542,-3.7465990692830005,0.5080340369817282,-5.287293816919556,0.7792166571938441,7.948716721122228,-3.36574163364991,4.113324996410359,-4.489832831564029,2.6134778136503165,0.9957576210426105,-9.137193791202904,-2.840559583889373,8.965873100666169,6.749319889535023,3.111942542884279,-9.930729939249218,2.3701695444497517,-0.8976641041195599,-9.689445793371213,0.9710940050610812,-3.038397388046703,-7.803950952226517,-3.359382845694343,-2.754605376913397,-0.5507024722136755,3.05900589153536,-0.14797708386941544,5.304535853903637,7.646551928371231,1.269081740687536,-2.0482307440540097,1.3308650681890395,-0.9943714593993676,-8.67556863943052,1.608046226426282,6.957463523971612,4.853518713353452,7.908329110225392,-2.3109276844973063,-0.6913928656511832,-1.317988564425006,6.220469617147003,-7.439820928536198,-4.060867974217337,-7.09381395547676,2.77837791421846,-2.8786141649153807,-1.2015232021860083,-5.112825516753789,6.482804636622323,-3.1497132871978772,-9.682838559520178,-1.724718481123075,-0.568729321832171,1.7756723969201182,-4.500634051530263,-3.557910283515864,1.6655116927411822,-2.689874424306007,2.434707543153685,9.895898479623323,0.5511650932704022,-5.944685095382778,-7.667504899469771,4.163803151298817,-7.220875326011516,-5.554843390961361,3.4699576678727144,9.318464441625153,2.4956341652948932,-8.138722418423164,-2.2462748880029064,-0.20474431612776556,-4.871709055747024,1.1215885634419465,-4.7009512997616865,-2.043391883676369,8.703128440885749,-9.722551474902952,7.261819150697789,5.799138237706021,2.989546796548286,-3.0710521990327795,0.30310469389093875,-7.80319279932149,4.207396089804449,-7.263367653426429,9.1239881878972,-8.563503778684296,5.729247312636902,-6.147139033094932,2.1352880571477577,-0.08412765608742667,-0.6152237318593539,6.378623225484674,8.818326671113049,-7.303515445296103,3.574266336573068,2.4613023964869534,-1.1529826131331191,-1.715769284721496,-7.015111296264809,6.172898713356197,-0.08602341622720289,3.035102085252074,-4.2937668650475995,-7.5382916160083795,-7.6578977903045375,9.825183586997749,3.9787983650601113,-6.93911014707451,-5.012548208643162,-1.9674631932520352,4.058201736059299,0.17945961889217266,-4.239366305183346,-3.595078412017587,7.183903615444173,-4.679939111143298,4.0199331602325845,-5.083528275256417,-5.367477572576556,0.6531587332007849,3.039550652826337,8.232556005238841,6.812333698712063,1.099148609055229,8.51134770731819,-2.841441788092,-2.2859095609334723,2.7778276507625463,8.064025066902104,-3.3426309424592677,-2.808426490666365,-3.299100328438227,-3.286957723360617,0.3219294215781474,-4.700458823470739,0.6822709774867004,-4.6109530382518145,-4.401052940947281,-8.03854734682635,-0.005959242197089765,-8.950400703804108,-5.848999097573211,3.5700638338426476,-8.767755477774932,6.024762619078199,3.4804374598545618,3.6936539732515534,9.235866675939398,5.441095865823481,-0.5235371534527289,-4.661634954954586,-9.166287681196142,-9.836588855252357,-1.9638179006077454,-5.642957997454339,-9.410843784282225,4.524743331271097,8.126435797761008,-9.424800255073507,4.448436683065868,7.864973178689841,8.61275035181546,-6.98908517126754,-9.662019496171075,-9.11753867983631,-1.800798055281298,4.332091323805503,8.902024332482227,5.14166673748343,0.3142495557476881,5.9544234503450575,2.8214017823584037,-5.096699708487671,-6.080597338597029,-8.259053611240041,6.669311800757431,4.565879248628949,1.24645460444453,6.882738902382414,0.7143260208450712,-4.4418498958617825,-8.035638648319596,-0.1334910481907876,3.9038574220681728,-9.92566303344725,9.242532401422515,7.113976926007169,-9.296806321313895,-5.089299129036446,-1.5805435357143178,4.69342552586626,9.302873117056546,-0.7108810243724744,-7.059980831836596,-7.17764262939006,0.024361346057338196,0.6396647422781303,-4.878496121937448,2.8742924700072905,-8.515422421387877,9.246277973253974,-6.723308215988979,-6.352826325829664,-6.128413573241294,6.7594111548161635,-9.921341129363428,8.951183594382734,-9.688908590589406,-5.584151170508487,-5.8017520693554765,-6.7818624080148275,6.952803706366005,-9.671942710035255,6.1620299851088305,-6.5194145161110795,5.876626051444006,2.8540926750017412,2.5322332770426765,-8.180664509189759,-0.39204170026047436,9.190761474110253,-2.064533291799515,1.2187713990107376,-3.9461753028700253,9.409126118970242,-8.122471221232226,-8.278109497312302,5.25217841988365,8.227395878744733,0.6555274375198721,0.29978833029325,-2.9887009988833046,0.21663509718315943,8.39257587815127,3.39567188509913,9.590503133089104,-6.279566816500919,-1.0584460785453427,8.123814993926132,-5.67948199467911,6.493213089217932,-3.10905518891472,8.545839192208664,-7.0526970647209675,-9.595023427175203,3.849124900141094,-0.8949195102597312,0.3656640365917614,-1.5277227313088222,-9.517187402701953,-4.562811554793518,7.624377124442031,-8.884006973681608,-8.330044074814296,4.903277405765198,-6.9426209719989025,3.1593491817820443,2.705568404980017,0.7946818445461616,-8.059793120902704,-9.686565236546041,1.0738825884831282,-1.62508963285096,1.7777406694107754,-3.63274826613109,-5.812131521002623,-0.7455282390481024,-4.96405592121034,-8.337767838088205,-7.745977069072207,-3.2249397105403137,-0.20839091946569965,7.275520625819134,-0.6687473213084516,4.184965950835707,-7.281040074503284,3.188873062737434,-5.287544210378181,1.375789449151469,-8.135601542152234,-1.1240142554872357,-2.0163200339879284,6.524503026684545,1.7192342069508815,9.416026072996672,8.741502118223295,-6.546748554418082,2.731090545808648,-4.64884348905747,1.0248423422916169,0.29859198881412397,6.466285994613223,-0.5054365489502555,8.803902510146486,-2.840951234569249,-8.26930717446151,-4.2438032509425945,-9.190574750524574,-2.909099608187626,7.118302862592515,-4.887068448143143,7.7787087466076805,9.213511732107886,8.266378827619679,2.2719041547522885,-9.900245118550764,5.730736222839086,-2.727198046771166,-8.743556883181308,-8.11193071611181,1.3930840645440377,0.84812774103737,-2.3243805322845823,0.9642609633456463,9.284569319732956,0.15441009099264846,-0.8341377014141607,-9.17656781506391,-0.6907991142494758,0.6893769301439825,6.826400132548692,2.4117601204198547,-4.6346043576617335,5.842412130930551,8.203365960369176,-0.14050669811062022,3.3957278389511494,6.732933182214616,0.8928076862747947,0.5358488632230731,4.316351758100792,6.590012292045941,8.119120544325838,-1.9712845648108939,1.7033466058530102,9.848528252991908,-1.3209140986263144,-9.891838340291894,-7.112210794424052,5.2451870852446785,2.2271587150742,-7.383788397575948,-5.496030413737882,-9.36563250528756,-0.17405980617495231,-3.9529803059058377,9.925232112021323,-4.00339629317439,5.512481572315178,-5.5251587506039845,-4.636564963326388,-7.00163574411267,-9.140427394998126,3.346841694656275,3.5084584969673287,7.059603919952334,4.760472327928781,-0.12173211164654418,-4.748669337955123,-3.081720327855626,-6.743705663535593,-9.005891702460236,-9.38678159575074,9.40678615014173,0.9777722534932209,4.441943355497182,5.742365603632544,9.065767726736716,-3.0638914049154646,-3.0085042826954904,8.178809994434165,7.309151986953161,-8.044600812846912,8.088748725406855,-6.076082424659699,2.0600737966264564,1.462754895393557,-9.887379034767081,5.296121060949288,-5.3472436245275805,-1.3092404985946953,-5.913399889218242,2.819412547798608,1.1769980772950994,-8.626367028869621,-3.208325173349418,5.392476948314176,-5.192001676701561,-0.650138344846404,-0.44166517854037934,9.123413810062846,-3.5156944707057143,1.2531452312062203,9.421660714547876,-8.839959237245672,1.5232526088413412,-7.479012992058022,-0.491803225228562,9.335186008025659,-3.5199291907890125,-6.893596727419653,9.935280324299317,8.711289559086524,7.95362471453376,-1.9894410129793538,-3.0211788313997046,9.916299395891837,6.221775159073953,4.574090625324391,4.390733161701416,9.421209368944584,8.89155798434614,-8.27978864408228,4.5862903736605,-3.0283689893378885,-7.725240742089364,2.7608822997472124,2.254579704381097,8.36263099738385,9.93086939824444,-7.519242760424156,-6.485810294311458,-5.770354329867253,1.3524666258224265,1.0633634448248444,-6.121524962381837,-5.019943816997349,-6.999557703148039,7.147362975895291,1.4010712272900463,-1.2437873948430536,1.3044130164631582,-1.3070053072666497,7.966773764978704,-1.3477652544806844,-2.5140264376622756,-0.8628881639502879,1.0069769944420859,1.7295703367481927,8.518336646081007,-4.091686272151806,0.07837277830484268,1.8400349223642571,-7.0200666364214115,-5.849622660022405,-4.164757896211921,9.005964535426017,-6.267196489439577,-3.3445708543511614,6.758889547199207,3.370844061991413,-1.545108445050051,3.249783451691501,3.6062681839040795,-3.8500862456730855,-7.203460004624079,-6.314663265360146,9.66149353618875,9.941963275576352,0.6790048114015867,-4.004420256006052,-7.204824408381736,-5.356382150495791,9.897665368092131,-2.060047102213362,-2.43310228447871,4.041058485779752,-6.519053007039705,6.006125415829633,5.652976098726299,-2.8998416408263132,-9.861587057570082,1.5636653351941447,1.995533919856868,-8.2675561961393,-7.372424787661815,1.0659357833355294,-4.264071715921574,-3.4355359447820373,9.07675745146797,-8.457942734604838,-4.2726523822030105,9.13477435954346,9.272107417033467,3.27978003565309,-0.8632692039559338,-7.7873076913368156,1.8360181750536082,-5.765513911655216,9.267830976066225,-7.0846615434841524,4.224924408512088,1.3852463143456575,6.01640753301885,4.084885651836952,5.918625444072125,1.920020803792191,9.497427105640334,-3.8070134279623424,-6.099890219709529,-0.14788922896319612,-6.565849749834614,1.7454909978143505,-1.2912538399700288,0.9411382075555874,-8.432027984570418,-4.006183065652205,-8.288449116958937,6.684850032537188,3.5320258142796295,9.333247489124766,-1.099302308164095,-9.32138047119603,-5.81771021506796,5.868062073270195,-0.3490612775309465,1.6618268765660211,1.5214178838572892,3.3919613849333903,8.001839108518322,-4.3609626370173205,-1.6812362108463592,8.046629971027325,3.248766219722537,9.649606512617122,0.533286334761975,4.942545008342504,-5.202154216862873,5.477451651594478,-5.776320822221401,-9.082252236007823,-2.312724711704737,6.2497848669799225,9.142124328905595,5.935687051126802,-1.352474778172832,-2.650973551761558,2.2789619618488786,-6.299401525504669,5.041387957667258,-6.660492688315918,-3.0875349564036263,8.527839341918522,-3.6378496518484145,-8.913426893329708,-9.485231652867174,-4.48975026932676,5.059216698407408,4.756816183352488,-5.155295336249861,8.63784164070189,-9.283425742715805,6.440858861928341,8.072972148065638,-7.629224086952686,-4.485631567373634,-0.8488547042098524,-2.0149114801305856,3.194573030714734,-0.026804284683429103,-5.519116776790824,-0.3245181422320602,5.889849179448042,0.321873158634979,4.308307660182113,-5.133496555618606,-7.900777799640702,-5.898447257367804,-8.981497097078853,4.3709869473751155,-5.045161731015309,6.502995364150628,7.723743773731471,-3.90456933106881,4.945829109030392,9.14070281015573,-2.4942500968281607,-7.440360366274157,-6.482203678276209,-7.42090262770742,-4.0312782483747895,2.515249643754851,-0.6762242547260211,-0.07458253534150217,-5.588088833634741,4.633552362034619,2.8382605596190125,8.27698609088582,-0.39513363446366156,5.727573267554964,9.094216506378832,-3.7892540775629797,-3.4300437094467746,6.595170679029696,-5.336740721958857,8.876183962828556,8.974560539472662,-5.764998785577566,-4.859837666832538,9.84728847994161,-8.077243529400636,7.273660516737113,3.601258003843819,1.0970247386452687,-3.173124547107296,8.627269212995412,-4.41648687614469,9.625864587594425,1.9027072577199196,4.248980676252472,-2.438712932123215,-1.0461374672777541,7.3426724259546035,5.613616088226516,6.932588182569706,-3.9347019527051064,-9.575178861708638,0.9136614723609036,-8.658151497806216,9.937848507112832,-2.590162924164858,-6.260588084889653,3.50238285109884,-9.70229189459667,-9.149950123042919,2.4332000395740234,-9.664595041727658,2.851967787836319,8.485745153207485,-0.4388669531193923
-6.642894633711231,6.397035123410721,-2.81898553868867,9.398636091159467,1.0305976779048258,6.333792434487108,-2.2727659975844645,2.7407238952070045,-8.81939552765675,-9.878357621362309,4.831811478054277,-6.932999000674053,4.7751367517110825,7.0457327115579815,-0.7230441306936708,1.280216445613437,-5.515634013258046,4.679622602446534,-7.345634289681245,5.630795036861855,-2.023577982644471,-6.217517864039457,-6.617354942535483,8.946676880684702,-3.551991036294244,7.727196379799569,-3.804863154778393,-1.1296843770459084,-3.5237737535837033,-8.258457086910926,-6.556955362115291,1.554719065901276,5.76444570792507,-9.68989103960361,7.1757037195571485,-9.574874723077048,9.44777865138541,9.604825383190022,-4.296834046576801,3.201172924966663,4.230384592888479,2.9085860115277598,0.5147737586071663,6.403243344097859,3.25383665825791,-0.5550374299113798,3.1810770282622123,-9.856702279920707,-6.236541827690935,2.183502375460316,0.6055218382984542,7.52166692421984,4.3637276910012375,-3.7676978957528657,0.925180554513382,-1.6226081373287613,-6.747996664610296,-8.85311319197494,6.078928488410831,-6.798093411134147,8.677282475899602,-3.930671611690679,-1.9413983416321994,-1.7671642953076372,-9.18659557205791,9.659708687481036,-9.32209790723616,7.047784768849866,8.792108812757359,-8.242175185694496,3.4478231586681574,9.25755396814656,-2.7747435828436373,8.430503320510429,4.257746771760559,-2.080430994704747,1.4226337381555219,-4.419292217247697,0.7642179849312498,-0.8296918644214397,1.6365320854174144,-4.329101559440005,7.026540778780603,9.217373988594662,-9.567222261038296,-1.5448940090462173,-0.5939318284272428,-4.546911073164306,0.19459302171274118,9.546453908609255,-4.073143426127748,-8.93520994837669,-0.6934287187036823,0.5162844109291207,8.921957914704773,9.033128539232827,-4.468378456111131,-2.520890886681329,8.168080634978644,9.46035362791951,9.756345938368646,-3.2404597209602954,3.649451314663425,-7.2976006208397965,3.4530140046924434,0.9677110107295697,9.142933093976325,0.19468458604701766,-6.381629357565545,6.752833075538735,-1.362731649857638,-2.454554840699812,2.2076757322543656,3.2938570207594218,9.220168004511514,1.519769023293616,-7.274633873801973,-1.1228940677289572,5.158725294276154,3.307734477087731,4.148868214727068,3.832434677199995,6.509412552262589,-5.775214247714036,3.875600115169247,2.547457225370229,3.186859259066493,3.4441509338876983,2.7467269500663853,-9.967031469446411,-6.828561909396775,-8.593692331569716,-7.090483400828269,6.891095090293632,-4.3457864230687555,6.640089682947025,-8.408183252006943,-0.8644708859710164,-1.0964265677191225,3.3767137925041233,5.405693021768878,-4.3855528681594365,-9.657417924569767,-0.6517677642684756,-7.197243952714638,-5.302644823018323,1.703398139636736,0.11441027040545748,8.876901290643204,6.729619079348595,3.9378294284328685,-5.816066691013786,-6.80112975347567,5.143733926934669,3.3573903776712655,3.210882475122048,3.516878268720893,-6.178350103587751,-8.855267881993626,1.487742431673091,8.473252711065452,8.77293121584416,-0.3019159438445591,2.4796514694871234,-9.549810418928937,0.5988381605501658,-5.176416612560626,6.897231650060345,0.2805494452586039,0.1472976880508341,4.020365682217573,9.266038181975166,-2.9894215730791807,-9.51640926813025,4.101772347230279,6.191134655981944,9.552997999902434,-5.222738914864333,-0.6153482355121458,3.588137333152135,0.41647208854440265,3.778315794796418,-0.2684832664988086,8.300214814171483,-2.6914646453579554,-8.67223748154262,9.747845964751352,-7.425972143193819,1.672593901217624,-6.441534036005971,-0.49822416413611137,-3.3837658085206934,0.8224510682073305,9.75518704364675,9.819760001581894,3.246885487906246,4.741673747951879,-1.583958337144777,8.900195061175175,4.378594356412506,-4.467156179997898,-5.278582694145497,0.995064557306172,2.941567125394414,-6.882068321922823,2.1662015314790075,-7.2126655146410545,-0.5429638654399085,4.148663870100188,8.418773233458012,0.5803960414090952,-6.437321648983179,3.098568473696485,-7.094951847066158,-3.024624646284117,-3.7901748437936504,8.19025183741083,-3.469653628362561,-5.2960657456583915,1.3094682886435756,1.2826931507966517,-3.6965080423982126,3.884387094046035,4.947171281705776,3.483871914276179,-7.6087180577361195,6.911389841001071,6.066675217473577,-3.7976308509154055,-0.16701089119467127,7.193608054486905,8.845013752358348,0.4902151451141119,8.686834694275824,-2.267698250340806,-1.234422192171401,1.0773776405167563,-7.097515969902075,3.3524827779306587,7.6168076738342165,1.1860625782280625,6.534406592535305,-4.587571173270559,2.080486351661225,3.3075917045132996,1.6358315728146327,-2.6572048255858878,7.026860539445924,3.3896696409378073,7.1369426183442215,-9.453839908687893,-6.73988294436816,7.429157544624559,-4.864063144162529,-4.853088121918489,-8.547906746430227,-2.0981171483306067,-8.79913574985753,4.887150384905761,-2.0766177739754372,0.7346035689101722,2.991625054898348,-8.914963209650642,0.981155584455788,1.1848028355774805,2.1002492932615713,-1.4339334143394016,2.6366456704216095,3.7001919632489013,5.111552827682296,-6.683735558813164,0.4935453281107076,9.060644153677583,-4.925149101692503,-5.974686420557303,2.1665746815727953,6.525042709562875,4.730744395484237,3.7860057012578086,-1.691863346533637,7.214777641946938,-2.813352673351808,-9.585340367429517,1.3555466959817402,-7.0066275597475265,-9.772669253875225,-7.955719575144484,-5.37385306752181,-8.804035995972468,4.024105309069574,-4.727848341935208,-0.9602963380089236,-4.312036752036217,1.1361691352502348,-2.4808413616009055,8.568504134826252,-7.868089105500102,9.43655164643031,1.1823312206752572,3.027803130521633,-9.573560983747761,9.757924804392736,-3.1011551625636136,-7.178530520811814,-4.714958679434038,5.0317153110158745,-1.3010669498357856,8.870515087081948,1.301092993894951,-7.985348554764309,4.787814020910673,0.614176074208391,-1.3906665274231322,1.9652057637330351,4.928780468674374,-1.7529743442215455,-4.161254980991367,-7.377556395288021,-6.930391871689561,5.778869464189205,-9.001879441950344,-8.828083441591827,-6.422400523661171,-2.938781705947056,-0.4883219839524564,-0.5993008694453934,3.57425810946631,9.010513378200756,2.9376045837625657,0.9395365599500209,-7.752465904499228,-0.928848614038138,9.331321978162215,5.571045530643868,-4.939210938925029,4.797200023750442,8.01005126807192,8.909872398987524,-7.741687633783878,9.588338410095435,8.042342611641814,-0.2875245495555827,-2.6776594775792777,9.043411094405993,6.006906744548125,-7.563069225739012,7.004913472280435,5.511308613069158,5.528682587207756,-1.0349339067725438,-5.246034697100201,1.2250921051292103,-8.674150050507755,3.38759952446285,1.7803435201782385,-4.044337399621957,0.6262614620984319,-8.956494666462127,-9.838742306245363,-3.1135467522753446,3.3313229858366817,-2.391828200761821,-4.931972674976974,-8.441509637358013,-2.785199041804325,9.20541217246804,4.6709693039482865,-0.060630391113964066,-8.496423015620511,-2.010026122034261,-9.219641283108306,5.28600190636193,3.0679761606493017,-5.822327735784065,-3.5901693284015046,9.24933385229987,-4.4012410350084075,-0.6703626054819694,-1.015606272823872,-3.377148967361183,3.4176084869352508,8.674623066476808,2.4236348247996524,6.742899375767745,-5.014346924782343,3.7748616850185783,3.1961802196812332,4.948702886541209,-2.534098529018265,8.099734356434801,3.3232475313145677,-5.52306665989613,-2.9636090020245227,4.322823967632663,0.451954859828664,2.3880300916873605,-8.585111696835298,-1.6910910817796516,5.706401167285893,7.859754684053534,-0.544116156637326,8.264737064389742,-5.830373771818422,-0.23570754895889934,-7.263399138442197,-4.0058068284749115,4.251201393077231,3.052094341793982,9.116812411313017,-5.419664944985594,-4.9200819889320435,1.3998720362182695,7.378428377632133,8.342979126227487,2.9814788950454147,-1.8036550968941114,7.574292326440322,2.087121585851804,-9.0735076756018,-2.3402277786661756,2.616252093934225,5.322795858100928,-8.56642198416031,2.041478879289084,-5.885399180787232,-5.390536686305214,-9.653909635871358,-8.831945410393871,-8.402799718507168,3.1842020161381708,5.610061428813623,5.761697553818355,0.9880446578321216,-4.8720236128084355,8.804410088951347,3.2260147741075755,5.4205486955879465,4.64170495670726,1.4583397724550586,-4.5061866902677465,1.4822727268020444,-9.506221726725691,-8.151585744263791,-8.588378513842276,-0.10961373681924513,6.520392751529119,0.6377486495274596,-6.228241088070748,9.864150801636534,6.670397988080342,3.5677685613027705,-2.798267709691922,-8.239843306922337,2.5038659913815984,-0.03197053586081111,1.253389826681623,-1.4708349847871105,-7.045266520248279,-8.832405527684523,-2.6933679209115446,2.295713223521858,1.9477588854964587,-2.702335688465367,1.0172976721470466,-0.18938966277756641,-3.16827683917219,1.8256204889675853,-6.414731512032152,-1.7373432440581578,0.8086852559354369,1.3826911583919088,-1.081883414437888,-6.428341686389373,-6.0739050666056205,-8.15982240962137,-3.737997783903218,8.37988984711918,9.985672148896782,1.269287353366856,-5.366100039521273,-4.159243058589077,-7.974394902975364,3.5145229076526068,0.9675424037789746,5.957805686893224,2.3843867107444527,-4.291492271402757,-6.9030675668988355,-8.965577956614819,5.7257690297231605,-8.809053773114904,-6.212420171300668,-1.1031069051909803,8.679467703258943,-7.972203889048465,-8.738620632319346,-2.1499400011473195,-8.681380221571144,-2.939227011373287,5.76608220783873,-7.612678770981076,-2.7668643923123293,-1.8230779681012166,5.9595776030968945,-5.73152574446034,7.198640158389267,-0.35891847263754784,-9.171510604275143,-3.0031608554157145,4.035468453288495,1.3637626837562244,0.6423938340988293,-2.044550517886665,-1.048165067861591,5.33927169985974,-3.639000547512044,-4.018725512642489,-4.469302871034029,-4.867147771163749,-4.259528545847675,2.147312905046279,-3.9028993874358893,-8.55249161531167,9.186447270099972,0.7811304400034693,-9.777784395958442,-5.532494586275476,-1.570403236703923,0.8358337583554292,3.42090331751195,9.86669109307277,0.9692369475601268,2.7948205300299467,8.274610216435402,0.4203202802877257,-9.9910451126204,-0.9492283151034275,-1.5808057713134112,-3.6060949293566225,-9.704608524017544,4.697506521725288,-9.218441014615028,-0.9625849611775941,-3.5451760585408554,-4.7577231889125216,-6.603092391094916,-4.111129087629333,7.04579067540751,6.068214253410119,-0.9159498572999958,-8.37851697932354,-5.4097330678806355,-5.603866589523774,6.791104502990091,5.808127825429574,-2.505591696857758,-2.7408852307026184,-9.289346170806551,-6.474719110700454,-6.907917847260352,-7.98580137880416,-4.272005802953411,-7.521522913102665,9.590002705913108,-1.389244819183963,-6.673429892069054,2.2336377494269133,-5.216638183905378,2.415695129965197,-5.572360435353961,8.924762099682468,-9.83974977303145,-3.845116108505735,-7.393553910831779,5.554368655912986,4.175997016712866,7.977353493311867,9.766653606259087,6.584293132109693,-2.5916052518791277,2.564132874942386,-7.217280820519569,-3.057377849355591,-0.002977015532621863,-4.754471186833815,6.733958067861263,3.350794969079649,-7.8754832474429115,7.202031042752267,3.290463493891062,-8.501403993258867,-8.041247257576371,-3.0696804817126777,-4.6501987937374185,-3.909671971152136,1.4372242700036288,1.9417767648250877,0.9424256482203024,0.4174088591231495,-5.032717538183935,-4.9953657613742415,-1.8825255925933533,2.0627581884895374,-8.003564181654152,-4.148600303541807,-5.927123799566438,3.9480119670402463,-9.98030081331696,4.974496763827656,-7.3355148594036805,-6.829917426914365,-6.139053119910711,0.7511557687469139,1.3448517212098547,9.282896639387019,-1.000861986109836,-7.530618573845178,4.629451052459395,5.2593810744484575,-7.805370633809052,5.244331304474537,1.096701521895442,6.744198622778775,-7.549837396905206,1.0712147833073793,-4.730629707695164,-5.256289437947082,6.636785361905574,-0.7928547794874969,-6.702748747824607,-9.235971704814371,-7.68946003452476,9.45803211971413,-1.7364418074614036,-0.48939145255712013,-1.9913347730363977,-6.431016837558392,8.362999373552078,-3.4731516610414666,3.778824955232146,-3.278201633025331,8.636937733226326,0.624484835913595,2.942242141670876,-2.800081081158252,-0.3601298738178027,-3.381878990755089,5.034718901473694,-1.442332135817253,-0.018375185021557883,-4.270571307906499,-8.375397178660386,9.973779130638356,-8.567862868463386,-7.768016016133941,1.5223314801894912,-5.3311028705128205,-8.620092785774053,2.6308073398150107,-9.663810510292784,-3.692838474114022,-4.79585272525955,-3.4469993669735217,8.923981038377548,8.119074333682722,6.368897447911593,-0.7956943527207176,5.776539920229505,5.644148442641022,3.990451202485911,6.232407452627658,-3.8732610023099205,-2.536517426655392,0.06732577360062919,-6.518589567891048,6.390767182161188,7.359564011218591,1.2415240287642675,1.2196700221143573,0.7749982308653607,-6.625492075031721,5.6718807990793945,-2.1995700116434254,5.5294340974645735,5.36952668141228,-2.1303057717404954,2.392269999052676,8.636788286181098,2.274639258188367,9.86534196217761,6.395237675629218,8.334248215955398,-9.9415748544932,-2.0759752092854526,-8.163530615469812,-8.803796906226083,-8.272898167474164,-9.291575373763806,7.308162180394046,-8.748399938575652,9.145137350694586,2.5406151733097495,3.43259076390847,8.095094697814329,-5.127797970926872,-5.9186702332433505,6.708285260206534,-8.807556449120932,-3.573240960444261,-8.19552932638173,-6.08619853685645,-7.054514139832477,-9.517082461863398,-6.120836563901992,-1.0223847443054659,4.769465234926361,9.876488631571306,0.7847893749575885,8.56444643868867,4.9969380236967815,-5.964533213710843,-2.073325147154595,9.678802825391926,-9.692846214923058,6.0045916761478075,8.552006842483742,-8.456888469428954,-3.2373231497655564,-9.539493669401846,1.6315330881655932,5.7839738142134856,-8.69160559854251,0.10602027531815317,-4.8533431054801035,4.159730904776737,-8.339857229925212,-3.4973604696950034,-9.39139005553483,-0.7023760502010834,3.3353645877599263,0.9241077585862527,-4.728052819873394,-2.1491814535344673,0.1406434700911987,5.116204606321389,5.565456365045334,4.639421109406571,2.556204548407786,-9.898297998625122,-7.149122661522469,-3.144157421924061,1.2565750070331934,-6.103821466664067,3.6385298092724305,-9.828854583181752,-0.8400718192634571,8.450005046057129,1.4239090397597192,-4.660261017915399,-6.498801406230754,-5.661218060451958,1.6069190814611485,9.781356886009966,4.247426755354358,0.4153099437433774,3.3996124692218537,4.116856776461486,-2.813955609827601,-4.538391683385767,-4.250210468794369,6.552407056973724,5.894605198587254,-4.173261016243519,-6.693448936966096,-7.4112056361179235,1.5922910990659922,2.7080847477683267,7.724193322762197,-1.9795269985039106,-9.013698587009733,-5.754280846843473,-8.946188208034098,-7.849208792321328,4.980040311036619,-7.799173711019174,-0.13511343757943983,-3.8935403193610973,-4.214186677347367,-9.422569211475587,-4.020279573794183,2.453060959306555,8.57211199453561,7.332479426858637,-0.6386875677815045,-2.1290028808889456,8.302973912036315,-9.408871803418524,-6.157404325732734,6.1006549487356985,-8.191503986196217,5.934875788935386,3.2875454803570783,-2.479557094357947,-3.506711643086337,-5.342694807832791,-6.315523528457588,-6.984239415716063,-2.5463922839160436,-5.891610278906487,-9.5222836690567,-1.7567393361756913,5.3266916331572425,-2.3532165021859752,4.290887138644424,3.348662121836089,4.923647143893035,-1.1451822908481457,5.979830216934772,8.79670915877697,4.669879820896977,4.937714997582024,-5.43926335864181,-4.465335888887458,-5.702467640033095,8.006268060853763,-9.504900371393285,0.745803738092782,8.721998779997296,-4.790542682340336,-7.00014897983883,0.043230189748035386,2.894173060881034,9.778474477988873,-3.020836510233753,5.5358061366331235,-9.791695196140617,6.662024007739539,-8.898604921244278,-5.491400642674423,8.53907590330489,3.158640493994877,-4.5668032651950625,-2.791335447655925,-0.5081188627572271,7.896077487422698,-9.73456291439633,8.410730296801919,-7.6949871637047895,7.383296201872035,1.6396000879153583,1.778413412638308,4.9291238071704875,8.502495491760907,7.619423102945099,7.822542926247891,2.119990800291765,-7.3738195484511815,-6.702793467007677,5.447944657665918,-8.612444094102434,-2.156772333099342,1.9861232856252045,1.2588697295229085,-4.698621118523441,-6.366124597930227,-4.589339272849373,-5.891688695627025,-6.36485572231355,9.314982113383554,-9.913469351013543,-7.589433356241273,5.432083653823822,7.366980976674707,4.731375395631508,-5.985558436978526,-0.3863661618130756,1.94708330166762,-5.749973239989421,-6.197456204426333,-9.94682135487169,-4.136968395205878,-0.9799104648380013,-7.458320247669848,-5.785893816519776,-8.873115480099692,9.488875770064574,-3.8425783593140306,0.6024127435039652,-9.804695996673406,-7.309337894770085,3.3853086070249745,9.332022227391917,-8.453654102379183,1.7911348891567425,7.6781053438517475,-2.711342487882547,8.526816233039316,-1.9912034347827365,9.876983216315413,7.042219341046152,7.145898240632501,9.413965863286904,-3.9438984598619697,-1.8285661617594844,9.796516388263697,2.4199496975725676,-5.348948547577709,-6.5621956327477715,-5.412887042977661,-0.8009306491631012,2.7499342097720856,-4.26565018130407,8.612749572720489,1.8198012755786088,-2.7152281996312606,-5.546876592096092,5.171718327106348,-8.41663093972707,3.729145057445404,-8.92408238989368,0.6204825607627029,5.167120407396551,6.958617141179829,-9.912246404211373,-0.5256924355844195,-9.424485717237133,-4.128062418250766,7.54372957732641,7.440464248430654,-3.3683205212137324,3.746181371908735,-6.429296693557019,9.53559789281961,3.0098912335703982,3.1120109571568673,-6.863051862991892,-7.161378030320336,0.3717796580728212,-1.4753222365311096,6.573116189542382,0.04555759333220877,8.274144224100976,5.027628296360744,7.43543953494796,-2.691882338013391,-8.156737233073098,7.235228734377355,-6.870408531686964,-3.24801285582806,-8.202764234018204,0.9509729101679003,4.50629999874984,-6.391070234621101,8.247342727443396,6.074227397425222,2.5932089731755745,5.962411989923343,-4.853962668060639,1.4587277372994762,8.39752016225512,-8.256784058317272,-5.174277021885492,2.8621780474644236,3.85967957693345,5.092857357726805,-4.053033674262812,1.5410873362964672,-2.738877111926856,-6.918780180112732,0.5166138155404649,0.9329519319819148,0.04799331073009583,1.4965144711292346,-2.823668343889196,0.6966397187926905,-3.569883314549669,-8.453723324981599,4.78436593204165,2.7408394689954036,1.0286293123989019,-6.371296364890975,-7.613716508842481,-5.814904810389175,0.39107717807087816,-4.309265834784806,-9.097005039196986,-9.171565705977393,1.9418871116235241,-6.484937061208898,-7.976676636763813,-1.6140611358814265,-2.71434503860063,5.816084719332132,-1.4798870380199496,-3.696994467235575,1.6785197840067454,6.617279163100903,-7.997750501358219,7.072656254484848,-6.894443122137799,-5.656462768740447,-8.21337534106523,0.5587413864140718,2.918523157408174,9.144878890493398,5.965640296249941,-1.2794578497568327,4.413851097273163,2.643909521677024,-0.9855199058899693,-0.3381021123650534,-2.8892094913529327,9.055093795437536,9.034177762460388,3.678825465109469,7.74556596985817,3.651628616103171,-1.4519619391219152,-3.965334121047994,-9.320000536609182,-1.9013048990942405,9.467694024980663,2.469595865632307,8.067307381519264,7.073332470452176,7.524626880285702,9.335204252261864,-5.0253171069314995,8.96827902274611,-8.003723923150226,-5.102101395524499,7.74982319460549,8.398238148873144,-6.907981899833462,7.53801856359415,7.93611436929892,4.252633803782665,0.8845760096576782,-1.727437648138185,-0.8007888136214429,1.2064002475396673,-1.1980004459621973,-5.661676016412061,-4.280132328419787,-8.765274542929358,-9.453867729631764,6.499144926668389,8.536844599876076,9.46285743773607,-9.511964217990855,9.478795199315165,2.8678317500314403,-7.618206661954632,-9.204136839549628,-7.613927782105845,-5.670396655881762,7.301811346938308,-9.177304699297085,3.2627069926215597,3.213962180783252,6.977245438920903,-3.3429175740291477,1.4291151450481756,0.5205916598310996,1.517455928349186,-7.350240243439703,6.221063172370176,2.660634301743368,-8.30773960092338,8.784747454983773,3.634278270213674,-6.161384783888055,0.8687666635051716,5.0829169785864625,-3.111045854984229,7.772579626276887,4.430949887682701,-8.942496448254222,-4.392261053627764,-8.112791765069318,-0.5625443468349705,-5.3660042979560725,-2.2786138795887094,0.6569636394451734,-7.1944156600875,4.342793682803087,1.042330004079048,8.104631403788815,-5.626571217548319,1.03562273356847,8.719909087209285,-0.05946716273635033,8.661941823975564,9.687576701509112,-8.677720145959961,8.801114554421115,-4.510021901104024,-6.149349265100343,1.3226667944056452,6.138476235420995,9.008588617352366,-7.154608085785183,-2.777558581089952,5.850225237548884,-3.8965429346661935,4.584526970382441,1.302079638306882,-4.305632286251077,-3.6643029333966943,-6.170281478729573,-0.44980330052635153,1.3940032997919705,-3.1419191876979298,9.27956583720366,7.884051083663778,4.065640365833065,8.05984981073668,-3.424004092707942,-1.1850455419499006,3.4514577487573668,-9.927693175748281,-9.716537615385157,5.6752261349028075,-6.513290989040952,7.951405446972913,4.666345470228952,8.312044867244861,5.94132173758023,-7.963142138307737,3.4935499990909964,4.18163501159912,-7.483574532345054,-8.373471543417974,-6.406054816355358,-0.6782324234714583,-2.8590048376956556,0.25831205312455907,7.472324072613045,3.312173528268289,-1.2990794165347612,6.891291666736635,9.316673099641179,-5.1384843251711,-1.0964860407396344,-0.27684566769771557,-3.5935965611478853,-9.870267601693959,-0.7264760291018959,-3.939305438144201,-9.473468828170029,0.8166276451575545,1.4021070443458132,5.805826727954921,-7.502615709058902,5.531530131817355,6.552426078338023,8.196578393221351,-6.859259755255199,-9.014919924601896,-0.5417180040549123,-9.04205893483481,-4.698644536463639,-6.0872447977577,1.5823393926669134,9.597589547476428,3.1648122597690094,-5.671541785725283,-5.171941873894273,-0.3061054204310292,3.7306172904857746,4.0119190333878905,5.406212827415466,2.1283259052947336,-7.312205072650338,2.4480418265577146,3.9438729582447998,5.644413649976903,-3.6058026574469038,-3.3335444028558463,4.056969727741265,9.585528939189732,2.7180422996058624,9.074754286594718,-6.485970705739179,2.8407017134452435,1.641433584623238,-7.075002031538816,1.22680291744512,-3.9787828742935822,0.8380402576614703,4.64276865694443,8.381023698182634,4.502539466250086,-7.098230219811416,1.840293330186089,-8.033649341698066,-2.601389686039271,-5.897414810490613,-0.29357494000553785,4.982759734617554,-3.1121358299009394,3.333415711089277,-8.808733945815908,-5.693797102474205,6.6009203646173695,-4.506019669175285,9.443225945715248,9.75123307970198,6.384302889667129,8.996241248770936,-4.958287719270147,-7.009794607171489,-7.74536710671496,-5.197713629225966,-5.829924579391785,4.783481260790818,-9.613181652424155,5.708573927630262,3.5457805586998514,6.990532313421422,-2.576773099635716,-7.2352448016485145,-0.6494285985640431,-5.851233842472762,-3.6189341127522257,-5.830983866585864,5.245932200164971,7.702463915083108,8.374276692268488,-5.6042769913127755,-3.637641216221576,8.26421889118103,-7.367482031226141,9.46441384774641,-9.631927658000972,2.544741380285041,-4.202844071634604,9.608208702078805,-6.866336435538245,-4.656780126477498,7.985567211125918,4.920163733266964,2.156288264521784,-0.37462559227588343,0.14640009134304677,-5.942776870324642,4.440350059528084,3.0100711428844544,-0.37744052371250625,7.151188637737743,5.993106698431742,5.702442189453494,3.238185663813425,-5.637863339966806,-8.80521039344468,3.393411315268491,0.9256058017256841,2.8988814585409823,6.052226318499155,-1.2450945353987208,-7.078062459669903,-9.444441036965515,0.5203559778838347,-0.09862418051389277,1.0066916307188833,8.264966724171462,-2.539321329712749,-7.553134018832468,5.842112050998825,5.101693357735709,-2.2828959589220243,9.947423465029726,8.69111478268589,-9.847157971492468,-5.4755483431893754,-8.284193993261912,4.37321190703161,0.8845978525510212,-7.731858021445166,8.478638254093173,4.1081762230074546,7.283309042333389,7.952857913905152,-1.0595939414129205,7.625598622962443,6.542926028511818,7.756376505488642,5.312649297161675,2.42545343277426,-2.898668663556516,-6.063000346421871,9.57627039632127,-9.729535033606151,-4.726713666986311,-1.6909097571511555,0.3064015355900551,-1.0061435711487299,-4.413986009568662,9.497271824250237,-4.066069183782153,0.12074817713476449,-8.341563179115756,6.606472488134827,-3.459695273525627,-9.826702939417896,-7.897592868344205,2.170505204471656,-9.147412490744415,0.251713828319831,0.2621927673659279,-3.6488998881106642,-9.538198611734352,4.931265205708254,-1.0348383267799495,-6.713684276233003,1.8038580203439913,-5.838193207017568,-6.438230258410977,-5.117928203974616,-1.1480683441330157,-7.063404546045375,-6.100911811953025,-8.78307966973069,8.595231036110892,8.557804182813882,5.221777204903429,-5.376310332044829,9.603911052224749,3.5089929818106196,-6.604076546159902,-3.0529852068939896,-7.550573020112335,-1.0093431560041033,-4.116699536895254,7.487367962725898,-7.083412105437963,1.7770616325907067,9.554297688685537,-1.5761416628542548,3.1881597516300157,9.409938596471633,0.6366024155164993,7.674988846683053,2.821812466742342,0.4262717083968415,9.12431291969736,-3.1780790961768286,5.069578057613045,-9.010443407671772,-2.606210050169098,-9.052022468122654,0.883819981094959,5.617197430377608,-6.045564961050256,1.4410740364859436,1.653923941962944,2.333226572921241,3.3613688724839097,-8.855850324498258,8.353684935543683,-5.464421602838458,-8.502253161867712,4.703345742974083,8.75485840387607,-6.68498064787163,-7.467030984760257,-2.009416051908448,9.723085242903192,7.196846609159607,-7.2373464853302245,3.217901523364713,6.466334310227538,2.645672079311046,-1.8571352827915355,3.1248310674952364,-2.4152975724537935,-6.720451035749193,-0.3354108831201579,-1.8168428462423325,-1.0582430554402258,1.1294192281119955,8.416134116841757,9.393796251915088,-0.6633268058953092,4.093867107064785,9.407618197550306,-9.166016099549408,3.559406663969032,5.557845827064689,-5.090235161928431,2.980205398234812,4.402195819057331,-1.5228330184165912,-1.3895289084458877,5.16301865364516,4.800140301609964,0.9424908343038734,-6.321610000058284,9.855614112125906,-7.474586998808526,8.731573165190635,8.412237461614463,0.009596050085711738,-4.691415966827686,-9.711519399365551,-0.03677012624820364,-3.7131098795644952,-5.818904635243685,-2.6162669916500363,6.859973512119961,-7.902009855101946,-6.23343559670584,4.337433012909255,9.562998763887979,-9.669615784897971,-9.220789291901898,8.398538591189606,9.781049709817598,-9.989522289458815,1.4415648081937817,9.554821107308861,-8.72709600051532,-4.563971741920549,-0.7579005965634806,-1.2566439850067255,0.9188952686643521,-1.256197635620115,2.3892534414122863,-3.3353117791803495,-2.7026310595454532,8.389677525150336,8.687866720851122,-0.14498003912198243,-1.887795346978713,-7.953923237172978,6.001711517709516,1.6359391986460974,-2.71481463985692,9.246240860707587,-5.3309891331604575,-8.657754891557278,-5.464453398570757,-8.500610438272878,-2.1954705667456924,-9.827023368488714,7.671318084168732,-7.022044106800916,5.3653654071306285,-6.809460798389364,-1.8470647128750262,6.147779407108132,2.0597327722390197,-8.571179710258246,-0.6173353991830446,8.422945894941368,-5.7524130656683115,-1.0869865922790822,7.38576451051998,6.812150653872749,-2.517396055238641,5.8618613952444605,0.18669870122118404,1.4966378281933714,3.7154252699387555,-3.23882241675308,5.196239279026575,3.882053406343484,-4.5664838381629895,4.5286097341978895,0.09650428048741944,-6.398799900405557,1.4434206101317493,9.044545361965685,-0.4914448806022431,-6.243535625937775,4.975950328098843,3.099219973605072,-5.288089250782441,7.707417693166505,-1.1171646632185865,-9.79269981552935,-2.7199912636520995,6.905205712399873,0.0934527702768424,7.257041122486186,-3.830613710759203,8.607420749862879,0.02781280990388879,6.255532950029917,-8.033102708907956,-3.537833190232556,-2.5883965325269243,-1.166928957252109,3.23026837539388,-2.429023093894709,-5.822445168670313,-6.347509860978338,-7.299420190561272,0.9006090144075074,-1.416713623777417,-8.686966884274494,4.007957940411174,1.1134747319188065,-6.048982538675068,-8.98147566618466,-1.7522361875400811,9.860041557080198,3.094341798911625,9.198073771407334,-7.303850989798364,-1.0815169564139833,9.682147909158235,-9.968766860548703,8.459540026122024,3.9245295759493217,-9.526260286782948,8.215485089312587,-0.5950402646327966,-7.488045810407405,2.163876395451286,1.9425037530090261,-8.776548591212258,4.170065364606984,-1.157155907995488,-8.598206252566932,2.824972453509428,-7.168485917395351,-2.178384420056016,-6.872723006402706,2.8332147513248778,6.426416331741322,9.500260940423765,-0.16058313574987793,6.06298228463131,2.150917980847339,5.3361740663431245,-3.3405930049904935,7.214814475225772,-3.193551244343949,-3.9968040456052334,1.3807675626148423,-5.219821106471192,-2.984326132122341,-6.808730927033466,9.053187848029335,-3.3168163971869324,-6.476170572792017,9.439504361627634,-3.2010697167674884,0.855449377027087,6.8290078194546915,6.433289509670107,0.7542612923160377,4.852711813777757,-2.7170920489143935,-6.112989314002,-4.816320104248053,1.7678134888128696,1.9733371930471222,4.823790333670965,-4.265833531885792,-5.232514424243629,-1.777194158612021,-9.865285563016833,-9.819778362749627,-2.118994515706534,-9.118244219102344,0.03211794058644202,-8.884431388220737,-3.420846750741835,-1.7406482228514815,-9.581437728732375,4.6286307744558535,-0.6226821546961752,4.866758567341396,5.8876372326407616,-1.3407860421870943,3.066076077025423,-1.1731188726758717,9.794793107439823,-7.182579067557966,-8.081629115481777,5.48694773022352,-0.7000070816770076,-7.096231353134195,-7.95094465878581,6.063173760532607,-8.577817749866535,9.937340990908595,6.650625226012664,7.303527649320419,-1.8392021416010529,-6.168092624511663,-0.41172530165837173,0.712748506980514,3.8600466299538034,0.7532635085979358,-0.07099094745167456,-3.60889680977186,6.822264210545491,2.051221515690143,8.958711741930262,-5.881459340090176,-9.108711145444847,-1.7205079038234743,0.7424361320152641,-8.273519513550394,-0.4634839578835823,-1.7011431214275436,2.610289900422604,2.794760145468185,2.1975807700598278,-8.806956028328326,3.0575960438843968,8.188437071618647,-2.234412626506643,5.774697561516557,8.173674768898184,2.7666772127474815,-8.883566687088253,-7.930558181829923,-9.720785622972903,-3.1269876714280853,1.2012123820898815,-7.8056833623299156,-3.2044583678851613,-4.928508184831363,9.281973042067943,-7.1299385414679755,0.4998776731216754,5.858243281113104,-2.944033188558075,-3.869358581444544,9.773642010222243,8.599583489380809,-8.985095005213617,-9.10973719286568,-7.82194663351021,3.4923137018697776,-2.6645140422647877,4.393626259242602,6.039340268649628,9.063992035715735,6.730565349837423,4.826802419899149,3.048543800895212,9.272024115479546,-8.389994799246086,-7.645581336524123,-1.5261344858327384,6.384251518770764,-7.388386763467318,-2.177905119072747,4.646566204097098,0.9200675773783935,-5.105803324029326,1.9797083175372432,-6.436526782351755,-7.080991122616906,9.683265530129948,1.8441805742124942,6.007620727935901,-9.544840312818385,-4.389185400480285,1.6048991581003982,-0.004699695504351453,4.0427044531844665,-1.3186977181474386,0.41954891358115987,9.081578732109843,0.8313407890676281,-5.913581697077319,-1.945952159151016,6.690761137006536,-6.851398289687392,2.202795938711578,-8.56088834837834,3.375449685739669,-1.5705152963914415,5.441633562007841,9.878721217503323,-0.8603780587128078,-0.03394020467369785,-8.73385535079992,9.505953461130062,6.15657997971288,2.83971089200368,-0.9086447658819718,-7.860395263723565,-6.02179007176435,-8.171682378937579,-4.999313159836845,5.058424193399079,-7.094910923771119,-8.807066365132517,7.59039642493352,-2.297917537335607,-5.92586851213899,1.7790550948817767,-3.8963305010462363,-4.9594231187729765,9.629984573638378,-0.9566221945261155,3.48988619197881,-8.601879226718292,5.987236611438691,2.526553481719617,8.16563414175566,-8.801840717738363,8.147388524658375,-0.8104556525120294,0.365661278890288,-6.612323109215319,7.340703973138062,-9.131848297117727,-0.23604909421833575,5.699775269659245,-0.6957924000397924,-6.306150686496852,1.1047268579988074,0.02625603684845146,6.799238414325174,-4.283475754961739,6.246798712756561,-9.66386058176769,-1.686479211546816,8.021957953378486,-0.08866351517553994,-6.02726028791764,-0.63850417041923,-2.534348128894379,0.6464672442818973,4.042103808543766,-1.0372611709757358,-0.15477459987773834,-9.91221646439026,2.8768345977886973,3.2642810184265976,-9.839609976447786,-8.350158376347272,6.889235235013484,-7.231551623975625,-5.150866249324977,-6.630211603440069,9.984574385214895,9.547783379241114,-5.647536118903631,-6.088311039888339,-9.104850860567037,-8.165848884741813,-5.425380591097014,9.376790467284199,0.2696927074379314,-8.716950607451437,1.4879013493259343,-2.83711297695437,-5.370506999989075,5.595702360240352,6.826206812621997,-5.3841839231672335,6.37824241604681,9.472093451049027,7.2861481667478465,-2.3664717655251994,-2.9769121249857955,-8.621570452765281,-7.015682928643914,1.3948328589610348,4.785820757794973,0.4737213958007924,-6.972991984579475,0.48884264010957956,9.93844250130714,9.209413470444233,6.142073231653534,-8.23799014160289,8.968196758454802,-6.148113826392311,1.1526242686565453,-5.404258602468062,-7.395541306795219,8.002893766827363,8.092397455326655,-2.996518672524866,-5.402104973233051,1.7484817876360843,-9.673540554104372,5.157953769846239,5.876830772154353,6.485826127524323,-7.44779057368274,7.5849955659542445,9.69132288523894,2.773640919590859,-4.509394877758897,-4.253559982251394,5.393975013031355,-4.242683369951736,-6.132255863786016,3.771131356255248,6.077355168680857,9.574536290473809,-9.089194553782807,2.1020108014425496,9.132992449585053,-2.844565594981119,6.966070401096275,7.65906851704451,-7.004471106992105,7.427627480965793,7.998168280852635,-1.282313326048028,-6.762372349127852,8.419055020927033,2.274703376722904,4.364962560171325,-6.695542105421608,-8.471814430766438,3.6315741501620806,-5.256934986457815,3.8474005365783306,6.626007087826103,-1.7362834165312648,0.862740125188207,5.399855030256456,3.008297798825632,-5.599681744233765,3.373448186442573,-8.579653629230169,7.959365272115409,9.878480216867104,-0.12827619680751212,-8.957283475861795,1.201437972438919,2.2765303786466706,7.2146375490270245,0.6257603228677961,6.337108332229306,5.296518210082011,6.89615267121318,5.826267178584061,4.21352755084447,0.7293717725261573,-3.114565711254434,4.798976328809863,-2.385094799571707,-1.1607429454029408,-5.413752783403744,3.6207040449097416,8.95154643903512,-2.680099890979264,-8.024234934162152,-0.6198021002176866,-3.761734806599744,0.045914650924647304,0.06109038849890602,5.919660532727203,-2.6858790471136773,6.4623255575597085,-9.89100755197299,-3.138047221310119,-9.641512477774565,-8.926608226714631,9.478532745817475,5.781243590232464,5.237645315753285,-7.3390210524193105,9.793674400587442,3.841739062565402,8.073332616574397,-0.14600237205535294,-1.41773528789669,-8.829414160446781,2.293251386903325,5.2334498266611345,2.631500657302958,-5.232004646136934,-4.406032046728818,2.8006480323403267,-4.188615197169556,-0.01742320119350893,-7.780180948282167,3.6191549658965094,-6.717951268727935,-4.547652931985606,-6.47962077897197,-7.612365845549849,1.8434748833213845,8.533750703535532,8.469496084278646,5.368662920599846,2.4700834250980073,-3.679543318137995,-7.099361959104813,3.805510404258472,1.2514002888898652,8.757321289347185,4.731678113519411,-7.510456981413814,9.043636615437627,7.872770469704285,-3.723658439204833,-5.1745228917798585,-1.1453833748103452,-4.686685293728234,5.56896338216257,9.022933367626937,-4.824723335877801,-8.80736166178449,-4.434710569427496,-7.54703082936516,-1.6300161139201528,7.672285518805953,-8.729718098400012,-4.461293727279361,0.5844645247407065,-5.4606919912101715,0.9183227605487652,-1.6615773279312425,-4.174565224655245,-2.981197949690997,-9.763975660101366,-2.724659324394894,-5.824939258102225,-7.104794071512119,0.7615056954641997,9.108118953108114,4.888808915915652,0.42526825799760104,2.204643906281351,3.824094329063195,3.0982353380380996,0.10441665061106953,6.157000735616375,3.7109915955534234,-2.4830470140436356,3.2373284385058057,0.8220681655968143,8.218170170923486,6.560746162392714,-9.974397590913082,6.70853227539277,1.5093819526121344,-9.620570610345156,5.66249805130453,2.3965589809785097,-5.492948995305071,-9.879532539619403,-4.559335547733192,9.929624597701459,-9.35341739110947,-3.402416253836547,-2.3422740385525582,6.9808819836788665,-4.131411540469145,3.524019543929615,-2.8764672399059954,6.155516176225248,-9.124605326056072,4.371168262323904,-0.4617367312391849,2.827141296685893,-7.667052030167662,2.319425277719711,-2.7608892963444642,9.971074941045707,-5.245658234714867,-5.3671568880478375,-3.084534642508741,5.53750714047634,-3.932304322103315,4.018798363505756,7.34063014493589,-0.9082854500740023,9.159463418129548,8.969585808352495,9.812922754716087,6.3635108965303,-5.094586250185293,-4.641887006273611,-1.3840054199927003,5.24445067776735,5.176516746659566,6.624333609498535,0.7828085603599639,-0.14632246766431045,-6.57785920550489,3.9899568714055906,-4.494897924312966,-7.719164266818359,4.644016390388515,-5.320754340493046,-8.53564625279111,7.900826381510903,9.681449991624373,-9.803736078363416,1.2824706293816863,6.801329425494956,-3.2955117644763927,-0.3286245142257176,-9.325715352516495,8.305571855348663,-9.756360672197495,6.652155411629394,-4.275452146818337,8.454538721104264,2.071071396136997,3.163167721546799,-2.101385846136406,8.225024766638462,-0.4037114544082616,-1.606258649299022,-6.323294618011646,8.354075200237741,-5.320361286119293,-6.675722498908929,-5.918472349347306,-6.894357412522806,-3.22884745949305,5.338455989148729,-9.406111262542133,-4.109348565895365,-4.024748835932195,8.392901140653429,-3.9062385891532614,-5.916194190410544,-3.028071497853473,-6.995948515103714,-3.793628937707494,3.1105099009316923,-5.992716501574698,8.689010989957765,-6.48734834776498,9.992784755547849,-1.9736160826753135,9.673226222482612,3.4998451010231335,-5.062493194476268,0.22649783888761377,-4.495291308653309,0.5580565915660447,-5.6990657171248404,2.5257525489811545,2.332604749984702,-5.857142996332776,0.26634502064156784,-9.246481517242394,2.670484608905852,-1.7441805315278476,1.7514888018808055,-9.286222578218638,-5.09349099343646,-5.070580187354395,2.3964243538274452,2.764686077507532,-2.769465322025752,7.604203218170049,-5.0904545506184995,-0.8003481747824388,-9.517167910231832,-9.533647820777773,-0.6179001283405299,8.103829189494768,-2.4254426845647963,-6.497420869876029,4.785130213626392,-9.394123494480517,4.684672170530707,-2.721020534458045,2.554044202840286,-2.0452922827501645,9.783843515369732,2.340659681117838,-2.2822601800927806,-8.628940942890967,9.113299832607737,6.508072335841227,-7.51942618463519,9.508396716329099,5.637736724261348,-2.6389372941535854,-1.386381897101927,-3.2399808467672253,4.274300213393252,1.7200249596209964,-6.551867893230076,-9.90269925188609,3.112827732079106,1.875536116876308,2.720953508782099,-0.003030477564680112,3.5683914510745662,-6.892389508953691,-0.7838463405562468,-4.509916807246251,-8.291653320372596,7.5319137708844615,7.795311086459932,-6.223891170006695,7.567598380474429,8.816659307939677,7.390151897537891,1.7167392715398755,5.621565910061095,-9.436003545839311,6.519101183700165,1.5776333627744403,2.141234856540482,-7.7915681437397915,-5.075318545764855,-1.3552054524190318,6.949754326041287,-7.878406358760008,4.147243357213565,7.345477673014614,-0.4940710530743715,-2.8146959195713865,-1.0336184234811352,5.0839796676029625,8.46991812699719,5.123722022155086,6.483433456139448,-6.295158329290233,-9.759773303189018,5.5648248637139925,-3.061268983590457,4.372180540558702,3.077648272576731,-7.430186286246279,9.384376436714145,6.93870772173636,-7.256035889157724,-4.848441611195162,2.058794731804035,-3.9485697077815907,4.41876073500406,-6.780901494071154,-1.4478047460595285,6.078309027201165,-8.202028300341366,1.9826756194906423,1.5019287450669587,2.4717021063677507,4.530120879524421,-3.7748432531572433,7.035729507520326,-9.86379394257856,-4.91976835672758,3.1043057448931783,-7.790343719484074,-0.3040398872198722,-1.3168151461731235,0.08702271643783632,3.9613901073306668,1.520916155990161,-3.819258846379199,-6.780511568332135,9.37631277178587,8.358743288121655,-7.308072528916691,-1.9637692439804404,8.663857938730835,7.633049346565645,0.10820273754147358,-6.024457522203059,9.112896932786903,-8.435529770619247,-8.927635791024123,6.057969656486215,9.627861069131647,0.34490663933063814,-8.435819427527223,7.743930748268603,-3.328339316545157,-4.520989848966557,3.000392148138287,-5.704791289914565,4.984109280203221,-4.479293428692552,-7.302725102086067,-0.8940141410136491,6.378956042554972,-5.622471149044854,-5.063781332112951,2.2804129772801076,-8.471311490208958,5.938470584569943,-4.714720699318806,5.562570548129029,2.9319538861213665,-8.316822699081891,2.1910844369793203,6.715887106244619,6.688058853267108,-5.340476569532873,-6.369289475622413,-0.6493188367889999,9.549521479883161,-0.9974396617030834,-7.563514884668305,-7.3389852876399,4.135286552733675,9.653312449007188,-9.873560743003107,-2.326351486761638,6.567547599458329,-9.074789491435517,-5.903354902478943,3.840897660692388,1.5847940318325566,3.9779097099437664,2.3309114656074605,-9.445069035390382,-6.480870113008805,-6.447384850047522,2.6609477106966004,-8.3619993189028,-0.49184101725715834,-5.6444958744807145,0.8990756331316003,-2.6334951528054766,-5.833433147301054,4.960323634482256,3.0009450841306986,2.2666674578757515,-8.898122814939015,5.542666489929413,5.480444395971189,0.41787884026808797,8.74221275205364,1.2225692632924847,1.2695853435455646,-6.694876717833312,-2.601040612714458,-5.146898253232992,-3.7416129494845585,-4.037645498001781,-7.565478613677694,-2.8373632636533364,7.958539486045744,3.2100543938058124,-6.469553757741142,3.046836412231375,3.438777529600891,3.7899165505783863,3.4534564651055355,-6.2406449112150275,-5.629396805805347,-0.22289374029756104,7.0105760280374625,2.9721330911047357,-3.602615132036629,-8.1822546826295,-4.105592278613881,0.13204772437031842,3.2584418771268897,-2.872009781208151,7.760684884158604,-5.649905585194748,3.1172810975220973,-3.874669289489024,6.239019394473161,8.182680059463841,3.5117379273833613,-9.380614787122617,-4.399196119155102,3.6537422259460257,-9.157633790690433,9.560671860287627,-9.735121262311871,-0.8970945432433375,-4.804247323091131,-2.4654441720833447,-7.1519344636544595,1.1247291109333606,1.1713516090820555,-5.812447329410748,-0.5029688432497039,2.3980141002480693,-6.119392537182653,0.014233419261909575,8.81373907859636,0.9545535574145916,4.398919258445373,6.418401254627412,4.811347340896496,2.8452155180254053,5.584394484099999,-0.7074074474298104,-3.730290926802473,6.361929739620969,-0.7280865379479202,5.213856091125159,3.140533468825325,-8.43082637059336,7.620198433545795,-5.1125413611324255,8.745586766253947,4.840450058918332,8.968345708017765,6.4523910756703415,-0.9278760413640903,-1.2388386679217263,8.971792130190522,-0.886018368830193,-6.658686662948341,-6.392625795028666,4.265399876646228,8.665315598798134,9.887628181060222,2.33274672327971,6.923110478676847,-2.438225675345949,8.187769730229682,-3.48954553142711,-0.5935696999357969,-1.6649842124628655,8.020243201446945,8.783169342442125,1.5701003958991642,8.061230087394065,1.2794340749509647,-2.3964607718212916,-1.3427396944245036,2.1711967279550866,-0.7096546820686847,1.5244726898344325,-4.893850604817624,9.731889198453224,-2.421861036052075,0.7009621784184539,2.3537217513440556,-1.4478617782017693,7.630728478923896,1.0159815946927413,-0.9336163994587743,-6.627616874543499,-3.5449546134283993,5.084328787183043,5.959852765607284,4.481579167141565,6.132012949420503,-8.195741480785587,-7.600448730125208,-7.774280487022088,-9.699943568596492,7.63398712873887,-6.955566122998822,6.342191972508946,9.616300321418485,-2.017756328648246,-9.14532484656569,-8.304707975375976,-9.882986561118352,1.7982594839927497,-3.2424547808496644,2.1609439262472634,9.361488324282078,-6.676236868909557,-5.885990807941273,2.7022678915270077,-0.24773376868879637,9.874005142108171,-7.17651424185876,8.084355356783874,6.827016948766762,-7.445948945826415,-7.321422286543933,5.718722200136741,6.759733768334126,-5.5440342398440645,-0.6847106529172713,0.25199805066368697,9.88218457687325,-9.264068066451337,-0.47600549992643515,-4.029886951267954,0.3553648264833953,-1.2753091498176303,9.95788788975943,1.7348504665544198,7.976059219895738,7.102726185215573,-9.209029068046243,-0.5700939940142575,7.961254321665059,-0.09938349363596544,4.809081673439691,2.6944799724967243,-9.900268633207723,-9.431073431830812,1.3662432230895778,5.827467995030069,-9.456538960589857,-4.647031732676394,-0.8386410419709218,5.635258180752185,0.5600736605285519,-0.06309622184565455,3.2223416492172383,-9.630269892962309,7.134283539087466,3.9044791035713757,8.747475857683039,-2.431572200828409,-9.59119303880046,-1.9136938635094243,-3.6063586745720144,4.367309468993497,-7.02248647594023,7.280126652824691,6.757871806324562,-3.740741057208508,0.8688146028490813,-1.9935934739441645,-1.1094109552960703,3.2177144648357174,6.338957990210304,2.5254096866335924,-4.641255409450446,6.243244281445033,2.1678306663630913,-5.919090452893516,-7.6634746061683545,5.202483209503569,4.208228983973903,-3.072526233571658,-0.9687418335956473,-0.5792750070697217,-3.082851120604513,3.710382010326592,-4.113330501687107,-3.6141857756629037,-2.07146412344774,6.99244505026639,-9.515389085092774,-9.86699604628476,-4.458598594634577,-8.866722420783137,8.582724150841628,-6.029721490447741,6.647260282744419,2.133698472216402,4.134630701293066,7.503869465246446,5.575047421250277,-4.352276963394397,-1.136980024199696,5.9069916977199135,-3.3832756086237232,3.3340409578390684,7.328175653622509,5.224475928029314,-7.766980221226747,-7.634334199736603,-0.957463130800182,0.5153874069399471,1.5484464902494626,-0.09934509701438543,3.5984054170434714,-0.8449651111959788,-4.2696906446174605,-5.842078645991416,-2.941641533082442,0.0618573457515641,7.996410945297708,-5.406886855471162,-1.627388093696906,-9.613586303367887,9.666313455301886,-0.7220420554630369,2.1410519027160095,2.41564005594746,-2.094391985816335,7.965832644269831,-9.851649669863733,-5.538448654453725,-0.9146336848621495,6.729392434118328,-0.8849812154670449,7.832884405809363,7.996836554937975,-6.23964399328683,-5.4985160685525525,-2.9567333336400488,-9.329783552200816,4.079657219613608,5.406414711357254,-3.4854863380998813,-2.1400474363814626,-0.3969419978979172,4.884872993048617,0.5113805327246919,-9.449603660090247,4.172793620213939,9.70125992746755,9.413432287450593,0.05146861042061346,-2.680870259286361,-6.331603713448111,5.0071493612339815,9.023755125793247,-0.44951140175152204,-7.627884360196122,-0.212735267581996,1.7732404777826503,5.484508969732595,-3.037614550243262,0.313551107568804,-7.038587920383883,1.404498570545357,5.654399417462612,5.930621405289662,4.939264523493783,7.491564250616104,-5.0867184165928485,-9.563616689823755,0.5518753057684389,4.200181353132857,-6.330608781177112,9.844091561605673,7.387559211567233,-1.045545854837668,7.3298237094160825,-8.119659567987334,1.9174086720363128,-7.334083984118487,-0.7261877626949378,-2.63603108760611,7.42313796077735,-4.971091534084682,-5.442281935888129,1.234966936215752,-6.242645415281867,-0.09809734611935461,8.781036319527203,-3.901692429205741,-0.8253160772580195,-3.811003531678878,-9.721565063036863,3.934472954521542,-6.632117354169624,-3.264527234624599,-9.995602336193429,1.8575727081941036,-4.604505734444535,7.44990633965244,-8.263636452532612,8.407556120787152,4.517734186463265,-4.555013611333796,0.5650176045927502,3.2112542221803775,2.6710593579676924,-5.011668044481857,-7.981944740750264,-7.155738142957135,-7.888015732543614,7.486828941481679,6.24444954123517,-7.294819743426261,-9.440612292220287,2.398107412960286,5.203690570126881,-6.38389518002183,-9.767977854625393,-7.812097969433999,1.8306274295742941,-1.339247488384812,0.07971647562734496,-6.177624022361908,-7.22172254732897,5.789219222769601,8.98434254996532,-2.2793584494837287,5.830301210770832,-6.515002897833657,6.719526180347625,9.951885201277918,-0.842834816451818,7.791093781628305,2.647731851970379,9.878298645082097,-3.3952630193078974,-4.6565471456910235,2.1489018305449115,-4.813203178885894,6.3726209471895885,6.424269081245843,6.515029760244065,-2.8586276750738175,-0.5518170207578521,2.077962572615011,0.49690591130431905,-4.526102900245306,5.99181906225947,0.6779265762202868,8.770915009486043,9.261274392519244,6.563062446366079,1.4390753757713721,-0.7671268379203049,0.4872219208190671,-8.501533158184134,7.778148360644678,-0.9812926486898625,9.203717878182928,3.470845149743404,6.455182906609412,6.847785991683974,1.4817532348447422,-5.362815241152394,-4.4686213373952555,6.45463892948322,3.337943887935822,6.153815809050855,-6.232731456658489,-5.4550569215619955,-6.484346984478931,5.482245956159261,-8.556473586231002,-7.077938928922849,0.534394078377689,-1.5526589251554057,-2.595446115771991,-2.128547402877558,1.9777878765399493,-5.697834374689776,0.9386410128181097,-7.2099011622542974,9.60440040449879,-8.167218483384378,9.124833492854407,6.24505026038311,8.326176700850375,9.166317168299301,9.831080870846009,5.669177573806824,-1.6758165717308735,9.267712325596861,5.863116121236464,8.701313446450794,-6.099805978208542,-4.648673055100005,-6.359328101560465,-7.406144994826724,-9.282021128118334,7.210320827263782,1.8160954517029904,-9.049453775176202,6.893928350561151,-1.5581923589251794,-0.26571981606102213,-7.105577249695456,0.46121335574681943,-4.912547137268759,-9.036676143781312,-0.36898936524575277,-9.838828885207615,7.601761675826282,-7.008313670863561,-6.724127241615849,5.7858919603549275,-0.9012816598079603,-7.025954383431561,-5.147078296711081,-3.1302054348453945,3.717040065255219,2.485046797264655,-0.5810941185594398,1.745831432588286,0.8153569230518638,8.034164504181728,-7.2860437227999615,0.798211485339035,7.383325210684742,9.196315742041591,-0.9235085428449619,-1.6554170279284737,6.457227841853079,1.2024355100068398,-2.046882665861938,0.5340966286775046,4.554752519253107,6.477565761535757,1.6576907179018434,-1.891725127969881,8.392731155303249,5.367842940796269,-3.3497956065073486,-0.9294324281280488,-7.066505051085896,9.858930192837796,5.276027007989853,2.1085381190896193,-2.887012673686133,-9.416374014441836,-3.86096022611667,-2.5982010000530975,9.061647135274903,2.7410557063817986,-2.2332509499558046,-4.5110558624659935,1.0139019349806855,9.363571585468303,2.913747285162229,7.09340602592161,-2.93108873551863,-2.510722609014615,-2.9219797049386926,8.065355981743899,-6.6558729005173785,-6.985726931135908,-6.181561964562192,-7.233910303228184,-1.0786223765968277,-6.76029101126341,-6.433362923442296,-9.21768060669978,-3.479864961951435,3.4671122845273743,9.87307589164659,-1.0121617107352154,8.084639244779403,1.1709557330738622,2.3360899627272236,-8.051322614232939,9.312714897361744,6.5633104471500765,-6.229344538140711,2.1268703593398737,9.59067104706168,-7.8446420479190255,7.398497894111877,9.55667470361955,-9.045098910725894,-1.5603409657325145,0.05834298741961064,-5.758991315890583,4.464964743295155,-0.7349880004454157,9.397143455573527,2.6588908387727184,-9.993618395875556,-8.62536256568377,4.077739745054741,4.367599038348294,3.615920387149753,4.342619773004264,-2.1349143918820124,-8.38285296705086,4.5433523834228335,4.055723765108933,-0.48803310247739695,8.533880324235387,-2.36469268614705,5.437823165887632,-3.8474568838461387,6.316389579172565,-2.411111820119749,-1.1703831792428296,-0.8747844715603055,-7.588507815275964,7.740686566559738,-5.412021864203993,-2.128286168181466,-7.106173419639776,-7.509416281392724,5.498326188385503,2.7732697555017403,-6.662508004296097,-9.068742935227194,-3.3747541758331634,-1.2662929283723852,9.635959067402315,-8.30051540255032,-1.8026095014940662,5.331545262810813,-2.6031934479511527,-1.9173794630927858,5.993835043104971,3.1225010981418837,7.237096534534061,8.19814514752657,-0.21577101151210876,0.6124074259838164,9.50512434196646,-1.8607092950003974,7.38538913203416,-2.0016778217968545,8.471549812536765,7.808945368251127,5.944374520967585,-4.28497300772392,-3.6997915278922715,5.057872857127322,8.364279532015086,9.61867075709521,-0.35998153930692567,-3.6444530898155953,4.095239395072479,-7.634669662797964,-7.631426392719202,-0.17137533091869095,-2.2639983688814453,7.108612371187757,3.107336159115434,6.924311151778621,0.7113240304798971,-2.70016405150254,4.0633888551906665,-8.86843290181555,-5.219130949497925,3.483570905262681,9.933999710149564,-0.26098970970705615,-2.5690261249173556,5.854792681874063,6.846605823821438,-1.1828166093841403,4.288386407770675,-8.219253241979507,2.836003830970167,-3.318634799200602,-4.484404465327836,-5.783965580501342,6.237754815980498,-1.0453352984394648,-2.430200768032713,-8.778599218293667,-0.14211941200178835,-9.534988867495432,-1.7641412485573262,1.4040674937384505,3.7341737801014254,-1.2067452249759807,8.146927115692254,-0.3447372152077133,6.792310180831048,4.673102590068259,-0.6079920692063556,-2.604859260309656,5.418204662533617,0.2991782282247186,8.810935201036333,-4.1640679640550005,6.212824518231564,-4.6595090525212175,-4.082900268061326,-1.064479672341509,-7.0230158821463196,-2.5582276431636597,9.484956380201602,-1.968239326373327,-8.371865521883661,-2.689796434275822,-9.718106236516045,9.26818877366966,-1.8951486693486679,8.26966183443598,-9.758483481686241,-2.620559003330005,2.3907555768051267,-5.998567509504824,-6.039565865350543,-3.5736716443478826,8.68427590467897,3.057900974467934,-1.9809565554719892,3.5282596132148214,1.9132192655531064,7.622693697783063,-4.090011854062667,-0.014752665950396704,1.1269086871283918,-0.6958005315954878,-3.814516068024245,2.7757717878109016,-2.056419220420298,-6.845936097180032,-7.54603852435177,-5.5939093128819035,1.6237675352765955,8.140157194744106,4.502286463619566,-3.583303883919397,6.598584020544852,-0.7870208606326639,-9.117856565674778,-4.633946691823518,7.412286881346631,6.219448791481415,6.1991386594554,4.766802249655978,8.444585888513242,-1.2400323094312515,3.92611313539847,-5.396985106604156,-9.795110483926086,7.913487519650509,-5.642408285208045,-6.495487129335893,0.5118138216147408,-8.04675323391034,-9.502796720430666,-3.9438779984033223,-6.963681854198458,-5.6755309962412,3.6538009674494543,-1.1005978243266448,-6.37509233067576,-9.944645205132186,3.5778862470143817,5.020498018832466,6.513684186438759,5.8328715157706235,-3.149532368870089,-6.549452632254093,5.085946751787191,6.845231539069491,3.155755929285732,-4.707575404787237,1.2919547143033565,8.743851195133388,-0.37701263179121014,4.668262201389181,-2.8171014530724925,-6.041285453171468,-2.0922916447861244,-8.508569996377167,-1.7334520408757488,9.927346832431514,2.4156730152800314,-7.622544746331787,-0.9748778695557565,2.880307862452824,-9.701388552523332,4.632049852800154,-3.2960632033953807,-7.262120065470414,8.17796437763905,-8.00520289784563,1.7559220709997767,9.128450980829882,-9.128731700241762,8.878530848634266,-1.576774443343334,4.2255350894412835,0.3362008058028998,6.2091814141923365,-7.9561626456804095,6.541558164340525,-7.80593642079221,-4.037072368009285,-8.814328766531055,-2.0126502450438455,8.412198060064316,-3.0762006302141494,-4.850082784998008,0.9605789205473627,-8.466265474957726,-9.365718011609133,-0.9173300236713828,-9.46120987499408,3.8435133524213594,-9.141041802254342,6.255463497518388,-7.2981087041312325,0.7157254436919303,2.4939485110742954,8.781311032780845,-9.8860183980078,-7.941840609450049,4.51186320925288,9.855441770169307,-6.157133526793932,-1.0738870658729596,3.912768732000602,-2.508661305430648,6.051067642525254,-4.181399182998637,-9.283393731353751,-8.170773696777516,3.770068719500653,-1.9327589966539591,-9.77242109962851,-0.8510609875610378,2.9767468440880744,-8.553339295852869,0.8705297050705934,-0.9539760681779228,-9.279800869183436,-4.957422839483887,2.9096226659437026,-3.535108048855003,-9.03429992347043,-3.7732312271451445,1.1770888140375195,-1.1510412657074518,8.989029515902725,1.5502707190567442,0.19235156227916939,-2.9158594307399195,1.9181526933904784,7.272884750832706,-6.607120316369482,-6.470249123754142,-8.372178563032247,8.589936044721401,7.783305537148436,-2.3131974957770414,-6.697041443784679,9.041914089829032,-3.973233480936109,-1.2582491067153327,6.845207472771332,-8.823084404830041,9.386424363177031,7.086009036964253,-2.075871365714015,-4.2745153012162245,0.41533541847511124,-7.745064457133357,-7.234778336038357,-1.7611907996120824,-3.561654263639566,6.3009205343665435,4.5646958227775905,-6.947543956930648,-5.054371414640055,5.7751866490181065,-3.1582977651294275,-1.4502692172592795,-6.94126602373874,4.494797584168907,8.259384559950647,3.4733847524012766,8.51935146757048,-1.7434494614422782,-8.81641389016838,8.579625700344252,5.671299707675413,-9.32358144557828,0.7988875164821518,-4.712610388193328,6.918631271279047,-6.887592467980754,-3.5623836144415533,-4.944729903247856,-6.86857918694127,-4.758045966008577,8.5045011061387,-7.985650910790381,-6.454867756838887,-0.49509993628960913,6.839255559719518,8.764266836603085,-3.2071870270648333,2.947358043249345,-5.684974669204337,-9.668125815200248,6.14357985286906,-5.516177858267463,-0.720950013220854,-3.5533504372048856,-5.155487012949232,9.799282315675228,3.98433710315844,-8.803789735806248,-3.6744061579188836,-1.6211707280845502,0.013700239100870704,-4.540831527321309,-5.9635339033479395,2.463348650910673,1.9678444452112842,-2.6055402663087683,-7.88991370919012,-3.838115516995866,-1.9161721636465128,8.336709212932242,-3.8601493423268245,5.056681177137891,-3.9198648496438393,-5.778836375592615,5.608355489540127,9.326474363984051,4.373387303473242,5.2407056192963335,9.414110721156487,-9.695685044903314,-0.997890570713956,-3.1673502282384858,-0.28424663445407816,-7.668316963511296,-9.318933392437799,3.3782642051140055,0.17316158996785092,4.257763459450905,2.816335384937119,-5.660700045655673,9.159725572443442,3.442680660803987,9.390357487600216,-4.913700577492945,-8.578351759459295,1.3357819720455115,-2.61398353250335,-9.030840170971665,-2.220340137108452,-6.23994774388237,4.798930923589326,-0.6451714330695815,-9.02540849712193,7.335455096896794,5.583446352051805,-3.631708986837432,3.057206771660253,5.988751252215705,2.8777882456383637,-8.419320250441908,3.706779522274692,6.666304425024524,1.653312446708723,7.608954821422362,5.08987716268879,8.179650867628343,-4.332409875291252,8.608416226191224,9.882641371710065,6.025649634757563,-3.383737011496464,6.103478011684771,9.088398837722231,-5.9787009343170165,8.361903887110632,-7.9671695821004125,7.0730311760504385,-1.1195016003335052,3.588083458780705,-6.517392909262398,-0.5171346597093454,8.58072068583592,4.45364585789549,7.416478282734342,-0.41147434304227737,6.540429519602924,1.6501010200027526,8.934164860116013,-2.258849139014833,-7.816327181873525,-6.268753526181845,-4.545269420692648,-8.888620437127235,2.8906035815627167,-5.307962878177075,-1.8278893674490515,1.3994723574200734,0.8835039033904444,5.831546827627264,-7.699881344650949,8.969726288156863,9.921994657792393,4.422183742794699,-2.787398101867417,0.8764529422921452,5.761348836323485,1.1739082851631046,5.319903168221185,-1.885889977893445,8.323872675150895,8.621812380684954,-9.10891710129998,-2.822506157182616,-0.1908062840164746,6.872492421144784,4.091207112691128,-5.576759422312367,-4.090967403236143,-9.067518668514227,-2.9524448448203655,7.567408718376029,-2.2679580355967417,0.3039113188532756,0.08035869293820497,-4.221972438427198,-0.513302280992578,7.471708358467545,2.8418046509047645,5.952827991380666,2.4019764751528214,-5.119858294143791,4.548505107882416,-8.820774341958424,-5.307416598771342,-9.640998109199847,-3.985239957792846,0.9411476936564327,6.191777717165458,-3.272144712145786,3.3049084511138176,6.29146123514931,-6.799985140564653,4.216877276880709,8.049809050210381,-1.650523427554484,-6.616046835234874,-9.26249693855451,-2.0722726018974384,0.916413087204841,-0.43386672683126015,-7.813299332376591,4.4014931176529615,9.447241665090694,1.3401293890944252,-9.548592054880015,3.90480126100314,-4.104709305481455,-4.297169303268351,-1.5269270229962029,8.92019133297492,7.978067226956785,9.646824508515191,-2.8070048998449977,7.564407165119526,-3.416460704074879,1.1618979764382154,-9.094917352919099,-1.8208866565619903,2.6503058429305604,-1.8687251829754619,-6.869908098279023,-1.4341945794592483,-8.963281954374667,-3.6974143719662926,8.819758045214595,-4.616220284015515,0.18067209125676342,2.406274543989916,-6.595059148679823,4.055568665342113,0.9735190060054322,-0.8020734278282546,-1.3413669858184303,8.965646716482564,2.706510304154966,9.846647865465453,-0.19131983910800088,-7.3905092509722365,4.008092945040696,1.3653342495524097,7.145994792515413,0.5135138650541684,9.66955380717651,6.315749057090873,-0.5689763206942224,7.103457695235356,-2.6901926265661373,-1.3891653523166312,2.2036536910023656,9.901595969503717,-5.432401786260006,-3.863239485732974,5.741429692257627,-1.5821015336298707,-7.381036829800662,-2.9479050678239798,1.1751776362278754,-5.279418868837378,7.758983200342925,2.592694260805251,-2.2553656154870154,-7.78048513564978,-8.165697628153763,2.1129492907768856,2.3019040995413,1.8733876911434795,1.8030474714209852,2.261577977687585,1.9380959282906378,-6.021706330802057,1.8246489294634074,-4.6123040008429195,3.213997786974222,-6.271855400281403,-5.232528057879097,9.585545791116704,3.522584663470438,-3.107687018310301,-8.538998369391365,5.771714531722692,8.897707136314786,1.8556370082940195,-9.718690219751288,4.030703368266902,-3.464693247505295,0.3851447756885129,6.807142668713713,8.698835610132008,-3.5069021049071747,0.48429020733585837,-1.8912657411379836,-7.379042801044406,-1.8744990664275196,-9.647462567862222,-4.921034787279175,-8.059967584081528,-7.669154590187659,6.1804382500558255,7.456095395130102,-9.816075492921385,0.8652610419051125,4.420297211234043,-9.884378091470836,6.940198810979762,9.0048429817944,-8.742798865030752,3.7182213014815364,7.219655085274205,1.776920151835121,-1.9104733646079186,-8.329089508333961,-0.8933524934638708,-3.1127353727434297,-5.885533070091807,0.683670528044189,-0.10178662656431037,8.529544043932514,-8.799098770245958,-9.869618718483704,-7.944297053470708,1.6974789954648024,5.28147620368037,4.085082085644336,-4.112114312879149,-1.0817216056369823,-3.309344092469866,-3.516430376832469,7.2905981476056,1.3707562136134293,7.265665876912415,5.95954248607285,9.224275078929914,-1.2217611383950544,9.24394852281798,3.9989951816244975,1.476470333370143,3.555166949804729,-1.2274951743243214,-2.334177518489504,5.63957030509069,-5.650020223763727,-7.614951145815352,-0.05939184862838509,-1.6923841594492846,-6.543882118855164,2.459180018554628,-4.220538015441598,8.784668198800048,-9.205011112102797,-5.3991934178216106,-0.6092821116457827,-8.908070897602654,4.309969813329449,4.054194646237086,3.597449849850543,-8.85622983942432,6.3966049508749805,-1.4493368427946471,-5.940757366587317,-5.827718987084816,2.9732363543936575,-4.710785842894197,9.845026856508259,-0.5867760581260626,6.88317211482277,5.836938301884727,0.44514565985771526,4.576837261774962,-1.2145517013831153,4.392279212131045,5.555146031092125,1.4947374765208572,5.918741142796849,3.470043992373773,0.035009447227132284,2.1275993617519973,-9.333883036217872,7.013975539236853,0.33354276325517773,6.660875160912333,-8.442399961346808,-3.623333380600748,-8.19751279099464,-0.2989337891988981,-9.404444638610514,4.868873466197796,-4.271767497166197,6.930952133955699,-8.840871478156323,-9.393319167538694,2.0164793197394015,-9.68698194300115,5.132645999965019,-7.839056761561336,-7.180223302471649,-8.603308618931395,1.9250984079683615,-2.0423294795310216,8.927761578764322,-8.85382890769684,-3.871781178016775,-7.759548969878027,-2.372626715413362,9.191744012610787,-9.441816207589238,5.013179922101781,-4.336300651596517,0.28731670887739647,-9.09135943289727,5.503298654423359,7.435319986796664,-2.846824394620646,-4.5354706375609855,0.3095584461226437,5.6047482386517515,-2.707270218369766,-1.4278571026514904,-7.5203552673801655,-5.330340093742603,8.983077716101835,1.119045276784325,-5.246341484921324,2.8898141313173102,-4.411743153105439,5.894938124437367,-2.3146303463105227,-2.935657349221663,-1.8431653893000508,-1.0156174877688713,-8.584625932745588,-1.722025936827297,2.1120507731751843,-9.036808673666435,6.903087167945571,2.1999221379042027,-8.130643602522163,1.3513414381524278,4.628221064504066,-5.207535047833698,0.055186000644560806,-3.9458957190714923,-3.7266013867970704,-4.176182158741797,-1.83901559278641,-1.2881876553447942,-4.88934563236718,4.717244956966546,-6.926323176332129,3.975795893203184,8.088035688550153,3.7820917222408887,3.853597799551128,-5.223572275767038,2.818538467545963,2.924934354570752,-5.827838378435124,9.514449478012516,-4.365653963279989,8.007096650709748,4.458700994415604,-9.094686088310963,3.7669475936410173,-6.796898751746405,-1.334121526463246,8.98229209920957,4.533532488646719,4.572567277633047,5.432871632944359,6.5902120375438145,-8.84055782191379,-1.0345544252910415,3.931090090657287,-3.0657527171053562,-3.3557131459561713,-9.251863953769083,1.9670430318622287,6.266449833386613,4.326578397773545,1.6113998751426433,0.6949878180132743,2.0507960613886294,4.051099408842724,7.415594164805558,-9.268600119980217,-0.7464995206965579,-0.003664114704003296,4.8807840286201305,-5.034608637906947,-4.54236635695935,-6.073812924700661,2.4688843967710206,3.71237437890543,-5.112579651035915,8.505714508674824,1.8586107231249667,-5.5515901356353,-9.176170055096332,9.522895670387381,-7.624758179918468,9.007333852382327,-9.99761827502796,-1.6894344658364737,-8.72584938227532,5.30408631594044,-9.810443399440732,-7.52346618117222,-2.5620423206528065,-9.942460733075897,9.854540552684018,-8.403591928860727,-3.6538888426578398,-5.243446682392545,-3.7581407498540305,-4.4474357440350865,-6.199888103770217,3.3706651453471856,-6.384344287288952,8.327395368833361,1.4050978294768726,-1.271012263007826,-4.972212344809417,6.532454605819019,-3.330532063022469,-2.0105890740518406,9.56139119579834,8.299544021855631,-3.9831112824080517,3.7640394262637074,-0.17769317409579166,-1.958411394559704,-8.8102151663054,3.550964338729985,-0.3736172610864479,6.932774512520389,-9.321977832532376,-9.743549925382066,4.001650074591264,-2.1021245674530675,-7.653960951731844,7.341512022445748,9.378142829588072,-2.325367378505998,-5.232669572195063,5.216500906058014,-4.3296246470463,-5.669879075215293,-9.639648363483857,-1.8899678580120298,9.903812465874392,6.195187381372506,-8.821287998611432,-1.7955319482596916,-3.1679472105864592,0.41979044114009767,-2.9149363993881083,7.642111189710349,3.8044072254149306,8.629497906865563,1.9214677927346653,2.1340061859435284,0.27311005551287515,-7.893418416097154,5.633497263282592,8.765220350260215,8.909588953711477,8.33319358477884,-1.927612851478413,-3.1488228530330975,0.7697767320719233,-1.0340516055191813,-9.956444928363581,2.242005215740221,3.3574740807458685,-1.8204636752732402,-1.788286130644467,-9.376022455006288,-3.0314163700407786,7.017826177577394,2.864990627188572,5.164292912777304,-1.5937988889424641,8.6155726084097,6.090986559286694,6.031476376812776,-4.469215490602895,-0.8378420793088246,5.841218081846389,-3.5371179983998857,-7.842512146143474,-9.842299735947904,-7.0482230233181635,-7.380909850065269,-5.050428290410642,-1.205255555297505,-6.237387256669562,-0.9918913819754227,2.40422292598355,-6.028267927101433,4.692133030883985,5.547347306975631,-7.663402652786937,-8.893536701082107,-2.60311767934978,-6.117158846659807,-5.96819057949703,-7.517977192284226,-8.676939634055401,6.0215969332714465,-0.21388586871066906,5.667748665894356,0.38310648366792144,-6.081747574267449,9.046704358397953,6.672274080870746,1.3311128315881717,0.6906359004686635,-9.064552241617598,5.110762298126092,-9.492500584027294,-3.516815825081947,9.057604747709274,-7.979490584646188,7.997216575393953,-0.6330841735029207,9.528722269538523,7.58270786013162,7.963722766377039,-8.31728825704587,-6.58855190235315,-1.2226882369308338,-0.7590849661646644,-0.11352982180666515,-3.4927327401109443,-1.3796394837456116,8.780619228073228,9.754261354227957,6.881259328973076,1.0776812518739405,-0.3885790705211516,-2.487411272717301,-1.515675187885419,-0.9364391489611297,-8.366459349527197,-2.369305280513448,5.938976631921676,5.315033815853203,8.985702958698205,7.575660682239473,-8.016367936896462,1.7721879095970579,7.083649590617796,-6.555864020302396,-9.633904215920964,2.4818075910036423,-6.176514312294962,-9.878019308710055,9.021596041988445,1.4792124202229129,-6.416771064533013,-3.5545783567566254,-7.263585490013364,8.29998546956988,0.09989408343424344,6.98255385052893,3.6969643054776604,-9.865946352091541,7.836129045461806,3.696293403361043,9.611179456300071,-5.1447967770956655,2.3087831433014383,-2.382400566850782,-8.241875453080178,9.788794540983861,-0.1786106375457326,1.1629650491132448,-6.7806203636202955,5.735961611902368,6.576215419079176,-6.406470984976544,-5.103985830559219,8.971571678795794,9.600327298620176,7.093235420076102,-2.6114461551770773,9.346559753420372,-3.8508501599171225,6.466029552923693,-1.1749628563992545,-1.6253919533616603,1.6471087860899853,-2.2137850980005886,3.027607937484312,-5.612538715186643,-8.403798554433697,-0.2043519256466162,-2.9871423615640946,0.4013365678975571,-1.0924073305201176,8.241341826527634,-9.346203282252901,6.9157413871016225,-1.2854076899960472,-6.694105454597961,3.4268455608948667,-9.286764507468273,-8.370380714815596,-7.073742705224215,3.1821058406380764,8.69564515962671,8.768208907711884,1.6223988234540094,8.244951960573523,8.205992325495028,1.1900642692732983,-3.752357036494354,-0.03303530207870864,-9.411119149248721,-8.003439828103954,2.2299781135933667,5.305170004253476,0.9591122083127708,-0.41878788373649556,-6.788228120502852,8.987619454499988,-2.471691318644938,7.836569505113783,-6.49706666451986,-4.805376460272141,-2.2604866374593335,-0.9861034855490107,1.4714724667159462,-2.31309319623215,-8.013840994136746,-7.583147468869891,-6.618877562131975,-7.671876170276118,-3.6138887795746832,-3.696338282425544,-9.2260024010776,1.148256462609842,-2.3349045705175904,6.842295926692653,2.4026999429846203,-1.0142813121630496,-4.664696798140153,-1.6698276706624462,-9.755169195082543,2.8584578626048796,-5.536199989783739,7.221576233088054,-8.8591012319302,0.408731935977265,-4.986215167607259,5.369524464178534,3.3634736808639776,5.58083621205396,4.884934877071231,-3.423964426579098,0.4905248169502343,3.2913262762097837,-5.09014097928981,-9.172877372319856,0.663363142011244,4.807659623990155,-2.8787321029906803,1.6875827606728429,1.741247634080798,-5.151324284732195,9.80876474504796,-6.0056203182317525,4.024871703038862,-5.453212235094198,4.950520136834749,-9.563941121290355,-7.057232718718971,-8.409789269383346,4.318891294940357,-7.817449121233368,2.547917099433054,-4.377748003926094,0.7439903175810318,-1.808935908212959,6.759849501955845,3.31643011249138,2.6774869124702434,-4.138676392948028,9.64279478131838,-0.16279410881285195,4.574077800184611,5.96814732640928,6.643401590927464,-3.6914631044326978,-5.305363355503201,-9.092868445505646,7.99173026112792,6.110216470530226,5.111935949849142,-2.7513494587447207,-0.44048085240037516,-3.826862435028815,3.445146344020852,-9.455711966362257,-7.231145376745792,5.106254167716067,-9.79022731380844,-6.218841095807226,-5.372025468671522,-1.804739694631607,9.278806472757363,4.29822648291754,-7.998771317329679,-0.8539860794178704,5.1054183809229166,7.222151886702989,8.004274528157275,9.769853131141712,1.5998707598412754,2.423780950954894,-6.89172785346805,-7.153779624183791,3.534776282692331,-5.890628461557792,-0.4283709378043703,2.2709863202352327,5.5610121609905505,0.254698295841159,-0.8835515866449395,0.7972799466694465,-4.554907712627314,3.2166899042314245,3.297781188626434,4.220736719632566,2.6245594715729617,-3.2715582629222055,-5.058020527772127,-7.7477356642985225,-9.288368679385899,-7.104912352756996,4.85870845599376,2.642130755375822,3.5363556356516384,9.720203979892403,-5.544291923154057,5.437127168527127,-3.0350758753632707,-6.766175700878032,-4.061052012408521,8.514645828069945,8.932150024776796,8.60858057758631,-6.947015226190018,0.457494197221175,-5.86650582561389,-0.4277461674058447,4.548949703619298,3.771105467458744,-2.741698980534551,-3.3678480194074627,-9.506529816948024,-8.323657713189267,1.499221597555934,-4.036702779528603,3.727640040853723,0.04804310151867597,-6.5560239279435795,6.691870261182537,-1.6657998031589756,8.05005726024546,-0.2191471797579414,-5.704302829573176,-7.9386054936854755,3.167459548596783,6.145334531923275,1.0676625224578267,-5.889335894763034,-3.226082622079744,8.397392259767695,5.521796744779088,-4.21044995333305,8.968181051967804,9.301072264803931,-7.655180495259366,-0.7198456166876799,4.527661352133697,-3.33625844344402,1.772265222243533,5.351776870388161,1.8097150404795066,1.9873363337416432,-6.616932156007782,3.464151363402049,-1.621221452380059,-4.2201966094998955,2.7950409000482743,0.7116869414147242,7.5502730960285795,4.346611962048518,-3.0267683518046358,2.655187945712882,-3.471183391757111,-1.3886555370192504,-5.4573711285761295,8.733197468380133,-8.1451280201589,-2.2262044503431255,-7.861125174304324,-3.8962605846702907,9.030381856814245,-3.9841371009474784,-8.582317953424411,7.388492812019592,-4.530861627738263,5.657973777570735,3.429692378745365,7.03892428218931,-5.7213094002313625,-0.6025842813659885,-6.33879550271619,-8.269463995591831,-2.8276645274609358,-3.8116622506396913,-4.603784441879419,1.5298537975213016,-2.2774801149661483,7.824684994667596,5.159410805430207,6.806249277542278,7.684384690735058,7.18686421412578,7.746579480546739,0.26672088311785913,4.558618273634442,-9.768998098907247,-6.418081660882422,-7.126702312862381,-8.170301017321497,3.359955285931971,-5.908375851497114,-8.191067836576721,8.864896691801572,-9.694920471190326,2.3106281997293507,-6.391070537946259,2.8045956209030205,-0.9738281477371995,1.7368225183219828,4.042704571658156,-5.067119119435204,5.513390076688019,-6.940267693552409,8.70082165921509,-6.993382163025879,-7.206814820611007,-7.207142797159996,4.976714966876267,9.419406266919253,-2.772425562286818,4.060865980790281,-4.521553628010196,2.794167606944871,8.858836243762845,-6.813895682079085,2.6293616565005156,-6.885204283857719,7.012619092007245,7.109253084865312,6.127647278413278,-9.067467275031483,-5.0174764659837034,5.444277226582898,1.799481762604163,9.206612406079913,-0.9958787916705347,-9.782075229469072,-6.46788231993688,-0.28661530159558524,-0.7304996208650554,6.0237010847483035,5.6112259359210075,-4.107487082774948,7.311970388363804,7.22246600098234,9.32562927815665,-2.0343197431650673,9.426158801552987,5.122703193275523,-4.9321471057428345,-5.081191796758171
-3.5140468772068427,-8.962243907174807,3.6883312160306954,-3.3372182054640342,5.456951496932783,0.20684391728049256,8.736167799271456,-9.801023119998664,9.310698215891335,-1.5567887572690164,6.869402276806412,0.33328614665248324,1.57864657584485,2.7081132797731193,6.489352425734932,-3.199815866740659,-8.081500652940383,-6.711996426110057,7.015451335185514,2.1283680025869387,3.2408476103192676,-0.6982849965180709,9.850729901802062,-9.567245250178416,-4.077909070983033,6.748043004214509,9.235089145735891,-2.7108627148276216,9.804535508749254,2.4397043973409023,0.42867853921128507,-2.2993135109179352,8.045908452648057,-7.648899620659691,8.208639586826354,-0.3429337788192033,-4.2014409985591605,-6.570126520488346,-7.354453707809405,-8.0859718769607,-5.468067512082064,-3.264175124779314,-8.254850500238113,-2.9812754009477676,-9.655356307752836,-3.4529855558578104,4.7870113192278385,-4.868856858648007,-5.012286477163002,0.8288209192918128,-7.550516189820822,0.05780911021961366,7.367388581599862,7.468281906601437,-9.296697517686688,-2.341863249926086,-7.41880792221955,5.642619046077721,4.250223605148673,-0.19252293488794692,-5.260236743263967,-2.408334243246224,5.636396800885414,-0.1413508263229506,-0.318239849559399,8.082458084717278,8.107622075878659,5.657820754025325,3.775641625565285,9.530499968970869,-9.209144536516664,9.918683379636203,7.630801420435088,0.9393921518891482,0.29573851128671436,5.139163390972977,-3.42518930183906,-4.728157822275452,-4.938661210709634,-0.5463752469433576,3.9458235116376805,-9.644132645865625,9.763448583089193,9.705571980291936,-3.967178396210464,3.326734237150573,6.143116245471074,-6.518158951527573,6.62949092977108,2.8162853751140595,5.0296506998129935,4.191719183401833,7.775213489542562,2.2404865321451055,2.6994360722431665,1.5760321680210758,3.321294773934156,2.088128423579894,6.498028562267034,-2.2255380755168863,5.851052458571777,-9.122887487573415,-3.5160384296196945,-7.1870610388712475,-2.5636619907543112,0.799636747214624,-4.27098809945238,5.835568613732088,9.778091175628031,0.49705852897718117,-7.169271939597177,9.802502763972651,-3.5551060509248007,-3.710982310975721,6.096540653472218,5.0244818794115105,2.816322625087121,-5.097772638487652,2.3864211666862296,-7.567136864988601,9.383605177593676,4.668949100092746,-2.5691512060037898,9.766649333135508,-0.06997695190858977,-9.688142890268121,-7.442174654984686,-7.674837171234934,5.950114636520263,5.009678236301578,-8.188934635182148,-7.2303179980787196,9.989049566465656,4.87542738212036,-6.838535780829562,-8.686192294028583,2.968688894387366,0.12385793893361985,-3.7210868343784327,-6.053413677477648,-1.5380915197064553,-4.750380070319949,0.9528891075110799,-5.128483318808856,-2.424296172943958,0.9914712125331384,1.1555045308752927,-6.871339077197181,9.80914048093624,-2.8391191552482713,3.8354728607110022,-1.1397612053855237,-2.3674396123384156,-5.647954109771767,-4.104309809624422,-0.24992830202849348,-7.88514443992737,6.8044341804946775,6.348060529059893,8.856192840186495,-9.789795196902922,-8.871868381696164,3.3169541139262613,-9.445365392275232,3.4952979113299047,9.606816759582188,8.501300459571716,-9.327229952874115,-4.6832645503866255,4.958037251847131,-9.718205895323077,2.3420372940828553,1.989433269893846,-5.050949783997791,1.5025795762815282,7.999784971178656,-3.152988801075609,-8.270084163506567,-4.7576330238961155,5.262263086125575,-3.119926201404322,-9.395432107471136,-6.066041657070671,6.544226242117322,-7.946442866965522,5.316384296884289,1.8162164773431684,0.8723221442350315,1.3716990287276936,7.42202679730822,-0.18994189170110154,-0.9591238288119612,1.8317592952972266,-4.1636926999545,-7.590769956457361,-3.883306441080574,-1.8037716508499297,1.159928180830292,-9.088387102405095,5.483531111426451,-7.001691425132577,-9.222059845010719,-1.9653091944777152,-6.7987186465998235,6.752524921575127,-4.572588244817202,3.910654285682222,-6.991866222428085,8.788012757263207,-2.553703686558939,-3.4804027554999912,6.208820285245636,1.6789955404521617,5.0239233794731994,-1.2580866009469727,4.265094183096904,-9.516791608104837,7.988172296316996,0.41966337610191573,-7.209308155966396,6.903127998009026,-5.996889121749989,-1.3255902331300025,3.2632798737642776,8.041941480389088,7.313659936342496,-3.595029719371885,8.942629410990921,-2.8723679774556254,8.585623310602976,-3.1918288117057863,-8.802153623349314,-3.121445866163417,-6.063407144442426,2.5825736688136836,-0.7865863528090973,-7.610803692005977,2.8123964307231155,5.350676425214747,-9.080864622854977,5.856372372777052,-9.886239668993673,1.4838371289195393,-5.104434503153379,0.9825905499988785,0.5494583530284931,-8.882365801027419,-7.864829428612257,0.4730989140588111,8.134569231682999,4.171190545945224,-7.683361426996502,-2.4643068711672456,-5.1125446692265815,1.9506200187881984,3.6814716995379015,-5.093288643522147,-0.35342300826644646,1.2719897974706313,-2.1649361720900266,-8.528704871029092,-3.394511643348568,-0.28101017400791584,9.17605804566702,9.423624489249015,-5.177758205155161,3.097342820088965,-0.002824773623650856,-0.6613513542718863,-0.17793507666597463,1.2906380401988553,5.597957334311678,6.587992352431456,7.398774181410218,4.031167962249675,3.842945963685672,3.019670812831645,-0.09715569556029635,9.956001919578242,-4.514513600208277,-8.451420706899896,-8.13469092873242,8.19311316630796,2.5895311034692696,-9.171245048193231,1.431921102346605,-4.48376506568855,3.305195624833699,-0.4866057212461925,4.551053380946319,9.591460479633081,-7.151292456229403,-8.462031000087444,6.071505182274663,6.271738257791387,-9.675294903750974,9.848967493849546,2.77567215559017,-5.280548571470279,4.360276999041183,6.923267357831303,-9.405141560870296,-4.680862082528026,-5.921742537328809,3.004984382617934,9.20535141706485,-6.753553116236186,0.41529256863929653,-7.968632460158616,5.954483063692649,-0.35032879518209725,3.5417256415376848,-8.770051658339899,4.452288361591346,0.7855736932813269,-4.832089475617478,1.6207578703409737,-5.709831247228632,-3.0993657071756804,-3.4277859439266685,0.48738432865754255,9.9989260750948,-9.639327830481129,-6.329827341465501,0.3736062513234977,7.682450327040808,3.005245926735343,-9.595216197056546,-0.019757177118107094,2.186771270678758,-6.200777257136647,8.196958456592053,-7.965357819846528,-1.7165888380156886,2.725582422740569,-8.883261683006914,-5.286455181298431,9.240085879394627,-7.524885241080135,-5.124312073732195,1.7930820797021987,0.0327392167565943,0.14805647918894138,-2.0120202000371634,5.2233321159084785,0.03837934271162169,4.440688670757938,-8.217735568060355,-5.6945118877211325,-6.989845287405359,7.590616382612772,-3.2803138219058674,-6.277934664239895,-3.5881130662703935,5.572850847001208,0.398853527458364,9.462008579890103,2.6613701728629273,9.588236099683925,0.6467246434399154,-2.660749563510656,-4.512270875185839,8.266161158056384,7.290321251305784,6.523726454282738,5.05636292551034,-2.674185003525431,-3.825684059201797,2.7429870803412157,3.9256877846244542,7.233177550026252,6.984393044110021,-6.30041518284032,1.3046496179634737,5.135091879535114,-2.0463213521265056,0.6295905702413496,9.571261054665467,9.21565663428596,-9.13005618443048,-9.978547351581142,-8.346198503998306,-7.339572831293662,6.037518848023101,-7.237911144981299,8.260727156304174,8.5185010403133,-1.1544683510261127,8.763188721312346,-1.7372546532065236,1.3963324000108237,4.9135077539581555,2.1849246294849056,-8.119604182862279,-7.237831398343437,-1.9363219290033982,8.889060608587315,8.420026179424681,-8.546679200151772,6.759808162762248,-9.733140376916758,8.507933528365058,-4.136034664311799,-4.371767707684233,-3.3709016858326146,-8.277128301295404,-1.0741562464159564,7.353718715962238,-7.985105206440992,-8.658986709709104,4.223138027719571,-1.663812478102237,0.5415350898292886,9.190113938957424,-7.58342000244697,-3.956574985818417,-6.808752921945185,-7.02903993248055,8.771458468048351,7.707183654209274,9.433242064159806,-5.476926005150835,-3.9865680002774635,-8.502810300092872,-3.9286835791054298,-9.591319187912305,-6.325097633101948,-3.516274931984789,-5.060537437826216,7.569571497683288,-0.4514696139422014,6.740736058645702,5.676843180898604,-9.50509487992036,-4.722579102130884,0.6994189226100023,9.174298508229018,8.42626103914004,-3.851623770168926,1.0281801603992395,3.1036945865671584,2.96038693104099,-3.0965529723448926,-7.3448642971997025,1.3305352494232885,-0.3781929661742467,-5.886800916435275,-4.242984880048784,-4.197142693720128,-0.020284236615573548,-7.500969641396191,3.759782773500465,8.810013583225349,2.5503474534654114,8.80169703495622,-2.9965230041267166,4.5366440080402946,-3.7335070838121354,0.31603881465923855,-7.870034717547267,-8.051722637120376,-5.4076059810758625,0.12705626497860045,-0.6706532859025067,2.2144932377770843,-9.154435367790244,-7.245587479554391,3.814382125150521,-7.595845488664297,5.846671527819902,8.458552501600185,7.639444519470967,-0.9501878232011318,2.0880026698542693,7.131614167495954,9.681971854944543,3.8832913211756583,8.915858391600807,2.211477674007016,4.6707720532784,3.956371032595225,-3.0501195637446195,3.0462127963378176,2.3038534336604677,-8.02726701951652,6.523291302584326,-6.425936075382943,5.488736802525569,4.602726893484954,-3.6105209917038916,-7.705878880776041,7.689376685373979,0.431511406206301,3.0110404481326505,-5.547345298384614,-6.486264762557403,-7.9610117132244484,8.695945576673584,2.077008004499074,-0.43086966325015474,5.178651750800823,0.15989520107489064,9.577821204604525,-7.413701423014796,-9.01476129694399,-9.504915717187446,9.852122274645613,-6.833807794104487,9.862661746604033,4.885722184635545,6.779949515035561,-8.128504639730068,-1.5514963916179383,-3.467160830089986,-5.790734793746363,-9.853355617980855,-2.384126042463137,-9.946453369181894,-6.043642651778027,8.910234084048973,-7.695405311401117,3.4653080698240615,3.948843194580938,0.3531219155329257,1.376548743341914,4.556354312000714,7.412256644003371,-6.160396317479013,6.207334865724409,-5.057673460315493,6.408823269443879,-8.172184212206076,8.183648010868353,4.985956911149447,-7.168846772572081,-9.889490427994655,7.036107714443784,-4.644489974033135,8.228410380495276,4.111144789504742,-3.347620830386708,-3.1645261623503647,-5.126494542405668,-2.6430862704844404,2.6696003192430684,2.2536925018131075,4.62232497224961,7.763393931392052,2.081523940179091,-2.1414894270251494,2.596164621709356,-8.65477199759036,-4.6951449815536535,3.051892076939298,-0.7206866659989064,9.635727188465943,5.072968575131361,5.787626480971404,-0.976217780723438,-7.127254399911818,0.5041361541419693,7.1242844957410405,0.07901274104362699,2.1647722756207273,-8.284702375126525,6.812116895701529,-0.5789915748663148,6.665949955510044,-1.5399327305164228,8.187314140196776,-3.6050777820581947,8.080669079336904,8.107760757082218,-4.0838835525511925,7.561858763605397,0.47665167898620453,-6.728688136567184,5.879477109665753,7.563673055397732,-5.569345648233925,9.273635467185105,6.711350472459934,-1.8659130289703523,-0.8875474429000825,5.265137840367526,2.189880506264238,8.737546342146032,8.174820474677365,7.147725175695545,-8.178863198718329,8.255031590367363,-3.19975364413361,-5.314045883445775,-9.857302235300603,-4.625468801164581,7.245195697700858,-7.400098493110956,-8.788532403060035,-9.488375215803181,-2.1473167612800648,9.408563784638524,1.0780801408249623,5.643938504423861,-1.592780583630793,-6.852151837356402,-1.6873590778259882,-3.09671734652079,-3.526190243143226,8.949132608528636,1.6869457961855048,7.099035803077733,4.539302624578557,9.852144548372657,7.432813771565289,1.4116036539205616,-2.6374996419574543,-5.6753672079283435,9.024510022105105,6.690879233036213,-0.8894906805640233,5.985984153486033,3.0155053702424723,-1.6044040021888755,1.1874982600863113,-9.315646774739365,-3.132241237490092,-4.143737721871574,8.736962756383676,-3.6725541856477717,3.760486871190306,-5.722955385433643,4.023612065167457,-4.5249495918092,5.691588020992292,1.175748441563048,-3.565348355039715,-3.342249560148991,4.7156957987462995,-0.8759337887304035,-7.718726848055891,-2.6360749581538645,0.13443080632707272,-2.8418551927490228,-0.49333576092647036,-8.558546948650141,-1.5687516262813546,-1.3097295216255755,3.503489849048819,0.16592026273931637,7.850038837660922,-2.105897420414216,3.314817134063839,-0.279695722122975,7.025042559771734,-9.956603640827685,-4.592019478933215,5.004634550319247,-4.534277521161954,-6.065753988371343,-4.818727307862556,-7.7151744703644365,-6.317325477352764,2.0560960212594193,-5.1029455621608255,-0.06335382875658269,-5.92361171050926,1.9927507956222197,7.928310847951295,-6.9705266836595525,8.334377259303064,9.75663030119874,2.7234861785487556,-0.5453184426844455,7.243504964454907,-9.519181221828317,2.9768855993856356,-3.800784958344021,2.148289023214055,-3.548671288974816,-1.2577649210520452,0.2848130334822603,-1.6097844350220551,-9.716341609848048,5.7439835262535315,-0.14675513407944507,-8.505356405988804,-8.78988617992361,5.273050637181139,3.4235411766527495,-9.385702932321205,3.0294556027954407,2.7104848029666524,8.933159182763294,0.9760512019652126,-4.134548112456635,-5.491303895313959,-4.309319136612448,-3.960186928091116,5.432418524137589,0.4364949237496063,5.049453595874391,3.8264199823658114,7.871725296709382,5.157537149610597,5.494971811123985,-4.516963251189039,-1.3522804719742751,6.711926137264715,9.62041007348057,-7.761148208600863,-6.450430915078284,8.951356508820627,-2.1457772660031793,-0.6068519619575348,-5.4873310409873906,0.7409837390689571,-7.202627715610603,-6.560406396433622,1.2529029736087054,-3.6559724655500636,-1.3489045653132763,-0.08024926047721692,8.083462105632687,5.020398034433038,1.783787071058411,0.5407231852512382,7.663502648228963,3.5349942993749277,9.053698489433117,-3.6892537268799153,7.171488593510006,-4.7273677328872665,3.4499689694635993,-4.4960375103710515,6.416226237573575,4.20047326806635,8.785450361870108,1.565054287327122,-4.67275392806725,-3.511125919117042,2.3027980359180393,-2.1436902499116517,-5.5871992309886975,-3.870414923367944,-7.59485312325999,8.040164417917065,-8.17515867073219,4.483398275730172,-7.2536859559241185,7.661463785490703,-1.8670028699814907,-5.880040773710502,-1.3026138134129983,0.3867779973234331,6.728229924517105,8.973902755970474,8.018189627241323,3.953995434823163,-5.856342395663359,-9.327502983982122,0.010616498069301983,-6.688243765079857,4.7768044439068476,9.734956909092631,3.6711668240181936,8.2705049551876,-9.694096657574216,-2.5265927508373736,5.565685589213983,-8.566585780004933,8.661040603132225,9.417114983827478,7.675881549728935,0.6534362752402405,-8.019039664565097,1.7708519820636752,0.12710687939378218,-6.304148245582251,1.218922455630885,4.112287394870119,-8.460638422077228,7.933539515665707,-4.352256658135721,-2.795939591295089,-7.408380301089458,-7.306943342508088,3.63245276090659,-5.906595130818834,5.349420702050319,-6.803866438178952,-2.8557433212463756,-4.295541824800284,7.0689865121875215,2.028556983525034,-8.1939480918908,1.5621729254973822,4.124722548371018,-0.10503729915903826,2.4621911738253583,6.6734497946939015,1.1964343309763041,-2.816983503436399,5.804499785644321,-9.218956175796517,-5.075628526537508,9.096150839738328,-3.8034445976905733,-7.681352184318227,7.872217258817745,-2.8725387024274207,6.040074186799899,6.621594681279891,-7.984566803100142,-1.5023374555732296,2.786826558756747,2.6806284670840146,-8.677577029915085,-5.82160152749251,-6.27179743417517,1.3360622923768979,-1.142969253996684,0.36184873556152297,-8.001131042381832,3.7780887584005924,6.265818439124899,-8.275236104977479,8.616330455692712,0.6483483891480457,-7.868501408244439,-7.15060669483333,8.587618886459659,-2.4866618727942598,-0.8012931210066796,-0.20913430734315774,-6.243065473004494,-5.44399295153287,6.873398482315526,8.87372262410748,4.039775610491201,1.3524139541260354,-0.07252464081320298,4.405140659592302,-7.394993671121659,-7.474219940577651,-6.954274753089866,-1.006371162687893,7.56071610813628,3.634390478119901,7.633787356692878,3.8778511259343578,-7.034958186972111,-1.34666372277586,-8.972071918075564,7.861762462956971,5.4426644520493905,0.6108910396216949,-9.323602493389785,3.495255683309468,-1.1828509643633982,-6.259684027472847,-1.4541085148579231,-6.835379732164295,8.123559798160805,-2.8985420638864863,-1.8580002563544191,-5.9175410589910555,-9.24754562637383,-0.19374759465879343,6.528796137499956,0.8840146901317496,5.046381203498953,8.605241696467438,4.4022011428984325,0.33864117280100636,-2.372807023148413,-9.517366881847991,-6.398622766735804,-4.858829925947563,-0.13950543986538655,-6.593327555697304,-7.362231887598627,1.0500343291496161,-1.0039121456317766,6.167266319166377,5.844366492448996,1.5180360331832254,-6.56680850631743,4.592760556229322,6.19632985104608,-4.089934306223513,-1.7708265286403488,-7.829175102185628,-4.341815544541053,1.5694454466372996,5.889106926889227,6.101370237601177,-6.611059428126216,-9.432528442768412,-4.18028790116484,-9.50037043596746,-3.390722439016523,-4.6309704678785835,-2.622402123488383,-0.17654006062352678,-5.670426316514872,-0.23806116398698052,-7.303832501148106,1.1005269159662525,-8.507667920904252,5.306234972104466,-8.977344648275423,9.91331252392305,-3.135209338657088,4.87416591523399,-8.859348817161854,2.184955016863391,5.810942875493252,8.298077148371604,-9.741067645585517,-2.524234694327358,8.302412785930713,-4.951290131035764,3.3052182410508717,-8.598800406805056,-1.035429335402112,6.723178971421561,-6.0988532073521995,3.1837422274092138,7.028025094592898,7.548411688770518,4.901431479073604,0.36666405873102725,-0.7708790626760536,-7.547819531521718,6.92681749276991,7.28004199259281,-8.228520315378807,8.90429854505988,-5.67621478961442,1.4652929899583391,6.278006608785798,8.461018975611264,6.810278840647985,-2.3500183108796673,-0.3751211476022771,4.878966047227166,-7.459001161733783,0.37185969832177257,-6.639955631004783,2.2120895629014576,2.8839277951592344,-8.002122345217566,3.3588265990537653,-6.3002077485088765,-1.5812051921812902,-9.64789255632158,8.645210921131156,-5.238273237918742,-3.2332306152036505,4.536245345398246,0.6190478269703092,9.189879373702702,1.2434030630361388,1.8863112907474822,-5.090569626223171,-3.398642159732317,-5.366921256374207,-5.52175207757881,-9.268833314566368,8.431820307567893,1.158690826213693,-7.280509230449319,-4.896290084826038,6.536483394425737,7.346265976283572,-5.997291675487504,6.230568466006947,8.763226476577167,-4.962789742590388,-6.796249424045007,0.4732891008551139,-9.230555672010494,-5.4587330659543,-8.659899268249937,4.195016978105752,1.2217491177524504,4.4202833551244325,1.9318099498162766,-6.659542306567355,-0.9886136653973114,7.3489880299474954,-0.6687810691880802,-0.21175808666736629,-4.007487944412573,7.231195330175627,-7.688691078705043,1.1728381262317207,-0.9462913736858525,-6.817751290893128,-3.99805372309868,1.5513544533020447,-1.1055746863088771,8.618270144146539,-0.8951789587149399,8.295796264718131,-7.150124594738432,4.326208874847399,-5.779687178984894,0.25266290320140605,-1.6608406868202596,9.971291203141838,-7.063556657185385,-0.8585005016691856,-6.8386523954667044,-4.553380531883073,7.730890661528704,5.24087981545631,-2.33495317353621,9.558238706433603,4.165296388444082,2.4151036787175446,-1.3866171211745542,-2.4555371998838034,3.83960975510786,-0.12886634642251593,6.508945482162883,0.48137812793059176,-1.9012371005459467,5.799124575009158,0.9755615034600389,6.768144844938501,7.869491989087937,0.12034148032490322,-1.5128890112683742,-8.436897909787772,9.77111867573096,-7.266128879640292,7.503789729131785,5.599498413067545,3.201098421447721,-2.9306186514223187,-2.9350352483985898,8.178657820221911,2.1336710240293684,0.7687211682138333,4.410956785191907,-0.7833518835351789,6.175551792791051,-6.552854810862254,-5.280377899027386,-3.8669493880796786,-6.014457568487459,-8.686962023557323,-3.1514907263696816,5.545446484704273,0.23368296935679211,1.688815184506712,7.192270468614957,2.0098665196618786,2.600450410956409,-5.823523976096919,-7.616798856133958,9.043037035481046,-9.239601761467995,1.062807380668879,7.8583851736717065,1.4894150483651618,-0.7383241170898369,0.668996519963688,-4.839463498098184,-6.266148592784663,-2.306956059031924,-5.780946087051515,2.697762244288178,4.6925959239828465,7.143890562533013,3.3691595658651625,-2.1668942493808725,8.053233936607882,3.700959464548008,-0.6101226559919493,8.14289303415308,5.347378133796099,6.7559997907964195,-0.3094719036682321,-6.038034054792741,6.457029155812265,-5.6388469790642475,8.113279542221076,-6.839194821081787,-4.589112568484641,-8.523774910950369,-3.143325846382858,9.556017476615207,2.85216404852547,-8.366124844039778,5.101727293733749,-5.388674532254782,0.49141692851371843,9.858105528317477,-6.477093695406824,-6.759374255698605,5.007570940284172,-0.6851394136281908,-9.297316525378008,8.498010293641421,0.7804155959217436,-3.2979861442581493,5.082534932444222,0.029168907969586044,0.8971872970823185,2.8135062489478457,-6.1773141646869,-4.347633887156876,-7.380501760836646,5.021470223570802,7.805943539670402,6.520966089636062,8.119840164711249,-9.15665690220149,1.8103450049440024,9.099581170080512,9.013513991161325,-2.7907087134810755,7.679581256643093,8.450093577954249,-9.729832734280478,-5.931311188946684,7.39572875104837,6.3498058241034805,0.07463419888368072,9.82442056117106,4.69234998891735,4.664541988015539,7.299910335182769,-7.001630444726521,-1.6036492047417923,-0.44437341269181374,1.5386395989000405,4.182586697919714,6.295662027193654,-9.157599331515826,-0.912389578474027,-0.2025309160996862,3.805759809453079,-9.977158298910089,-2.4960283545999733,7.47463302414414,7.262918368679848,-2.1708947047995153,-4.376803695725242,-1.182303080869179,6.135799843942856,-0.06344990586840993,-4.224667099254353,9.446398190797975,-9.970488097296013,5.782410246757282,5.724241966783389,5.788639481779153,8.398684950502496,-3.632495289319724,5.7571083934878775,3.0990899554342413,-7.240848577635168,0.8968158321653892,1.6122232309967082,1.2363837600448324,3.330228856820094,-0.43514444492512894,6.843284184749802,-2.724719411856671,3.4088159181021176,-7.337096674263874,-3.532279523669062,6.7656488014786405,-0.23996924814040455,-2.759501188915192,9.71970522189929,-3.0109943523399085,0.8351869007590551,0.11225393681229079,-9.717325423007825,6.8042254603932975,9.715780175220296,-3.652528819270109,-5.352691554758255,-9.967749865722048,-8.581022373749674,-2.0849671593575225,-2.2289969711266284,-7.062830773853259,-2.0880736608993145,4.456770184489397,1.7856855721851232,3.9842884588654766,1.5026885405632342,-3.930730488326139,5.722628082690582,2.3726546954750276,7.294854033089727,-2.6004255178902262,8.299306106649432,-0.4925942984976146,-1.6406983395571029,-2.0980697045556784,-3.4361278918596767,2.3630236516509733,-2.009829604879842,-6.555219579550924,-2.5843194659777318,-3.6914064589836553,-1.7172471444569126,-8.136795378753705,-0.9333786490133011,5.946834691654745,2.5766189574260405,5.403430577092479,0.9191841611840736,1.419673973417341,-2.1767697853547823,-8.529572002841896,6.183620520286084,-2.7565852502054122,5.199862079637326,1.3908160063802697,1.7061504956772762,-0.3346338658233705,-8.54371664271536,-1.494872465587589,0.15856324893345253,-1.8693712915397036,-4.652685941485936,-7.036442502827251,7.237743635940777,-8.366419372303351,-1.2720702418123722,-3.194512640974172,7.482322627405356,-0.7159484547741286,-9.571565515337033,-7.034521241208953,5.973451940276117,-6.785956222701346,6.709328077593611,-6.8732779427443695,1.580078635787892,-0.912568109625898,7.289163069895729,-2.74289806559608,-3.7217359643809615,0.37588130934939556,-6.161818935842762,-8.331032905613238,-7.694584283007484,0.46369164380466543,7.428277585643201,-1.486946974950083,-1.966484239683746,7.570727044259307,-7.72525894471624,-0.3805453265020553,4.990186513812828,2.5054087615002256,1.3091513181035133,8.857681699327081,-2.604937654204658,-2.659912876082215,5.6059057099025456,2.342786825857292,-2.114741344585454,-3.248934755298869,-4.731221645830875,0.6542939069110218,-3.426403180818804,-3.83666886625668,-9.090222587776374,1.986904144505914,-6.838180543313095,-4.3920654354575355,-1.0035908701037783,6.339687984200957,6.435013539881947,7.769271581705148,0.09085880327013562,2.6895097418734686,8.045767653653414,2.806413503213758,-8.957380900805383,4.517160032790905,2.5663035178293647,5.91816110435315,5.159988480573341,2.3014711881207823,8.666338965151418,9.110451320608362,2.726016218451498,4.82872627622919,-3.493907887455469,4.843197955622362,0.2259818656121766,-5.807352504512117,3.350358613978541,-8.914819349432705,1.8738538964531095,-5.505996928359675,-9.112543372374633,-8.662488136715139,8.239682636713717,2.4424290339568593,2.915633207458896,-5.001086491011693,9.40758180182437,-5.989479428561804,7.36012885091754,-4.297270139273113,2.4963272520942112,-1.2643369578652415,-1.6002434025658179,-4.1540844014550675,6.702870042939814,6.071486196772618,8.444913137525127,-9.259593276247388,1.6443238737397223,-3.6175003185316834,-7.63375934772804,2.350624274888231,3.09753130181301,3.5333223730267314,9.766435473041938,0.6450339391082096,2.0353893919532595,-5.15465101061163,-3.1112375489072885,-1.3959033032815338,5.346305509739885,4.011757264175664,-1.8653249305267714,-6.695786588504538,-9.49629772896369,-0.11124357261961393,-3.484831290157995,-9.155955788464762,3.4239954980592806,-1.8033289425743781,-8.913696972900775,-7.5617692916509105,-1.3556520163761654,8.909323797925886,2.5793603750957317,-0.6032499220611172,-9.780143500264067,2.6640342931256598,-8.757295115241346,3.562064096150319,5.973162699840151,-7.416957509887823,-8.037530103906594,-5.748897192250144,4.431484779404762,-0.49829582584016485,-9.074186473356864,1.55455526753682,1.4868627339256868,-4.987708053339787,-4.704374070461883,7.207946064317873,2.8853741201889527,-6.127093551226883,0.8850047584262022,0.15044706110773376,-6.707763454137465,-7.701858843185425,-5.856149723806581,0.13499165981934347,-5.572546420410765,5.71410906247179,-9.559942920147734,1.722588206073839,-6.175365100410772,-4.430637350945304,8.214192161055376,-9.289838962223868,-6.248908006825371,0.459609311307446,9.661881496674503,8.735404300798926,7.625889757118877,-4.383750880851862,8.920415455959777,-0.6848797593278988,-7.630810618113495,-7.8016589910103225,-6.424523296302804,-3.2605700674227993,6.763219001053798,-9.778927004589505,-9.862573756381556,-5.533063122406938,-5.216535706769845,-0.34389017574629044,0.9427544560822518,-4.525166504773884,-7.844611815326581,5.677789368268801,-9.89171523525175,-2.8110400838846665,2.277519805330101,-1.1212336755783863,8.660749487135295,-1.7514306289411667,8.182224582048981,4.5169726568132855,-9.251648639245175,5.906369047364812,-1.340735018054593,4.759423981179891,-4.990547529727857,8.784441669414758,7.922518790365022,-7.866453618179046,7.935209827625492,-7.868598989610542,7.907853656621626,3.678884045871623,-8.231048143765381,3.3607578751985905,9.936449660982195,-1.228731160486804,-7.252121030258092,3.7562638218276234,-7.407590369030226,-9.359826596819733,-8.55151697077809,9.596874118812874,7.5778018761064985,-3.076750355432285,3.4545656011736803,2.4939325418702083,-9.423407090800369,-8.18482980869236,-8.727268766137026,-7.0363370887162695,-5.238583092230609,6.945982347418177,9.69747415257914,-6.739247721978058,-8.6461248844148,1.7804899846192672,-2.9892641219265954,-4.2198008662731805,-8.95996103722424,-7.8639276510148,-2.102202096844077,7.535666621077507,5.951464758906752,-8.546350547602366,6.976884120847963,-1.3530326789438192,-3.419758622555362,-3.86788450367548,0.5961473327438895,3.2460792600888695,7.0193393817321805,-9.947774814482315,5.7686072977069465,8.50167090444899,-2.826896856664847,7.295496679024165,1.8192124747203273,0.6774708057846865,6.6929511239832244,-0.701580955077354,7.008928693627983,2.336562409865209,-7.392272154547356,1.0061701835839987,-4.931355419216552,-1.0827695788508365,9.086499745770066,-3.1987982804064146,-8.351263040604815,8.516883994303125,-5.144834028793488,-9.967684148029935,4.141091248648825,8.35284956848286,2.6870488868461795,-8.041125564577552,-8.198544031466133,4.989447948618741,-3.621883575792946,6.9054895007444905,0.9767835064260328,7.464803790628352,-0.3553760923621887,3.1665670244530393,6.112700733348557,7.225701476770926,-1.6830623685594066,2.8180169508479285,1.8503689011331836,5.395290412739504,6.95643768423988,0.7442706289227967,-0.4496209069791952,-2.689203680006889,-7.660662422593871,-6.8933523976732936,-4.970366141274274,-2.1173510055686258,-0.6530706732303528,-1.9093454715468319,5.641813556354345,-1.4874831042875805,7.949358422273491,-2.8308284376818875,6.431746549771425,-5.939997553356426,1.1204474534202475,2.6429078599430973,-0.27899280412300165,8.96669760573959,6.636734410438947,-5.616209534477057,4.574236369421975,9.80796790653644,-9.26345032771789,-2.923697159676683,-9.750172620221466,6.2249663814474445,-5.843358132599878,-8.762858094436904,-8.30772473554416,3.9986051328453183,9.83985416180257,2.131730994593248,0.8267939545145016,-0.8995204493563325,-5.352496156788378,1.9300510478998838,7.5220169375279085,8.125667878229436,-5.935378596313273,1.2488736247760137,0.5195755584674284,7.897547494833155,2.5819095918528134,9.061824002517401,6.861354375063787,6.16876685120241,-9.43869700208948,-1.476848552842549,7.0076764695144504,-1.1641979539702483,7.126218551981381,-8.213967627049005,-5.990200019348649,0.8530388332246552,1.9991010836958019,-9.57555426606541,3.940818887988298,6.790160968318869,7.359538532575467,-9.308318732367724,-4.368685051823151,2.5397505245870526,-9.237830664827214,-5.785476530745941,-5.350600307375193,9.128184811343395,1.3073863984261553,-4.096117094229255,-3.4235520632778,3.365440698430074,-9.818361875397398,-1.766738151334323,-5.240024901782321,-3.2581216114826645,5.313419846101093,9.296760862595331,-8.9413082666825,7.47752592192937,2.5115808060934146,-7.477697744985196,4.43136865805007,-4.731397270814659,0.757003768617837,1.5887834697568248,0.36015766787095416,-2.9344282502241565,0.6388663175464426,6.741613904381506,4.957930462759165,6.199764479443331,9.14960706253758,6.544303992833768,1.4841148822716086,2.0715742041080194,6.150805686168773,7.823882166889682,-6.950712374585317,-8.235974420242982,-0.18126657098962262,2.506841919733514,1.3012134207879136,1.2197042526537025,-2.2358271807916292,-3.8987166234745985,4.938943485812036,-2.868938921172644,-4.807252512807767,-6.154261530100607,-0.970466928445191,-0.24836322214905238,3.020294596150885,-2.0971481125302667,-5.27110601443267,-2.747852344035868,4.579678385708307,-2.7649691585205316,2.154996937989452,7.614353787817276,6.051816164176657,-9.992503948128483,5.110945596925392,-2.8862664701345153,0.38620916847885667,-9.983898743049547,-7.438082553042826,9.083190253572731,-9.633894160450179,0.6874188521193538,-8.106454270069873,-9.810646071495185,-8.054060077601742,7.579597810493052,-1.8964844351620656,7.514215437929668,4.147046819426851,-1.0886483104146354,-5.823394542017322,-4.536583552256688,7.80393063979443,-4.928398989388265,-3.5599930218925753,-5.97799269134871,0.957306121383608,1.542819369967269,-9.508994242434316,5.96116649536058,5.4913553748483945,3.6797478877566707,-7.52248064093701,8.557996050289422,-6.746891047012909,-3.49193715818231,-2.3298128678605767,-0.8932491419183624,5.321311385149027,1.8394632605563928,6.007552428202882,6.0584548963685805,-0.7080699474187746,-7.671839056138516,-0.008234818528137566,-9.140762398908368,-9.143045388126655,-6.288019414203543,-8.325394406634356,-4.445109557589506,9.239048347906419,-1.137099035544713,1.8314662595359277,5.231597762439282,-5.7399972195561055,1.5374543745144127,7.3626977822570545,-1.0561140902907376,6.691263268823299,-7.918202443488767,-0.24646342193950588,0.4325884556766262,-7.807815496119163,-0.10025321105255713,-9.167533701767221,-1.10526457844783,-7.928564909870559,5.150857181146522,7.1834563957402295,-2.5601787455099023,7.057196785748868,-2.595155522143555,-6.183922134001014,6.02557675228114,4.9576539817122,6.83106351277187,-9.56257108345505,-6.6389457198107955,1.454860682648384,6.256320896637398,-4.527042379140324,0.9594815974107629,-0.22587158264974327,-3.5820119489820312,4.567204449429303,-8.6739551346085,5.971668814021934,-1.1067960172755065,0.7787679395328428,-3.710372772758306,7.7028739159536315,-8.232195017997817,8.285005050360024,3.9074094153732197,4.551912654135657,-8.052863842678558,0.0781411190707626,-0.17074001511923242,2.104838343903083,5.301513468774825,-8.078433517192838,0.6477408749116158,-2.8659864226007015,0.4315740133903656,5.437501414830576,-2.610694342727742,6.218584600764306,1.180361142355867,8.416473892932615,-2.2014140619299516,9.662440847777674,4.655213928972529,-4.581346505318056,8.10147313346111,-9.065255611003995,1.0669856539844087,-9.131904993518852,-8.616868794941077,6.47765436001222,6.860916388356866,0.8252588095016478,6.829060957569304,8.852519535242084,-6.624320475402583,0.44753384744224967,-1.1860327734860672,5.884477571277227,8.943522602740785,1.3959805611089404,3.0546905156711475,3.6018990100585917,-6.019630653650276,-6.670391052276223,4.500912339808545,-1.3653278356903762,-0.24035123642804201,2.501659148177705,3.6899623658463447,-8.204208229782031,-7.44923546107213,-6.616842247519705,1.6704005590781161,-7.376806366745827,5.705604926161051,0.3636369897872207,-5.533963210987554,-4.11371016374261,9.936041323887821,1.6958897494273568,8.812337024487011,-7.276089317026573,-3.050614635102999,-9.269730675277913,8.221669869708649,4.3576342178623655,8.262249170130922,6.815083766114892,2.619875756515359,-9.340055478001496,-8.116257102858027,0.3955399683441545,-5.843822143112085,0.7143668627987072,1.2324743712603485,-5.392189322799979,1.2956946435946932,8.472920818278062,-1.1817042511872522,9.063463545695697,-5.9688516488019765,3.9256180308478843,-7.875532482355878,-0.9719593418735712,5.3339566323542975,3.948646544876336,1.2340696557332205,-5.174640004920141,-0.21773315415179084,0.1117815808041751,-2.473524579366475,-3.648621452517573,-3.215861570404071,4.98245813327911,8.705600188626484,-9.39335780141507,-7.5663400249104935,1.4903097619110444,-6.722069381173359,-1.7407871761332068,-8.368174700526138,7.74308218603111,-2.1233172369647457,0.2271057213970007,0.8045838201663393,6.504368864672852,0.4466948354922806,2.937903460357983,-5.853491223207445,8.42403253582625,-5.442904856782813,-9.988565366039099,-6.976486160428381,-0.9922923693311976,8.298232847506736,7.929767269406643,-4.355258988667581,1.4035191852758793,8.582335203319367,-9.294488880888682,-0.2386994854494322,7.728376998006475,1.674781965584895,7.920259585431609,-8.973079686173946,7.193641517413699,8.186809531843434,-0.5751092260342094,-2.706057621424973,7.95682080736896,8.558178332050982,4.368584686768086,5.396469869801761,3.5237573657981187,-0.4486151078086298,7.5099010951070895,7.027522328327493,-1.13986265753298,8.192222526857261,6.791368489885553,-3.8033684882382417,-9.589413673109249,2.9809400205220307,0.09267817094943176,-0.8445093927124923,1.7018919398164112,-6.858877612174911,9.9179789919121,-7.357937299026139,3.883467729352624,-2.9104529756001307,-4.873790000488746,-2.6246268450651344,-5.337089855099995,1.4319651626224843,4.098328319687186,-9.26288197856975,7.533102838458806,8.525668618002339,-3.214736896289077,-3.0492093923370884,-2.959591993111445,-0.12988986638692346,-3.2929290851861897,-6.506137402731412,4.371084501449175,-1.4555562842140581,-5.9993121570586965,3.5253046464338755,1.095504279640501,-3.904536051747513,9.420984540691546,1.8793712497892798,6.107618080566617,-2.025129136784088,7.437157812070339,9.197365068105238,6.094427441488477,-6.142756874864848,0.9190816590747257,6.112263027502568,-5.358941451139925,5.818239040544055,-1.9306439572355671,8.83217756695085,8.873900246302238,7.303203676291922,1.9956046877321327,4.901760131592024,-9.168762649542446,-4.7126692958986744,-5.950541890769243,0.7820977440674142,-3.861551933948828,-7.11556787979662,2.290329871901008,-8.051536954476559,1.8805627446279942,-6.0102260118947815,2.8025219782446786,7.444373403953282,2.948116704200263,-6.836745781028217,-1.085163532495697,-9.689582314792037,2.620042002527379,-6.108170010117025,-5.1427879813251405,8.496294832577924,7.322439638663067,-6.964233274882632,7.813730765554048,7.1338410310618485,-3.0085876452915317,-0.6736483747592743,-5.755489262797882,1.9185815603627603,-6.702814515343074,5.865908244642073,-0.03905065329677093,-5.898760110625146,7.729352371121646,-2.7317737630875616,8.31024404027216,-1.7505746331110643,-3.6692265963319803,-6.52533237153002,-2.8534249518393224,4.730818395144711,7.9088037778297675,-2.107573938759386,3.2290567820637897,-5.115129819248148,1.2792478825339835,2.9452848331416526,-3.2905994341007183,-6.998642170664995,1.8519410114430794,-8.540148867509709,-8.27315661414126,0.6466398910177773,-3.7239185809880375,2.7857955102707166,5.5217894620184005,6.216945359093771,-6.027030029199656,1.249786788645448,-7.3535099700928575,0.6220577910487322,5.3087658536995,4.033998601708944,0.47071778650017215,-6.80829528654481,-7.7941410682783685,-6.477457002753191,-5.793968840003774,-9.6978277751391,-0.051861674756787934,-7.863880518069508,0.4314557824864771,-2.6146215296544124,5.105915767888511,-4.317165812306596,-5.952797422658951,-3.8688127771947496,7.333098378491485,9.276846064431755,-8.219327214436412,-4.230426105443909,1.8569631727973945,-3.8966155656782986,5.507134333582135,2.8733814647158358,2.6291014092558314,-1.0734132007396457,0.4413498592500673,6.803083923716283,-5.118629237767321,-1.1146972608373602,-7.815624264274903,-7.173587581781127,-0.981984964891339,1.0912034611093784,6.669391578269931,0.9610768717430531,4.386521988933591,7.84467367682462,3.9575393448785174,-9.77109640527855,2.060390087887944,-8.426575762505038,5.492227447849679,-4.17867736645638,4.388305107020825,-3.3940612959086636,7.371021890198893,-8.765734341355111,-3.8583568582370624,4.948837338886893,3.9086509823668987,-3.3451510460868805,-1.2327758421782242,-9.465754515236373,-3.4549255221175006,-0.5205602679523125,8.49948372867193,-4.835630404219651,0.1544310397448978,8.242522179019726,-4.764723378466062,9.609137307691963,1.6893087683233432,-5.522961208917099,1.4000047542513734,5.880216859163262,6.456152969341613,-7.611150005694764,7.394139358535018,-8.601122338170446,-6.490430059787531,1.9677652049981411,-7.223572780144247,-2.0341844763804495,-4.626930513150514,-5.393765678230835,8.459372128660373,8.671393093191153,7.666828128096029,-8.208207111435382,3.919533093684386,4.133911421846474,-4.0841161207289645,-9.721216906502699,9.404419102668744,-4.616678270850034,-7.886419598647992,2.61508512438766,-3.0243553500581433,-5.303634901428755,-3.842299959174003,2.6147150746346526,1.8544972545915002,2.750562219943875,-9.03808582896157,5.140592330251934,-2.2725633591864707,4.371235889367975,9.325081187590285,-2.7979685246555164,9.800391264785084,1.403022566389227,8.597618793678123,7.231707729883855,-6.069229320503937,8.362902442862577,3.7334242259087436,7.261936482962167,-1.5478742540062225,2.424244127693271,-7.6766991096375055,-3.898537047964181,-6.305640571109357,-0.9623834403005986,2.823691031816116,4.800613499918985,-0.24666178384983262,-7.285346476922565,1.9570289611121368,-4.250773330027478,2.92312489435721,5.566972006667239,-7.90147377839868,-5.0827343236448375,9.037177815615884,-2.1482476277367324,-4.472205115200623,0.09757956866875617,4.35667761021376,-4.165367837874092,4.20027532909309,9.924913690556838,8.964119846032649,2.363327788765023,-8.528034791344465,-8.737087678097275,3.0381617403815753,-9.87692371958252,2.922790674488155,8.235391165401001,-5.247454756757463,8.023269536757958,-7.318563894600095,7.300063464820475,-9.712308685600206,-7.299192844317945,-3.01480023114949,-6.913957049751353,-0.347686659306083,-7.585625837388774,4.527022608288856,3.338090750349652,7.568223970725182,-8.707528610447543,-0.26821299847332014,2.6744337940382916,2.4827372369133656,8.577424838219471,-6.20713786968524,-7.816729086669547,-5.5042875483733456,-9.666617682306917,5.063120876390542,5.81042906796786,2.162474697599894,0.9889843000121505,7.216119332702412,-0.018876191466198122,-3.8408005676652763,0.43246205732601695,-5.124524543071254,0.42448471633808005,-8.825875786905211,8.188694470078229,-3.1265068589693517,5.447600500586741,-0.8548109419337209,-8.96038018891409,6.828474708832996,-7.834147746983906,6.808505700255271,9.138161420675278,2.5612357214564145,5.03344171962935,7.914357424910214,8.436908862592524,-8.437388809759511,2.737172056221013,3.086036312487227,9.671002423152384,8.266561012655384,-6.100079624650556,0.3954539197218665,-1.7744184088463264,8.139331696084714,-9.274526545528703,-3.019814203879669,-9.197965663293093,4.163648382481611,8.776475951854007,3.1037050615238737,-2.6760129488996416,4.343215954195976,-7.546599872437767,-2.6562925966231843,-4.639908953242489,-4.764465841219154,-1.4004498607485374,1.3700427580460115,-1.4366228876908878,6.140653881374412,-1.6827507886109654,1.5355424554298214,8.572916384122827,-6.279559241057877,7.945083547415827,3.999068825570358,-3.971288515678218,1.6328972620167974,-4.398578373301369,6.543945589270869,-8.578907118906242,5.927729611443313,1.3649450879051415,9.164257309910024,8.692376079229998,-2.081338982967658,-0.005019344000876558,-5.383423835608429,0.6826169248302882,-2.356612888321834,-2.8330261840960276,-2.8101611706821643,8.504066569836993,6.177470267414776,-7.8031558975914095,-7.5099810118321315,-5.8558509007828015,-4.134668823302188,-8.154934211657238,5.516984477501687,3.0141206780457104,8.770870394074045,-4.977364609263876,-3.1194109410415383,4.488302570534934,4.685303756200128,-7.211839994329409,-5.861858082059812,-7.3701294227455545,6.847905058791859,-9.32905918790019,-1.4883727056451583,0.5490678986138917,1.035492503102688,-4.9273546421739844,-3.0264350538237466,-9.680390596183537,-6.25456118778879,0.794608124404073,3.950017028804405,4.61021423507751,1.512181424073999,1.4997751060626658,3.953680168013607,-8.284971207584801,6.575598165425287,-0.75284080090427,-3.666958568610996,6.32927036601599,1.0362394119026153,-1.6140487828476484,4.452774428891292,-2.0827214538963386,-7.404130486900473,1.417902473967505,8.408487890123265,-8.864891610982838,9.482467880984636,-6.426062413892037,8.030162064627206,3.4023727165860667,-8.600746227290637,-5.039102186465598,-2.1096918692571283,-2.7490406764842206,3.11750589507281,1.400803670069715,6.513902764224895,-0.4257896950951796,5.5754726974876,3.208885217328083,-9.090491089165699,-6.451549703399477,6.707099070022295,-9.04980682059578,-6.417419394932007,-9.226976703104338,0.3273711897912186,4.173722213324847,9.803970312910934,-9.942771349421829,-9.942087508841961,9.69670502150003,-8.85728139769897,-3.9443583620813243,0.18001056623121237,0.11487966193134369,-7.009110621728103,-0.03287632234684601,6.073419670965009,-2.86128171698749,7.323771854717339,-1.231867086071972,-3.1953168488260397,-5.80288518382906,-3.082906748002136,0.3543540475253426,-4.959883807414281,4.538495465005596,-0.9197007129731531,4.524949072880132,-7.423369863567713,-8.202998648746195,-3.575829032820108,0.21279683215645662,-6.715925530048259,-6.076737371710803,5.2699284112828515,-9.092751381590796,-9.093211615308155,7.122722873693487,-0.19686664418357047,-7.594198945746378,-3.6506417410580205,-2.9408259478469905,9.744685466551847,-0.14064762401038067,-9.420940082544169,0.05150226509858591,2.570084799024535,7.589924886958322,-3.911402401737405,-5.586440794941909,8.27391700459717,-0.2185262281856204,1.513901718202808,3.638280309908472,-5.803545539713291,-4.949778685803839,5.9325429465739905,9.547387526713763,-8.464415172779507,-8.356672989655642,0.2022903154777147,2.5499554366817083,7.377566325057568,6.833817347653326,3.9235232889760105,4.056373347471903,1.8139331405751093,-6.874676406778288,3.6840344052643594,0.1296933544380927,-8.104483581794614,0.46364223167464047,8.846325486204417,-0.8507993125736846,5.687553706948233,-6.436476402766596,9.251559769033712,4.0863617126241,-7.12880162141057,9.057621616536945,-1.1788457102943397,4.577772827637219,4.455682382045307,3.136353410754449,5.64467133479344,-8.71754516708444,-6.251602212632205,7.609617361066107,1.1325007119700388,-5.880647163898656,4.389402275977595,-4.50153382942762,-7.039181869807258,-2.0025159654279108,-5.651265660080618,-5.799084233383933,0.14048340288240801,-3.383236664803766,6.450450837731935,7.004267007832652,-1.292598464754498,8.744324521060047,8.283469356380934,2.3868963624710826,2.230849475974381,8.623765726732227,-6.168196088387901,7.188270730434546,-2.0422357506169275,-2.581936748684221,-3.126423092145137,-7.3913111134063625,0.6153845006741534,1.3844068316228828,-2.9237894274323732,3.661345685758807,5.909477729084918,1.4376285930756474,7.99670634568924,-4.891785656227037,-7.547942859177182,-5.329340859351159,-3.9981329487212935,7.343309847398125,-1.3931404754769598,-1.6391174250528824,0.7223499609301811,-0.6165763178510879,-1.2517655987669087,9.190612891690403,-8.9761336043833,-1.5676880832191227,-9.844567828179972,-8.151119604432049,-1.6645158233301505,1.382496449681458,2.5427836636035472,1.2827253928622326,9.683781040242078,3.7537337408863216,-6.714678675195698,0.2205400835926845,-6.891072106591192,-1.4670043458235114,8.676742872169022,1.5188560574826546,-5.990307721410759,7.302288379024919,-2.793608271688244,3.213670135436857,-9.427615826731842,8.395505268326417,-0.12206903659079416,-7.871188084301862,-9.574342105928276,-5.066780400689497,-2.7624548886618765,-4.8872989617626095,-3.7291075230044974,-9.366149570759088,8.501397749445964,-3.5845909673123844,-8.571735630214608,-6.377096348986835,-9.714747713875859,-9.073634605015133,-9.310249931453347,-0.7529413240703491,-0.12589757309132743,-9.833958794788042,-6.973574749112837,1.48627730162376,-8.04362700340943,6.62449282776344,3.900071637706546,-2.125268062703409,-1.4280561865781145,1.8084587533657697,3.8077841267540613,-2.8704067605627444,8.595666417619132,6.799490604733922,-0.6873182721827931,-2.678877650528282,9.223549875053973,3.4729428636596147,-1.9121554102014375,-0.6726669596200168,-7.663875548529644,-8.475335203005683,9.830885113867062,8.619499857149439,1.9526262458387027,1.9830191780992728,2.448567038103622,8.079459187612514,-7.536411670888397,9.46432229046874,-4.442704413981112,2.9020944480154576,-1.4781393857105467,-6.6226770932953,6.12837881122525,-9.507470864402997,4.310518462450732,-7.521078280885081,1.5923425369308237,2.872021529343545,-3.3839718375243084,-3.0981550873008086,-5.828903952720925,2.501637823372091,2.4591538577815903,-3.934716195965187,-7.1180762294508915,4.1988201017033,8.583222128797075,9.810767454671986,2.223167094205003,-6.2823867447265975,4.998208649205701,-9.511347426674682,-5.219051545852964,1.8705037543111391,-0.7077835987994412,-8.156544641136527,6.283499189697963,3.6984582677188893,6.981830121197859,-5.356552539653643,-1.1357768065726166,7.093684301218577,-9.220293415295401,4.38635936356885,-6.785780435437401,5.374651886314288,5.511167547363613,-4.037406726436128,9.500560440987567,3.6510167213037477,-4.150154025737347,4.59775201918953,-4.277314374128962,3.6015552829907644,6.932522816671401,2.3264576694541272,7.215002195278441,-3.8695969312881573,9.608614924911208,-3.2822807663907554,7.291066583569517,-9.100176534314475,-3.8115474827826246,3.6922316202908156,4.348000282166549,1.0103261601843911,6.794930798762422,2.236885683786511,4.674924945921701,-8.823729172475547,-8.468160420039295,-4.519318924762404,8.571532006045352,-4.060225004935509,4.587546004480936,-1.7959477934828545,7.721545411188309,1.1985411816851474,-7.121877704812194,3.988143359385459,-0.27654600000670015,5.357465207877546,-5.857466111235046,1.456523419060007,-7.455771140685772,7.325924921404436,0.3559898836758322,4.0196184908927535,-4.707613338646041,-6.284443357616906,8.90947529687353,-9.71673273125477,-0.25296864482986514,3.326064082587571,-7.193885391142405,-0.30002858426432866,-6.382223674520835,6.891342539635495,6.223695922603341,-3.4616235313199795,-8.774097949090455,5.411257932853548,2.8629690629932263,-8.548805533560165,-9.501436449401389,-8.533129878692165,-6.582961249084606,-9.9881147375725,-8.010278838194647,-4.987021808844585,9.812492949419443,2.72644445598916,-5.431569944385448,6.067453248445723,-1.0949972526622993,-9.518847027991999,6.808998556837015,-1.7431436124736415,5.016204030411506,-3.191009793733861,-0.5177669325955225,3.485184425914195,-0.5073896817396228,-4.491635138886709,-1.8133308845099911,-2.7193344812383735,-6.847339525982406,2.045878472417627,-5.73763564235154,7.512292143469473,5.78374161497532,-4.881920887904789,-1.5286083412792664,-7.835358740277687,2.052102598091654,8.62060540671181,-8.971183700629588,-1.4734175499889055,6.242140571900425,-0.12549277847224616,-4.064288587576965,-0.6382957165873613,-1.830958726192728,-1.7316328321681969,7.098455924525815,8.415660746559809,1.477880351803769,3.7799830955222156,-5.246035379886713,0.491905161778865,3.8046054922296975,6.791892953099289,-3.976072195100331,2.607897415486125,-8.30046623996383,9.306579992743277,0.016065893803387965,-2.729869148446136,-8.222672554838816,-0.3338594975778122,4.706859485206678,3.4511219293332864,-2.486826996284064,-3.315400619569342,0.7254255584618878,7.608144644611507,-7.641157308570206,-0.2697571794105169,2.552145916403818,6.205557211684937,6.038578162064443,2.3276776692649204,4.1561139725396945,2.826656758563402,6.801440109257047,-9.17736955305854,-5.085642543670086,-3.5621554831205167,5.960446497173454,-7.793851433950614,3.8868476427951855,7.465156709568447,3.5685703282211634,4.480203293924474,-1.900534831225535,-6.829564409676907,2.8510648964524616,8.537022502693418,-1.2317532917679195,8.702396240456096,1.4484141000479145,-1.769630793161701,8.757468761589497,1.8450616278079401,-1.6232734648078342,4.884497462184365,3.2195635899810604,6.419493420281967,-6.40014538917284,9.546271720074813,-1.2409154340093558,-2.696967914820072,4.061571029121474,6.6510622402940704,6.385181756643018,9.985193396591065,-1.8200830332404134,-5.359225171891257,-9.802568500747412,9.238614675074647,1.42776969550013,-9.04201912066394,-8.262115336770837,-7.648591859750756,-1.3054979433094118,-7.552006172765873,-9.536183441588788,3.144501595692123,4.940677158120856,3.840670692985224,-7.286269359136693,4.093992432192346,-7.029656259732679,1.948106095145075,8.90844278879349,9.560709726289105,-6.243330777365552,9.57609789079262,-4.961008591245745,0.9435712294608258,0.7096287741075091,3.6882218074808044,-9.304984650964998,7.248098929109169,8.315203278117792,8.158673031331624,2.0631834068754635,6.441667048306254,-9.898560089030052,-2.517413369117854,3.761536178275712,8.693401797254829,-5.443719621257728,5.899363925113441,-8.54795980748383,-7.393923539227069,-3.1332209356597485,-2.750487530462877,2.182743601576945,8.338935151906067,-9.951279159345884,-2.8694025874267703,-0.9265129445794038,-5.271582267791666,-2.8121199784060202,8.970377610382187,-7.712642426447081,0.32626103850513566,6.208150937043094,-9.993614448612217,6.225408997076546,4.223948229025076,-5.1010660398293695,0.8815238524707762,-8.989706508061312,5.630657482587939,3.7411327412247424,8.202972608471107,-7.869846866124002,-5.765336882033263,-0.07080721677072788,-4.357315326841434,-6.922672073003913,-3.14193621472554,-3.8984987409990213,-9.516350213201486,0.011414723728560006,5.717811659923358,-8.616446146472486,-5.91421488966062,9.324864675321209,-5.357058890028117,9.16807719725525,-3.0013928821739526,-6.066652363778376,-5.090060051148326,-9.211404975958848,9.932297172742452,4.0985579226893485,-7.662791001400833,-3.840459871223196,2.4517681070814117,-2.473503569538826,-5.157673273172736,1.0149927335087856,-8.609188483305948,-7.2849106560360255,-5.419960535079542,9.328735755030152,-3.3144555630386314,-2.08018642863445,9.664635301885294,4.836367225006487,-4.397433145852975,-0.5983815219881468,-9.57475346069299,-1.3330977421398202,-9.959089894266812,-6.588997465162489,6.259014721637193,-0.539857478473083,5.629528532653156,5.332613688825063,1.1401449904054761,4.505726133889025,-8.957012609849201,-0.3902226525323833,2.920912005819167,3.9162805420667652,7.800354535595492,-5.258919432513065,-8.026456518451738,9.465272938202595,-7.459391337814991,-8.864852879508154,1.3923653687114008,6.435709673973726,9.426726472670158,3.196710685241671,1.1361169448630282,9.771491351412603,-1.6827146460041025,9.233462512411496,7.831325605405773,-7.449148619980644,5.819290876718233,-5.702630896905863,-7.328598441739446,-4.786365333092844,-6.335597208966659,0.11491556205854359,2.4773933569194835,-0.1210328476680349,0.08050079828341339,-1.2197457826363127,5.646720883821057,9.080600825710434,-4.7544422984375085,4.92441224636595,3.234841647429157,1.580606358782326,-4.961886987177477,4.682166622710044,-1.3763541165116315,1.3200826462367772,-3.733167038592862,-3.8313826904489208,9.110042059974237,2.47014701400445,6.8891075981788035,-6.300229970125817,4.1666358526167215,0.26483012506872683,1.8500841677190891,5.088128935582187,7.804054880733922,2.533675632223014,-8.499438785496986,-9.90627533673522,7.1875782888489255,-0.45313775466967066,-0.9350888390699108,-9.590294649893583,-0.1588428366810941,-8.800465684910124,-9.035921535766157,0.9030125467756616,-9.776170081571717,3.0767438501440516,-4.36800111825937,-3.872817181365315,-1.3367945641953956,-3.17735414300121,-3.412446662646513,-0.6795408421586231,9.783217917813719,5.6381140900490205,7.9054567324187595,3.7634633664749835,-8.562735299257927,8.970953342524613,-1.517462468479689,0.4420078702806922,0.06992131564740767,0.08581864250235682,-3.4155016379173535,-7.139902204471813,-9.42007640270594,-4.981283391062754,2.167758236351604,8.47809739349045,-8.442602660061159,-6.49143499076038,-5.588583487514633,6.023810485249911,7.87035901633552,-5.613214366041646,-9.482087884723313,8.138109420926583,-6.287024847000913,-0.2235210113604058,-2.5780572092848715,-9.768408906198736,-5.424133153787096,8.527688971536698,6.6136500613399605,-1.078395208527052,9.315328870832243,-2.4050879696318646,5.681214409376382,2.885360973956404,9.509189573984813,9.66773106108294,-3.8723376887532,2.144807308370103,-6.464305626438431,-3.948743041656046,-0.9480396892250891,-3.971570817308945,3.6180194022906758,8.1389767496707,-7.8514698168484065,2.961290980431956,-9.390314108447592,9.945800707221377,-7.661369650487593,-4.605870966072841,-5.180654439722181,-7.589005274187192,2.971919541440755,-8.886737790319224,7.455430492166176,4.077440237185943,-8.93841116792144,2.372937625881244,-6.8196665238084435,-9.638612213200874,4.288898663219541,8.902568636480169,5.934238188259776,1.8876141621447253,-9.433169019990995,6.070940723009453,5.990471778778588,7.402400900172054,1.008715727204379,3.3849244957848708,-4.094644595793191,7.276379698327357,-1.5178965568606095,3.325980489873162,-3.020189145672383,-6.852141473804232,2.383992345491153,-5.027090998865152,3.480007827025757,-0.5022181829753691,-1.5559070268530313,5.773614236901977,1.4942880163833543,-8.428156170297726,7.707758503816912,-0.3110977939610109,9.393256362400244,-7.742834720982755,8.675121508766207,6.2969329314858555,-0.5231791045477951,8.281588714388576,-7.8473092547067065,-0.8457274623711246,7.484241395386206,-1.5962096696443222,8.080713047999293,6.135396861039034,-5.757670562368682,-5.531745531819901,-4.946996403793456,-1.7089468172693234,-6.187536939919413,5.405238850642224,-0.19236247273045137,2.861373487121714,8.61330157278833,-7.741467324460929,0.5261243188822835,-0.40659008694462884,-1.2139617879754656,0.7259086597664837,2.7746756479718844,-1.4612409960421644,-9.295718385563951,3.410060169740067,-6.118837961676924,-5.8169969480365635,-4.813898659887141,9.692279913113442,-5.919973001813091,-7.283291691190319,2.533520178845997,7.385828764712908,-3.7547268017153073,-6.030047298288876,7.266464010196081,3.3550253924946905,1.379684948723094,-8.404843499034042,9.242066840539941,9.453943618911765,7.185217587444715,6.2592195125772605,1.859217035440352,-3.1045840614992386,1.30500404495473,0.5320665768161543,-4.266856080608754,-7.017980197025542,0.19688789302461274,-6.815020634626297,-2.6461348946627794,-1.1135046462594484,4.753414464712922,-4.837634953650099,-0.0795946029121204,3.854564229563614,4.8588569117829845,-7.327883479075781,-5.316316857242864,9.220431365426599,5.7143981185182575,6.236638405402797,8.800770438686172,6.042755300257166,-1.823800096429128,-4.341568642204379,-1.7015386323823236,-5.621855612812789,3.575559444438001,0.07011741508559588,-7.334550023045365,-1.139942400921015,2.5903001426101255,-1.324452938067573,-2.9893352888833125,2.8617326607174967,-0.6961078780803103,9.071565058618006,-7.575920611481919,2.3777082593845833,8.950656551828839,-5.777146982333843,9.198034066994598,1.1074274794335714,6.02468478365131,-7.912362693971675,-9.5708954846457,-6.433919973124851,-0.586290029559704,9.252771610820488,-9.973161005066942,-9.004537355885516,6.461987961068697,4.684976023893697,-5.248574187634842,-7.611914738919534,-3.8581143808990603,3.562176445607845,8.193263912795949,-2.8685647225421684,-2.969255412090586,0.7630994642882971,-0.6167212835400964,-8.525303309914893,-4.859412018102911,-3.9090989495454114,-4.475092185045093,-1.8056843759410395,8.118026425754,8.793628884053387,6.079599630546486,-0.6895534462794224,2.530932528680305,-5.6072481737864655,4.8957435496364266,0.47729277522580915,-5.70577636013327,1.0412384577578297,2.351681060345152,-6.429115842758819,7.305290082254842,-3.982023247579356,9.155890055254261,5.887047909473075,-0.04953100092206064,-0.6744534058760543,-9.450279668813469,-7.550455064633974,5.31623957738535,8.560035885481298,-4.694957631623007,1.737837212412023,7.405977225138379,-1.2832465390894257,5.663357406010022,-7.762346644104053,-9.542673516638821,-0.3349104150013904,-2.223966684481942,2.9679079389149514,3.1879768591758584,-5.566141071008726,9.933682215122882,-3.751415425510003,-4.634985780317713,7.2278586881271245,9.913464206226369,-8.289384722301183,6.659093325573654,-0.7166372867232607,8.664662543702544,9.91478856792535,-6.331736990527668,8.056856267158388,-8.076695211091685,0.8709166022017101,9.544131730234998,2.887459153308612,-3.6392506892595033,7.3357934587228755,-4.256709538189329,2.4234128501790195,1.1922716499252317,6.4766578790109826,-2.126485375641667,1.9398309029877794,4.235345424510484,-7.241672502366314,3.4808698468669945,7.5856781672206814,-1.0492085064660657,-5.225939893333884,4.0656692693850225,8.096653757510268,-8.422680756577904,1.73630058629562,3.7721321411256987,-4.031327592145617,-2.786093460758017,5.390409687248038,4.75423700591589,9.817262151615957,9.895376507213843,8.039158958672203,5.527284120230929,-0.7514380477066513,-1.9393531190061744,5.152814065720319,5.765246390917058,9.533113715837999,7.710882132831248,-1.9511863920938648,-6.598882976444158,6.568087673029076,8.908150892550633,4.525871723044741,-7.974086961692512,-4.296847529481205,5.337993747252153,1.030379114670147,-4.345731609174539,0.3467086110502997,2.7939947294002074,6.481841643882653,-5.089913250175702,-8.541402784747136,6.33413067742665,-8.095163549441756,1.813420218822328,-0.9826362030658231,-0.4057067571385389,-1.6265662436520607,-5.284180073651232,-5.555504989737454,5.630280684590463,5.6610621990570245,3.650031712236153,4.189501753649168,-6.78966743992971,0.4168123867920688,-7.372386268358644,7.270901765313273,-0.4826161821080923,4.595929028087282,4.615543201502003,6.076057507927665,-7.194779283848329,4.061931212319463,-1.878885617140707,5.359251897005649,2.7871158970661103,6.794041021714932,4.398016406935895,7.188160349143708,-5.464115767254332,-9.96774217515769,-1.6934077554187148,5.602335695054322,7.509592134625869,7.0382533675853445,8.026123327737857,-7.063262084670812,4.5717137147290465,-7.44214974650478,-2.7515555395054303,8.5644843871602,-5.691905024948126,7.992049597506437,7.801225477158869,-8.694230975675495,-1.0232175872883804,-7.349183263099008,5.294208317193416,1.2065956998418805,9.24936235799192,-2.310060679979018,8.941992162896128,6.262050296627628,6.170367092331922,1.9304880507682292,-8.51887987583002,-9.931468251609353,-8.326263011191648,9.588801581932806,-1.877948973107113,3.9932015022960634,-2.3989822244058256,-0.21681175543544384,1.1881205358971396,2.449529811243014,7.734962997672572,7.846688923110868,-4.022400596348474,-4.624631130579473,-0.5693315948409854,1.2601843554752499,-1.3706155928317258,0.8619846015538428,1.4443621097960957,9.728783323614866,6.541888963810951,-9.76798938448386,5.950674826863612,-3.392157173320558,0.05723639033134731,-9.256757981882519,2.5830966497773726,-3.4926716956634856,-6.6742426571576985,-8.914351147353843,-0.8553535835780668,8.687265030669366,1.654457620779743,-8.54328206036463,9.037261937623406,4.89542419630858,0.7398325171893845,-0.11062170050325726,-5.491131874581308,0.18121837124117413,1.0454769067796832,3.443163897507409,2.852775778278547,-4.054878861810636,6.2509042489630495,8.027469725097863,-2.747517552269601,-2.8396912014440057,9.28065395987344,0.11734407325507412,-5.027807786313117,-9.806413421499695,0.563922803852785,3.3610214693966523,-6.25935634874812,-8.650260939225053,3.4965660684420268,-9.927145940503062,-4.656201930101915,-1.8780602767296077,-4.010292449415145,-4.248120250097296,-7.7282642292822175,-2.999433919316794,-0.5034747116416227,5.70802066102528,-0.7128572797965855,-4.9634643365135656,5.313909343325074,-3.379496655828076,-6.7561029862971544,-2.3554296804180463,2.337157896607817,-2.685674988586153,8.498259204550266,-5.67580686237243,-4.855799532589291,1.2825144960662023,-3.656904794911342,8.036876756830491,5.486218165679173,-8.578986956644549,-7.3487836214112985,-8.152306706808494,-8.383587421306594,-6.507875840559327,3.682133870100536,3.9616950451568194,-6.83568521443995,7.650078622061972,0.8050111506435691,-2.3949260477422634,3.1203875256855884,6.74803347348929,3.74869216297002,1.040345675220884,-1.7292436699605034,-9.862353834601167,-4.133712852258924,-5.357624093600832,9.132862885940053,2.122651873902509,-7.213018037553407,-4.327214012775689,8.497965990662294,6.13493446814207,6.9613517713661,2.6073395075337267,-7.215324751562595,2.670017630969955,1.9572801363783512,4.678972309032803,-6.754845788281692,9.37195194605475,-8.501330002169304,7.729019002836491,-2.8118316796179865,-2.8378133249406767,7.388844670739058,-8.634188293316177,3.278846654000642,0.973043263910899,-2.0902268457468782,8.777566299662261,-3.190932706146395,3.54580360451261,0.07941298234459815,-9.010670420881691,4.829026837291883,0.9920978619050835,7.82300357420479,-7.031187702946545,-3.5798574151678135,-6.631075173849686,7.816742118346088,3.0150986098786188,-7.496739702269874,5.186939559620837,-8.151328682727971,5.40792227869634,6.262776731650103,-0.22285306472650035,2.265909480907167,-8.789430934074234,0.8222497760981096,3.102542234941394,-8.251410143513496,-3.927182675426053,-7.493983031739571,7.2995804867247145,-7.5482343131873435,0.6630392198447481,6.014484898360855,4.417454166754611,-3.069873181464205,7.494248100217526,8.309771441159004,1.5714878493268554,-1.2613591100947037,4.042742475741726,5.143004637319574,-7.3312904927500355,6.68572231402327,7.067927178485263,0.588338228494468,-1.5758173018733288,-5.656549304248548,-9.499540102076223,3.8905937959869448,-9.854171671755621,-6.3837322834080545,9.120226728852124,-2.7523769818359467,0.40696509060839503,-3.8747426254140986,-6.5701357201266415,9.76701948392381,-9.616228274787375,3.428289852428538,1.2806656258583011,3.6882441884637114,1.3081164779592953,-0.6962496911805509,-0.7323386844373836,8.2175808724976,1.1363830026167854,-2.3799892255955353,-7.707929093971037,7.197370609048377,1.3715750125348674,-0.5552184637603013,-1.7596289630595745,2.43721316835817,-5.442548816302475,3.5824785534889756,-1.026392823855204,6.69863882517053,7.21329853787385,5.597296254334349,-5.145656066844131,-1.7594601985033798,9.50991502218637,1.6595948803622136,-5.515205493857993,8.793203206272992,7.534437682690559,5.928380403632644,-1.5763388596113685,-9.584211429729576,-9.804986468078127,-5.637221269780919,-0.17700470916645372,7.144664522536459,-0.8558125413194304,9.584689923802255,-5.708501056636077,9.12255737724417,-5.752903040731736,-0.5227390188499434,-1.8402599078536532,8.68621114815322,-0.1518780095448431,1.6352456586538455,9.142653624394935,1.5625901381064864,-0.6315476930836184,-0.8032335994754014,-3.6268124478966257,0.15441550613028454,-8.105913276614075,6.240720415677163,-4.70750427438422,2.640968232846417,-3.7024962095789515,-9.83045756173854,6.95305877395932,8.836583853357975,-5.623891684874249,6.176599654766161,-9.25355417084477,2.891133350498084,9.747993467057043,-2.4675807614278007,-9.430519721200486,3.1728473839988407,1.6448672605689492,-1.0945823874514211,-8.80604186108702,-7.061497133484758,9.40993916876608,5.343681589786431,-3.5165456714517696,3.2243520823431115,-2.9489400580940544,9.10678536508189,-5.005735070432156,9.286711612639863,-6.9675221775398155,3.669528703352201,3.3197269936977847,-5.441303532868331,-0.43078863055570693,-1.6635882257606376,-0.18683047375174233,5.258110442440032,7.974821994640301,4.875356282114975,-4.829033834250729,-4.748011611888434,4.477417213478194,-7.331073431474366,-3.578980234126816,4.059279841877741,-7.203275165602864,4.646230299693157,-0.4195092025174816,3.8688030818904213,-7.778948487710624,2.7505152079782995,5.939717133731744,-8.27670863864549,8.884550346179463,-9.141683748248873,-2.3667453630972535,4.457273106549533,9.370037496798464,-6.069854145273677,1.76940829732402,9.754579880250184,1.2013470993175073,-8.291598404409694,6.372681205831821,8.362181170029153,-8.31110510560265,-8.505612081165484,1.9007256788096996,7.5877614535785725,-9.28206847581558,-4.412909468350659,7.907658378603543,2.7988352748522853,9.173617255465224,-8.770140571003767,7.525547985146169,7.654395194924955,-3.2593899471825916,-1.6356322924752078,9.448139847662521,7.51625882195221,-1.4317513969506468,6.390789497150532,-8.249908585642324,6.004162248430248,-0.780624908978929,-3.7107328856153625,3.742363765185191,3.1136050686144223,5.554116050510933,8.307383232776775,2.192377444519771,2.24103395921167,9.738530681804086,-0.04367236140473629,4.21561681789963,3.957850286534825,-0.24426061896398998,-0.29552779258581197,3.87165826514741,-2.3657113687850817,1.2429116354005654,4.368490400074474,-3.1189249623731907,-2.5599053228306934,2.532261735041864,-2.5162976568965227,-9.242679708229836,-3.9769184870556584,-7.808837217752577,8.38976363832645,-1.9658882237954227,1.129419919260922,5.102236154021442,9.820994959508937,0.1082074237748305,-6.817643906307103,4.976232459622867,3.551831535530699,-6.27303629210089,-3.6151881398087182,-1.2932590406539433,-6.371034155714077,-3.0168077534624356,-2.4035081768500577,-5.836150314097521,-8.875606949483563,-8.154064970598668,-1.8411273802348909,9.680205948706003,-0.21936093034446102,6.607162567800707,-5.52912699441662,5.1344487025962575,-3.89911862776978,8.987878084045317,7.850951080254063,3.9190269887495077,-5.934013616463789,-7.285307629050375,2.1133169652592425,7.273473709750068,-8.702348473447065,-3.2046980359554382,3.239424467485474,4.091274760642813,6.380302561836043,-5.47118061047049,-6.358813753809116,0.43274623961003655,5.147499864986397,-6.74003802802051,9.677347257264522,-5.458410884555942,-0.3282535941329314,3.4677800878834653,-2.9708944591678454,-1.9414877277933478,9.731679867481581,2.1561953064102912,1.627003133755018,9.933224977809449,7.338280294829701,9.101029768127521,5.6573190830603615,-8.799676964059254,6.013779664023303,-9.422315628569196,-0.6436427399732274,5.395681613878233,8.162178052344686,7.493620327740228,4.786795600915848,2.92130387267666,6.751621475863455,-1.8797802401972064,-1.6213101409958242,6.288986214391361,2.0654326684019235,-9.096573394500771,-0.9795128202711094,-9.06788015847974,-0.018966167179376825,1.5487944091701529,1.4693755024346622,2.610295703935961,-2.6443609101060117,-6.912042066856985,8.276803142383748,-1.5761798193807088,-5.714833098779182,-0.7141747426497105,-3.7234521176436663,4.194433860480293,-7.774643267540999,7.453130173833863,7.019368399341012,-4.961139483794613,-3.7880339522612783,1.5887537263297702,-9.016463174395824,-1.990475260956643,-9.122538722528446,7.870340507711035,9.874633665951812,3.315660301560401,7.5928487592836404,3.486154858730824,9.86326262782341,5.114329300961645,-4.572393701899811,1.5129464222574676,6.334592548651692,6.365661773716592,-2.3607738794302024,1.6200839786773802,2.450502643490326,0.5500458879049894,-2.4485028409248732,-1.993133216444276,-2.753830838282731,-4.722462454116592,5.7561233398929605,6.56842498237237,8.817193873067222,-8.82458944997109,6.434552914611665,-7.837172326789659,0.574960096162787,-9.702230392547694,9.885660054510996,-2.272268778469348,-3.5419293659425755,-3.777501184930607,-3.15127524832816,-2.7911892266013094,-9.2566556760433,-2.569492764209647,-8.193907132142487,-5.15084540568367,4.079321828961627,6.723491244964205,-0.3472629049262217,8.732399780625887,-7.623938846571903,7.966163282847759,-3.0786543028507696,-2.351247099898865,-7.958296099587607,-6.0683256148441185,-0.3121611551557386,0.38157554309862185,-3.5870808156100757,3.4800423889259378,-0.04242713421406563,2.8286166254995475,-2.7698807553090576,1.6952695069674846,-3.926537725346413,-4.775590067889864,-8.864568893534962,-9.878078091813268,-3.2125396567264763,4.181987976129351,-6.919333149975506,1.685853066883416,-6.40151144647189,4.838713022930239,-5.078838801027574,-6.931025980901218,9.022545828136408,-4.816818623479104,2.1812467812000627,-5.707698563210297,-7.3789787180311635,6.294786052407538,9.8693819539563,-9.75169417148651,8.883322974689186,4.527749686435914,-3.9434451630821243,-5.243574883110753,8.126547597460782,8.705649824601597,-9.020936374254562,-5.833952498645454,-9.266205506761857,6.314638562232972,-0.6713613591842442,3.235219388458905,-9.233741905006882,7.104541314304896,7.699029324209576,1.217372027751951,-4.096280105792598,9.406166445869033,-6.440265956335745,5.558954649069115,8.370818047778805,8.819737761681736,-9.277982100329378,1.8711503367850728,5.313684998741872,-2.379503538649179,2.8014249012627506,-7.014546672898581,-0.6320389859776157,-1.1773920601518366,-1.8099218768428358,1.978131539964851,3.037834921426379,-7.528848032068343,9.329657742748388,-6.959956213500091,-9.60416240289549,-7.1945452314036835,0.24558974067252137,-1.4227976236425413,-7.904750403431531,-3.672350732713914,-0.3538783722545382,8.964397890268888,-6.8133733662843765,2.264528790150667,0.06694978963319542,5.636418030454696,-8.814221072074329,-2.1440246662268425,4.760694137441977,-8.72343452773487,-3.285465640811185,-2.4409394919879146,3.068682663314302,0.21166508141450002,-0.8461603171333199,-2.370268909529929,-1.9435765057158694,5.030693269112849,-7.713832568784116,9.038821873083705,-4.356200305338092,7.2326827907182825,4.033572937038352,2.254436944647452,1.5115595327713738,-0.33991471196016043,-8.168942305746894,1.1967664156217328,-7.052762919959119,4.403937820429583,8.598322797817378,-5.993303208491074,9.109852904616222,-4.241691611938996,2.059039170563011,-1.3201505071548745,-5.3174731870633085,3.166474490725978,0.9265693798605934,5.183599525362293,-2.8511052808646404,-6.166575053235494,-5.330268565360063,-6.495117944156021,7.562877498345866,1.275753887093547,-1.0783725763535053,2.399735758445498,-4.751343643230948,7.679996526742194,9.227071392897855,7.753801352430514,0.19409179227130657,-3.400645423559123,-2.9833306532153863,-7.7900115020840595,-8.403110232783854,-3.224301942131067,2.7494762665696033,-9.289419826343664,9.648148179683453,5.5469494919329385,-1.2101602262717215,-9.282697708878969,-5.131820782066317,-5.222187267504634,1.5908530658329028,-8.256485366831445,-4.398272872638042,4.043228629113793,7.637406227380804,-5.039815229380864,-3.131042867119982,6.798306031861465,-4.143493478035076,4.4712240479597085,-4.8568582055755405,-2.6384540857654937,8.592733712970226,0.29525914307705037,-1.433313831219941,-7.373271924138667,3.896494616367331,9.073609150786233,2.7605150359852146,3.8844816443561747,-5.850188716304288,0.270656175820136,-1.7458093354393274,-8.189282248129835,6.954059549355108,1.3162616672340022,1.282734316180294,-7.612579624068778,3.4182502881400936,-4.400846489302161,-0.9271320331851545,1.007852808019539,-8.794106934788974,5.622845182545625,4.10652211883723,-4.590887966608852,-8.035393815635468,-4.3517777569252525,8.722906461888723,1.0730601134441677,-8.718356577578614,-7.421774425577816,-0.23602318304419256,-2.2977847732622507,-6.455487085096601,-6.510152240080933,-9.373244860140415,-2.477048704483604,-0.6626908824843127,0.9764237374962921,0.17649424002662606,-4.949690909956526,3.989314735532778,-1.9058308395507932,-6.625857286239672,-4.448453904321692,3.8723218363637386,-9.621804624253512,-8.966555414929822,9.72715979845485,-2.4144987553062496,0.3691777551816031,8.72439757754827,5.702867668395914,5.312363446682557,-7.2735009737472955,-0.2715573759825052,7.267713163667857,-5.2486133996243485,-9.502359677769006,0.747215290448624,8.34290762781896,-7.32119233955812,8.827501781404177,6.559690710854113,-0.959791202249809,4.254689536762497,2.2380123963849208,-7.363027483460329,-1.9818085797871952,1.0687770236022747,7.918651799752443,9.858438958441244,-2.3905616395458402,9.870340469663546,0.026591040017047263,-1.7849466399824188,1.7222324325354315,4.296572913444125,-2.6044884287176906,8.124366393538555,-6.5540461027587416,9.223616346578819,-6.105516539905286,-6.200744230459918,-5.40022732228941,8.781413232261691,8.434495803633013,-9.144028859224786,-2.047532030716166,-1.3775403269602666,-9.755353193061886,-2.0490293204133785,2.2070763278080285,-2.0012273660681767,9.708170650686146,1.2450844351922203,-3.085057700039579,6.998512311376345,-4.009465290088407,-8.535126596136855,0.4520777131838223,1.6003113310052122,-2.496831358287219,2.295561218584968,-8.749629943792614,1.2499049154857076,-8.95488668177548,-3.4585577501730436,7.348442856283345,-7.005793536129408,3.630772594704318,-0.680837673630224,-8.159076522061302,-3.4624271782801213,9.388372478759834,-0.5937777769280839,-7.062746751968449,2.192105053484079,-7.093857668392863,-8.186637917647792,0.029526982411544722,6.018347779914755,-4.7451330863903145,1.3833570388592058,6.391520202638436,5.9412661489040435,-4.069003327017093,3.98525369366871,8.220135290032957,2.5273478645797773,0.17696443630168268,-9.606778260066184,-3.672969290499397,-9.304224600681984,3.261054897457809,5.2231444094380635,-8.142696937728378,-2.2651554427608307,1.1229442470750772,6.786591441864914,1.4482231042633877,-9.29409843299538,1.9722464893117042,-8.673903016226166,8.379613199785382,4.268122237402332,-6.512765221696995,2.4031054761961954,-6.969962205952191,4.168142671352387,0.10979229318182782,-9.517378086835656,-2.0432136850677214,-7.737957733141021,9.615930229646345,-6.95682664704282,-6.818623442708034,4.27292130610679,5.8137426640321355,0.26597239414491547,8.273377340774502,2.8543567931448433,7.755919357995531,7.340504382081402,-3.6854010908409247,4.872239227682416,-1.3227206098271047,3.4922630161910018,3.105800113898269,-2.649895887281451,-5.384287915313976,9.182857752800707,6.1979458228607704,2.5955054460619706,5.817609320615638,-3.5748253480581482,4.910584077146883,-0.6183840279214419,1.671624640875475,-8.142117482109029,-3.563388792987883,-2.9463382448304998,-1.357865092275361,7.213935594535879,-0.6865768541245938,-7.757869957853991,2.802161684057321,4.099026311767727,-1.3070790163523185,5.75021562047902,1.3346432451842425,-4.41910553055437
-0.7109508102715942,0.16244570398245983,-3.3394959661414187,-5.192291639297874,1.1935802617357627,-1.25872266504601,-2.526413144138515,4.7268689576509555,0.9125764847689233,-6.319049238230243,-3.3757157120064747,-0.9553041494382697,7.804114010627174,-4.075665039953238,-9.463144543039787,-7.918591122561671,0.5960121340826401,-0.5357139175153396,8.572273596923495,-2.1197706046542457,-4.916650424457229,-2.105962322478277,-5.613585923167346,-5.18703944675611,-5.903675412781997,-9.288295060664568,-8.305889015639686,5.028254819381244,2.329133743784336,5.06427510217253,-4.66586919243642,4.100141943037718,9.364881884195174,-7.571858850263789,2.103442563519737,7.5535774637795114,3.2695363111422466,2.757117614772767,-7.059037542396219,6.9336290075776255,-7.466711355864519,3.258987627195438,1.3113532134307793,1.4088663304277045,3.320529600698432,-7.172254877293415,-4.929964024036706,-4.484371319444504,7.688941488742955,-5.7049245220726625,4.372527508522392,6.047842496194569,-8.384218540237939,-0.5302263817697828,-9.4923053177734,-1.778188351714455,-3.2358720397490037,9.324963151226658,6.26286175035122,-9.992010838430609,8.279719941173369,8.183194516418489,-7.523516657870568,-4.990238940581754,4.903360207151653,2.5643082196105116,2.761337158846043,9.8700425973203,9.058957312470714,-6.309613217618988,-7.505437994354935,1.678442759622012,3.9137815559435616,4.595591818911986,0.5867492112100443,-3.7212382431896813,7.398089464813324,9.550950042340332,-0.25981375219661373,8.496926704122131,5.963045415729361,-5.600033769276493,-0.3970544802545284,-2.317059243513098,-5.5780020420790555,-4.629484135317603,7.463442087107836,-0.2701582962916067,2.416296365791162,7.713893766147034,7.368601418280392,-9.958189776146156,-4.9844828723105135,-3.691779991776749,9.85582027088996,7.945295048419485,-0.206184307337816,-8.940638020039088,0.47944384792227623,-8.498027529194736,0.09375322088556004,-8.314314038859713,-5.978657855124425,-0.002317764215522544,-1.2887088762548142,-1.8667269503544013,9.097747608628357,-4.828778945913674,-2.5698754456820954,-4.36572109300243,-0.32341065927933776,7.458981442596823,-5.587343066323811,3.5641085859282544,-1.2818079184290667,-3.4013665772928015,3.2712295410400998,-7.615582072504199,-9.28086141878578,-7.0763316213355605,8.018360567369971,-1.1143612319616363,7.938082663347188,9.566795154548036,-9.739622001041928,3.3849000472273616,-4.633813751527982,-9.931165766804437,-3.9732071146611165,-6.475068963649524,-8.831233450273032,-8.918735415771906,8.633834691228842,-7.158001687999973,8.527671719830593,-4.193861720955809,2.3029677105533093,-4.879666501028503,-9.815974517844008,-5.824428523372783,-4.599414694193245,9.361486016384234,-0.41825820715130924,-9.89362790659952,8.773103644691695,7.9171922025694315,-4.319405346219158,1.4320284947215747,-5.977136310436277,-9.225842494158085,1.797214079870166,-2.5201907310503664,4.840159766158511,1.0920848504556968,-2.554649294463463,-6.225205751225666,-9.902307636878495,6.759857927373549,-2.8543516621132126,-2.4733608241577283,9.205961188467665,-4.974806072745192,-3.7446177600764603,1.7925754651171744,7.893914151309172,-0.6725087963872198,0.6372682076445635,-4.847078445979225,2.909263049565711,8.633580299251363,-2.361922698514234,-1.9449665928014337,5.667855805305335,4.456821108998113,-4.863584470912037,9.940247431019252,6.763148384644499,7.158070101439488,7.864095912204501,9.822557404439753,-0.0034960130417101,-0.6402204433218337,-7.467086388716558,-7.882750925424449,9.963357146094303,5.2814634073201105,8.742119703339522,-5.214943393146088,-9.638731160191798,0.3183387026493989,-8.682588221830173,-8.136777409957789,4.2297362171827295,-6.202467248549763,-0.5806899791847204,-7.36830134177284,0.1701874253316209,-8.363148567452122,-6.9892727193435045,2.2949447759769512,-1.0609882909810704,-7.2530067429890295,-4.196815074945908,3.996799378849193,-1.376574459368637,-5.986216812728992,-4.361565720627276,7.122603101902133,-9.4436022851955,-4.208525422730769,-2.2060855823057635,6.102731118130713,3.3839503664425585,2.764237268277199,-7.9947757378676805,-1.8183938781924525,-8.366145465740251,8.696354227939434,9.66328486914772,2.1750105376177267,0.7694462131747919,7.59864411483505,-6.466112097323718,-0.7901189181630954,-5.067946830757151,4.269761979736375,6.168421743794184,5.483703196098734,-8.264111869809085,7.9138451219223604,-0.23124865393335625,-9.717061927986109,1.9168917004802992,6.40277170167764,0.6582266734363209,8.638970459166025,-7.620549653610624,2.0425135705471753,9.040790323153878,-1.628641624444974,-7.5642800539125465,5.302747440190796,0.9343850273633301,3.5931933288944435,-1.8707793602965523,-8.387861791393563,-5.594495076141581,-0.11580630795107538,-3.7230178155000004,-7.230065707702444,5.820257492390738,6.702393570289956,-2.664908271206956,-2.685356007648214,6.183886534721669,-7.83265844738517,-5.735237127228274,5.4824991422684235,0.6599789458706429,-5.3863507775184765,-5.2735984691925974,0.8246881559094383,-4.468485212602495,-2.6665224607301585,-5.233723762800122,-0.4392590391494533,-7.169325563274908,-4.083199579705679,-4.279303808209567,-0.22733203231177512,8.76377320470375,-8.952553493438806,-3.4384191606631394,6.982478366866211,4.251093042262415,6.187938741011699,-7.293145910688031,-8.879540196844255,-1.918790908104853,-6.813314909235187,-3.348181254139111,3.3269350944777543,-5.634264021832786,9.665914703376103,3.069697029623974,-9.203000408482314,1.9470739675695299,1.542725384990094,-3.9408955637623944,-3.528490517961755,2.4709309348655335,6.501934453885166,-0.9225609241381854,-8.557155439653066,6.8193400141546086,1.3666734993698526,4.568817293226157,-9.89980883138456,-6.5929426840737415,-5.860954711935342,4.069889929371403,-3.50867368276141,-0.599937800885602,-6.885556492322404,-7.863863393411341,-4.362965723922989,3.3207738641173066,3.470192079427699,1.3832860620043892,1.965761385098956,2.7576993848671805,-7.874384456314569,-3.325594853203384,-3.071154409278199,1.647284747184397,-0.00260242789955889,7.7175110090079855,5.408721974250332,-7.273674104071802,9.213687717226783,-1.7043122173967618,-8.469459721698648,-1.977821450131227,-3.274401167586256,2.406311858312373,-8.473448998000778,-8.404014015648489,-3.605242340368524,-4.235306388609697,-2.4775948724541657,8.933073659136411,0.5714038788824549,-0.8534686168515719,-0.37132547342655187,0.06738887221558088,-6.6216044631616455,0.5217531585309878,-7.130865022091348,3.5483409546574673,-0.6036866583080034,-3.672604519163471,-7.790629748365696,7.138626664358931,-5.323735326880936,-7.815693167208377,6.236368986062029,-5.706708419266642,-4.701761072875259,1.640279632745429,-1.5148133426422596,4.967057684786241,5.986071354936209,-2.263721467277686,-5.2445313576484365,-5.666024944645256,9.44140422398155,3.4113234534252097,-7.242793993135603,-9.160836016892535,-5.575186269557124,2.3632043670133402,9.317381875065479,-7.8882744095669155,-7.352298511315483,-5.49894319609259,-1.381103045943327,-5.85705861189483,5.757866670028662,-3.2959691849069177,-4.223125464320008,2.579419506422994,-0.964989772964822,7.954803322741604,-2.546235838039137,-3.9123605254654326,3.1024061425394063,9.723276744005634,-3.916482640023064,-2.3408462336997733,-4.032894817804107,-1.0723242484961482,-5.356669486702604,-3.491663800401019,2.278098575513635,-4.7793750903058285,-5.113051950730174,5.0119603119796245,9.071088876380887,-3.596844901380221,4.566374126159241,-9.441692958831995,0.4158422968784681,3.628536637998785,-5.9305159979017645,-1.0481997905876206,6.817936489133935,-0.7700757096183715,-3.7237368419202337,8.98920379140121,-2.9385824854617777,-8.909537789506714,5.688388503616842,4.007891556381349,-2.457076270381531,-0.17352508826427915,7.003617307732089,-1.7713723862314428,2.2621991553589282,-0.6994017634788445,-4.761518154998803,3.6192333122952824,2.3565699310937678,-7.341167383739993,8.206370524879805,-3.342519265723343,-3.1876980998737103,4.726424056835928,5.379593111587788,8.116483191336009,7.830897236393916,-9.96187990308427,-1.5867935830381015,-7.551589579939719,-5.851768677930751,5.5859733155487294,-7.693567904903604,7.584265508590303,-8.74703882094594,-3.8970235724158524,5.877640345475172,3.100549261691514,-6.96739641706992,-0.22036871045320439,-1.9562778535641847,6.566028865955044,-4.262250326093271,-8.551522498981257,0.15441051595410826,-3.1293013410434423,-8.351200731993398,5.496466826182733,-4.789927644471586,1.2448368873386624,6.4390957366583095,2.3808039416023146,7.399970061231041,5.876701005587391,1.0012077557324268,3.428840257822854,8.423586007481234,2.239430752021814,2.9561766265110307,-2.1559720627261525,-3.936796958641022,-8.948643146553138,9.925889767894283,-5.180117191680473,3.0855790813748474,-3.709128606318785,2.9856130156639242,-4.235361703006659,-4.686396848264818,-2.5476439211501773,-6.5427117291382135,-0.7304744567600725,-1.010957752982911,-4.786395935194032,-9.840598493541254,-2.4036636765255404,-4.858698570453126,-1.4501946777357553,2.2407842463736145,3.89498873725584,-9.150614979745841,0.1283791878927083,2.0259357985419157,-2.5341218654614845,-3.6398623011873887,2.903253745379109,2.3002494993385803,7.863327264886678,-1.686898818687867,-9.386241891284403,9.905532496786723,-4.931227267782674,9.594193773469826,-8.619988799536326,-5.738724992100261,3.2712126042701257,-1.8372994492013603,4.08476991267727,-1.729670933621513,8.751122569027999,5.225943235100951,1.526315983597204,3.215519644262759,1.0370696588843948,8.41410546138356,-9.684006451284013,-3.08802038617012,-1.235110026471613,-4.225007998645179,-9.010314786790383,2.171284440006458,-0.4195816650487654,-8.557333960611606,-3.151169113980732,0.25836470432755476,-3.2335553011747775,-5.808376715646311,-3.390546595189896,-3.9995374993655597,-4.876261784421705,-8.994977399376815,8.090340645462511,1.1514799149320396,9.712300702727031,1.1306741023604179,4.8955534229480335,8.929876185135448,5.874744533676301,0.5984151924300658,9.31745517899342,-7.3292811845349215,2.0313960203775707,7.545305429304754,-3.6653350943310166,-4.376309002366961,5.005672333123091,1.8576936785193876,-7.434119274087163,-9.270966638716127,2.749983318460803,4.257996965364859,-3.2057050526860653,1.232565852083244,-9.04977647641399,-7.856372242387093,-5.858270959304139,4.288899897111651,-5.288545281850903,9.63554456754003,8.886055215106907,-5.0419385958251155,-3.596734238661976,-1.1235296456568715,-1.773739558421628,-9.793030144910182,-8.496774683441783,2.867980042751297,-4.013150586218401,0.7658988313788626,-9.890056131175545,9.52059724011449,3.755435091805772,6.5514275022243815,-3.5529369816051197,-6.795461312021629,2.7835392985529133,-5.944320768755837,3.0427370596820396,1.9869681201812757,3.647931694417137,1.0698423366110443,1.996171500165726,-6.262665222539887,-4.159618095442639,-5.289882421213967,-2.1181372435205166,-7.330846961182806,-6.280447809391667,8.337178939614198,-1.8997334657534797,2.7432609198306164,5.900999545703824,-4.930194604697955,9.776648729951742,-6.415235513414592,5.577666756442078,2.7221345647702258,-4.963407281830943,3.8761473626655025,-8.94005903228165,-3.9098459531700547,9.47788447001179,-6.793658240103357,8.679040475556661,4.040074000288772,-9.56276070138,0.058246246204047836,3.9293644545585256,4.446408275182494,-9.475708408910911,-6.098432582239259,-7.885131753439527,5.120394758027899,-5.781887826083658,-1.7251128136591536,-3.952106562445497,3.387763855812638,-7.780509480630937,-5.069883349573249,-5.8103820030436415,-2.5299638202240793,1.1922153163179878,8.501787613423414,-3.064930336873461,2.11930006240779,1.1885097527457482,-9.685924139304001,4.874687932821388,9.884753622824345,6.03918516610787,7.8884505006879095,8.683707190231747,-0.8371491601535634,-6.585392658121421,-5.329290989467104,5.246597333927475,-2.977482860268479,-8.635951404387814,1.871923788838025,-1.3404297603344073,2.908387621558173,-0.8203765196014778,-7.783993045423019,0.0211581427183134,2.0094664353799665,2.3789954150836614,-9.460688838823794,2.525191090838959,8.703190890988584,-5.737467900346949,-3.344920191382041,3.2758775575074246,-4.682303034500428,-8.222265090937045,0.10765193921995042,-5.0975310867394,-4.674937792224696,8.747511897804547,7.255017835357755,-6.801626327207487,-0.28727029163008666,5.082574425036929,-4.609910685494462,-5.917317289087913,2.5535361358063398,-2.098562886641197,-8.67081662723259,-2.02467590132483,9.755186818271088,9.886749905207473,-5.627412682816493,2.2075225827780436,4.922003499260645,-2.6595832736456293,-5.5189644576186065,-2.489534218336413,7.901448535737508,8.0301302592435,-9.255952013218211,-2.3505009620408446,-4.89402341937319,0.8171519774290896,-4.378385126484014,-9.895819924432736,2.9337960771483615,4.540580156546746,0.4860857010729802,-6.290452794228107,9.943962591094607,8.883428487860062,-1.07671856830674,-8.832383353251831,-2.307184229648012,-0.15191623503589113,1.6106712497683375,3.985695872798292,-9.053521397623562,-2.002265972288848,8.222640268507199,5.126719304833378,5.695073072477939,-1.1413378435440542,7.892224505864526,-5.056368668063717,-3.812241064133284,5.026793817998723,2.4777993001673764,-2.785169470952118,8.016136610036597,-2.0820130179689356,9.671660122113725,-6.367800866251003,-3.678036404851248,1.7050348255631782,2.339969689085372,3.9710561053354567,6.955211862793426,4.476118189746028,3.3241483386467543,5.9660143400957395,4.3563662531883995,1.2747166973031927,-1.8238437127283262,-9.563286556344552,-9.069219959238275,-0.7265977409043511,-9.207792675685544,9.804461655766438,-3.210408390386112,-6.971486040853929,7.226448521955167,-9.183178562436737,9.471195379861737,5.424225058594537,3.993545473352004,4.590335777643977,-6.6653972085733715,-3.8017587942376814,-1.8927450978821767,-1.2013055093359917,1.4308232206092697,-0.13975201956530903,8.711805632557624,-7.807883447857469,-5.817638069839051,8.45232520598573,4.034164651855335,8.136296511032302,8.577255926895972,2.5449267331709855,-8.342529180251702,9.782482320977568,-4.85198948625804,-5.038399418513089,-6.465707667379206,-3.83627088699882,1.3402889803267861,4.192858075790493,-4.308291557738928,-1.5090756796598477,-9.836722682997848,5.125642295185225,-4.124258948032129,2.3946783089891355,0.03184541966541232,6.947633949132566,-2.0294320278649973,1.5839133906581804,-4.321309099608177,0.5603469588694825,9.660232205687528,6.695589433331076,-7.223217308085643,-9.973512406966709,0.6320440194397197,6.299266714410077,-3.4006283189106483,7.19497998005696,-0.9715120672993738,7.716049843832671,-3.1686027748087824,-3.2537841452358673,-6.173760366266315,-2.7474156443113813,-6.217232136084265,-1.9825752370889411,-9.13933843588379,1.5757531960930287,-9.287214618544176,-0.15266168129411994,-4.1383757715974,-5.528257160623225,-8.171840610015925,9.2951166735421,-8.18808944549286,0.5862860685228597,-8.208591069261518,-8.19149536695223,9.07109951150007,3.5128770578719895,-4.4866985504420125,0.28959759839301213,1.4483422463388536,6.22924448149038,9.191760902723992,-0.5685904565972564,-2.0096852121345705,4.625621276144633,8.309971198600454,6.492759286294003,8.978631988128562,3.987149337222835,9.79268993301391,2.829564654964692,-4.19291349334924,-0.6254936450156823,-1.9208028211301773,-7.56599394919091,-8.762249858494872,0.6583028065270025,-0.07078441566554083,3.6417930562872964,-8.721184922107936,-8.714999931401346,-2.4786827100074156,3.5857598896041907,6.617145983864038,-0.3182167938845737,-6.119242727684444,-4.4764512720970995,3.880326467830642,-3.6260564395513644,5.180270788507059,-0.4521066570573993,-5.260771668336323,-5.245241758202798,-1.9246305263390635,-7.690788127227039,2.406769318109186,-8.829682744000642,-2.372373874574074,-2.591427645805007,4.101391874324191,-4.994643369652878,-0.7897022244233511,9.707846300207052,5.96279942507832,9.328753056368221,-1.1764361371081993,0.8162181295748709,-0.08124026704492593,9.06779826933905,-4.424254306948754,-0.620552774081613,-5.220885055931683,-7.361941012172981,-9.708745216399524,-2.5230421109331047,-8.906451995405076,6.388370955838219,0.7485259303943419,4.831723590255404,-6.154686453664411,7.000850212356681,7.7456238496348675,-8.393929505547488,-7.146962798034144,4.80890066050079,2.6946022247627237,4.74687629625295,-4.701322534910397,-2.8952063853467287,7.75502700152385,8.106521918534145,-4.0008293586541654,-0.16688012260525298,-1.3309421355074598,-6.939025308204549,-5.631139274300869,-1.7895245668520676,5.816497756064701,4.2291416760035645,9.012112068365393,-8.823796796948805,-8.194961462188283,-6.13825213697913,5.862639771017747,-1.8526172433141888,-5.392933051311777,-8.699488137644414,-0.7092956179232672,1.420359460676007,9.840288842573766,-0.6445303931327402,8.931926980266375,-9.317691181202454,-9.2982634509025,-9.818007559096824,0.11678659784823608,8.910281641632547,5.457825512981513,-4.075797267878363,8.242148279806262,1.339407092517348,-3.065530913493064,1.2065313677217393,-1.4441434050181776,-1.3255081586747472,-5.750985604068299,-3.2907957058398507,7.531514627192347,-8.109048785420134,-2.6296649484836525,-1.4914964374007411,6.4611466275032114,-6.086284864637143,0.7704527384480571,6.6655185594941635,8.963858537275438,7.843316501526299,1.5524758919722892,2.350217904688961,-2.335640374541452,5.107199233788204,-4.72387156274965,-9.260504295857963,-7.517138625543387,-9.178493295269536,3.208897845347673,8.880877798641649,-1.2219528300462006,2.8068691296637933,6.9504538246537955,-0.8659336769682557,0.5004182874702217,0.32824948191397496,-8.72772777473216,3.185207368775668,-0.93857194136028,1.6502443989396909,7.047046970529255,2.7757723154329703,-5.082330422858458,0.44420183678763436,5.605058409052248,-6.057772132332627,9.64265255735745,-0.07794464306230431,8.568130617046709,-9.148268777794913,0.7965482429274839,0.45588688125967636,9.75733020685831,-4.728632335281063,6.849201879877448,0.5428565028588785,3.615063357117487,6.002184931876972,5.350367456824877,-4.7994210072955035,3.063608539973524,-6.756674101892777,-5.024290679811707,1.2047477116365144,-7.647031852672375,1.8808724960423628,-1.9666433663769602,-0.42740575150736504,-6.263227538083969,8.512823634998163,2.292520918598619,5.264564310863056,8.389516249260655,-0.009350367019083095,-7.1502315518071065,6.311703009688273,-0.4751920896815687,-4.419294077761262,3.3808009625582276,-0.8593928893132237,-4.8927109313667145,-7.7290301500871035,3.6543424886104265,-5.52521631788911,2.4670652582390353,-8.995022010520888,-5.257378690989862,-1.0760459042978514,-2.122889011610205,1.5484932893041492,-7.7446382578496475,-5.2964259416985,9.677141337367491,-0.6883174810392454,-5.240648105026144,-2.962850807381921,-1.029487642088693,4.471994493383553,0.4580679745448535,9.150332811154588,6.353609323663768,7.091243100710379,1.4180207948640078,7.293804422450368,-4.563788848701799,-6.455216532224566,2.5559470929937707,-2.141483195159033,-4.296343094903725,-0.8641190513215484,-9.362385521279394,-6.9573470133509225,2.6562551570171813,0.038469711255988415,-7.466138301860276,-0.9990527851359623,-6.909850095987487,-1.5006724538193073,5.115308948075366,-3.6903208768881157,-5.393947839484115,-9.607911423029753,0.5888382839278901,1.7613303815192065,-5.531795770367225,3.2287780584791914,-4.232907179012333,-7.133826464465683,7.383659830664058,-2.0925001848679,-0.8094024057093883,-4.801221147127417,2.53610561243506,-2.8891552659017776,-3.082493699793501,9.037807893681759,-4.85223516947163,-9.412532187025747,-2.110119683075262,7.105577715862175,-8.94460690871716,4.1341966011199105,6.3910055315272345,8.43098169771935,-7.079530017243425,-5.974703090057449,4.761827616583643,-8.031726124691037,2.1590271802249887,-2.2961491450298066,0.7973995167530354,-2.469401133756861,-6.553891365587134,5.680052311615524,5.418361957664411,-4.9787891191256195,2.8823265157023314,-0.48863944686028127,-3.709125029580984,-7.573298678560003,-1.1903565410066914,8.582670288443033,-2.3711122238756532,-7.9214605400518145,-7.182208495968158,5.253438409394242,-0.43793059516039357,-9.064922885460833,-8.328021016130172,-1.908979009701877,-7.884296390760525,-7.839505753833382,6.81110354241493,-1.7262471394200691,0.30494957704140013,-2.2659242805112845,7.933214231404953,8.047204373349302,8.359573968977383,-9.198019172658345,1.8777811317583986,-0.1626166758840526,-8.397015979942088,-5.977006698305343,7.157001358684916,7.224770863112266,-4.402163105070242,-6.507390821827745,-3.721067796573598,7.992445148859744,-4.044026928480184,-0.16525037873534387,6.529288777750022,-6.181422756425268,7.425390329782484,-9.52139191745679,0.6439006780881193,3.037719140251056,0.09276718084861102,5.9694634085148195,-5.671249653552586,4.313389782232875,-2.892876009891669,-1.599198451747128,8.70171106971475,1.5410229852209056,3.4646748373748544,-2.6093887558022626,-9.148707851498513,7.631967713069816,-7.261971432007613,-7.899207364915792,3.136148784298163,7.221279492223083,-1.7953101616162908,0.8772672433376023,-7.862163999638243,5.364765876886384,-5.6467147335088335,-5.808460751347562,-6.597936875214128,7.469538931041182,8.520723520365909,2.071416786411733,4.434417656008085,-2.6294356692664467,-1.0520689482727015,6.722545380896918,-7.517101968571371,-3.5978450843108973,-0.12241049893694722,0.9040619380374597,7.517592973444508,-2.5156222275826163,-0.36788278417742504,-7.993746540713296,-5.098348849418562,-6.637045658764011,7.512860442701093,5.796192494621831,5.923058481761739,2.761663641854444,-6.375074777042564,2.128292497134794,9.824081171460666,6.854341623245752,2.836345970271136,2.228580332383647,6.614749717174266,8.289546095952662,-3.5770277943891537,3.612811896655918,5.078375848389069,-1.8065465120880972,-7.0287559579708265,8.900191001075864,-6.315266629037584,1.6679970972795957,-1.5118089844898268,6.297512623244941,2.4283372623138426,9.161601473594494,8.629869401154576,7.34642728384426,-5.583667763587643,-3.810066742981773,-7.753840673084582,-7.572451233602435,4.979559828536434,-5.072513164930466,-5.821975600743297,7.190799244992917,2.4897813409331437,-0.3039410962090887,2.1009876965686107,3.741829009765734,9.444799657798587,-7.901215645570076,-3.4540955129843853,-7.804853777462995,5.255925187804571,-6.018625525191492,9.366680675948565,0.9663941506975497,8.30755204280382,2.504154273404456,-0.9244134249744533,-6.450586789034364,-2.642186777086266,9.964590674281041,-1.8883769806493884,0.2759941490773592,-8.562135576076397,5.4428185569623295,-3.2867970965360005,-4.566796613149311,5.905761027211938,4.533721290207975,9.355140935852848,0.5083255477559732,-9.48028435432345,-7.993566979949314,9.038474486164382,7.928005329507254,-0.895453209521273,9.958112575601156,8.1297968522233,-4.726458042870751,5.912528686579627,-8.50358704526296,-8.437196469185274,6.550781636599115,1.078041222206263,-9.5652633332159,6.806394253833965,1.8250934373278902,3.2498535942240068,4.109730278672961,8.38688794795678,-1.483535530571169,0.4773920450219027,-2.6610903031387956,8.948565890212716,7.538654797985394,-4.157293676177643,7.951225089367082,2.016838705472942,5.790004682879369,-4.8458038012066895,6.635556577754688,-1.9447979765579255,-7.174497049611082,1.2289514049979182,9.588298289585833,6.473752239662478,-2.791809761394221,5.924037476271929,-6.711183129436174,8.827502774217095,5.844131307872203,-6.4524024646975064,-1.03723792301993,-1.2456115991052599,0.5978671336793973,7.720719017098244,0.45987957099340804,4.1533094643225805,9.694602388821366,8.24982057596998,-1.5730528227588163,-7.5181152161197895,-3.7215718359864063,0.3341790424112965,-0.6366897731936305,8.847653873743567,-3.3973388444709656,2.920340126347652,8.252132810283857,4.346298429111204,-1.0963612522929171,-3.519237712415184,-9.895714059471834,-7.0437319186019165,-9.590784493128826,-8.683944196194409,-3.2464326337255205,9.879000491098296,-5.387533953282066,-2.7839638697173115,0.29445171119467517,7.548854306693876,-2.8096191541573434,5.182100556186535,-9.539438309698234,-7.435244460049233,2.9573003666542004,-1.9842685247857332,2.1549388196160884,8.103328046155973,-3.7201997519596164,-1.0854658901610854,9.485068575232113,-4.176988628848526,-5.871958338632024,2.728073694802145,6.951778137705787,-6.308949845894967,4.825450495560757,9.828857645483069,-2.725336821642399,0.3489469460259471,6.8934049816706064,-8.956936902197706,0.8683115343579111,2.4020580189913883,-5.133287124302218,4.82880799863662,-5.85327415731709,8.49522529265402,8.756048575044673,7.438377151644023,-7.7737502155958005,7.895457267346259,8.031568944357169,-0.02194908720829325,-3.5065818692174133,8.137987849310498,-7.717311042179458,-7.941329019160397,4.539685108638105,-1.4954110570674963,1.182665050304566,-1.6406104148508422,1.1463691940018848,-3.404136858223474,3.030626747589098,-1.7160468859781037,-0.6895062358152373,-2.7292464244919774,4.613712721881413,6.5123556350115095,-0.08098894584011518,-0.4800181638456795,-9.074660380604541,5.773907957226028,-1.1153827587111387,2.388881191045442,9.958379023548616,-7.672794801095149,7.489059264664931,4.903006665306126,-1.3897806579518104,-6.790685857550473,-0.8733440724192416,-9.69012503296156,9.777076419278721,1.8781082783537855,1.8005761932188555,-8.307650440945197,9.757747871731599,2.8420238994134532,3.5050695421885063,-2.144440741729503,9.167205473361587,-7.677979082314206,-7.697404856385949,-9.211344911323733,-7.956890329689799,-3.330137814021718,6.672915423595786,0.6907126456260198,-1.0867761016623962,9.875365139647108,5.848728986607014,6.479050710785156,1.2903924612116775,7.653256431496011,1.3398962573862612,-3.566776993116907,4.9010560236417255,-2.7500068844497028,-5.702213353781671,2.4014397151684506,-1.7104124725585912,0.7002591751175107,9.388138669775351,-9.141664487171155,4.4144623170977315,7.94342800935134,-1.4755305133723784,-7.470972222165379,1.8986265468979102,0.6174660790347435,-3.040814161625091,-1.9587929411445,-9.516806692576774,-9.254189227243483,5.012789429850969,-6.109381963311851,4.368663661610226,-4.673120595832807,8.740153482745178,-6.7531277368964755,-0.7064126436044322,2.7997931888149736,-3.271736177973761,-1.766743871370677,1.6742377716348535,-4.460211260928634,1.156075249837924,-6.287342639762463,-7.46207725444167,7.699165269218927,-3.8619643670081665,-6.210538115398599,7.113307833407262,3.890965141745017,-9.39681844373375,-7.169829114287786,-2.911120612610249,2.408238395035694,-7.816830940778569,8.859502395013777,3.3322012408663255,4.792936671879257,-8.86332496509464,1.7426966729010474,2.47475455211001,-8.407753955932382,-9.338659870065971,-7.891751674664935,-2.030289715561386,-9.223999592645235,7.773462606516684,-9.501751754750368,9.117746700737179,-6.6126226286620255,-3.6535111164775946,-1.3018023139484374,7.351442743617724,7.893547363682842,0.5047264601487989,6.907748614626964,5.431477277845065,-5.880794949972136,-6.897292514781002,-9.996058759869957,1.0762820224253389,-5.2583036967968955,1.0050900033134553,-7.5724557924310565,-4.749120307620281,5.839679350888023,-0.3263832360896419,6.4717080293792115,-7.018448291298236,-6.638637329662829,7.647227304306689,3.678386616638303,5.699819236369843,1.1426547305445478,-2.7030332819819147,3.113698150687423,3.834722595727701,5.05083786457914,8.060964359241616,6.559784953741861,-9.706770926337187,-7.934630166401888,-4.921316791872332,1.120371983205608,-6.948805048658158,-5.558156350361485,-0.3015270591606338,-5.500376419645234,2.4059651171053993,4.662805641351662,-6.651242796446795,-9.896752958954757,-3.447361816501095,-0.5012580477319268,-2.8708085710903175,1.9265827275362017,-3.6838522868269896,-4.260940455978879,0.8494997891917695,2.325892487507403,-0.15043240286830795,-4.442576459194694,2.0563902525676188,7.917654992648803,-7.321557551893778,-7.138231256899519,-9.16739535338877,7.859741256680245,-4.5665690154232035,3.9436917436235674,-2.631318777096827,-2.0955812916381156,-0.0234438579378331,-5.210667395730106,-4.108798003580878,4.540626919106979,8.678197963309419,5.442247847035379,-1.3052005349710942,-7.675552953159133,1.5248047132193285,9.353603741236967,-8.464596790263696,-4.685184348671092,-3.6968708624519415,2.561757864047557,5.423125506368853,0.20116777979534106,1.3350837821485158,3.665803640736076,-0.868989436419005,2.1363848489601125,-3.021410395818651,-6.745551091970716,4.724023412312242,4.676955576480925,8.303836003014027,-7.925370933576136,6.642159560426041,0.2782747776401209,0.4835489343099333,-1.1713792790200657,3.256556872668856,0.1978691708925151,3.0559836019657016,9.394301203615989,-4.892894275222437,9.296201751065624,-3.3270568898028703,-3.530181354404329,-8.781191400332546,-9.481620816300405,2.5310868730673146,1.7807188147005704,9.413589119302301,9.026353005607152,7.847683657757255,5.015265386381602,-7.247549635618736,-0.4263863002162882,7.874351733514597,9.975938551918958,0.22091789590532152,-4.592119024696569,5.409235148623983,-2.908466130117766,2.262902307152828,5.893739556825457,-8.416111536692783,-7.761539277827412,-5.344709025747112,3.4434032195828124,0.9311223341223887,4.129658387094308,7.035777759447775,0.3793980116002551,-3.457179846948007,-8.92663407339093,6.763244269408887,-3.7884477990150645,4.603612639254129,0.8097692580985978,0.12079118390300003,-5.502078996631736,-0.6198219950799633,6.768879232051795,5.017647113666293,6.542053003406835,7.373710624625517,-5.093620196590836,-3.2932621665230872,-8.639488459435835,-7.541768770211239,-0.01956724683171629,-7.118550696035331,4.119244608141484,7.564330209328002,4.9048746421109275,9.746955464935922,1.2148413841922494,6.05004924161096,9.31206654715583,1.4025570264475284,8.142605595987476,-3.362036302973972,-0.15973473443002106,3.906619395672683,4.455589795165517,3.3098798139904417,2.9416068980627763,-2.3008071121820928,3.87292651521296,8.086447752838659,-7.833937008804412,-7.359045036126133,7.754679673477501,-9.288031698443843,5.979585093725383,1.1798372804430475,-4.636756501391925,-1.7474274880410956,1.0903184820507672,-3.9745047073218043,8.53749493198939,-4.333033659449401,-0.5957649818798068,-3.789966314392883,-1.6012239834860953,-3.9036453084423783,8.439187278344345,-9.706399378922612,-1.3961749244820467,-1.7849469492399006,-6.9698654591944305,-9.45732339010746,-8.530127073614445,-8.301110147015358,0.22707902138481373,-2.800376503738913,-8.478015197260262,3.2395658473598594,8.880512865150841,-7.826463234594925,6.311365823451329,-7.22564572035544,-4.619600556204682,-6.018316501198968,2.626526952863033,-8.122167217887636,3.9492086226021144,3.8196602419029073,6.649147479606018,1.4146283744414685,-2.1136509912207435,5.460760099138252,-7.989983318624459,7.766813214487598,6.861745272400892,-2.219747802877581,0.4532395542161609,6.024552280152715,-0.5521446250186912,6.461522132152663,9.401349254052981,-7.163548074807309,9.82950050903937,-6.49801548132497,8.687596447212194,6.599506069392163,-5.877499105038928,-5.047795668618509,3.9231319694932445,7.649007254283301,-8.187400942219812,6.849489213876584,-3.545900737200995,0.12358698388610279,8.448087350359934,-7.7973254112601875,0.7210599256095804,-0.2420162280668503,-3.277322838808976,-5.4485784736942655,8.322564951045031,0.9390477822046712,-1.6039340467032197,-4.303345153184212,9.697664230737729,9.807253781425356,5.887709812082694,-6.208862097602099,3.7909470818142346,7.3318256727247615,-6.682418745546961,2.3818281251343816,9.958240503227142,9.091718497717348,0.14351554161337887,-9.790973403169778,8.164615794592706,-1.7301590198277879,6.158102578696067,-4.969726070333094,4.7758268357834215,2.8914336104213607,-6.28572923128095,-5.415486657458906,6.532050864794769,-3.1616094603468063,8.87197105572811,7.380775252501671,-5.18049237604385,2.8469998121728217,6.98179865082318,0.7498274371221658,-2.984818413674284,-8.540602272752615,-8.991067804537526,7.813759838131453,8.68199036867136,-9.148282227906082,5.24903968503666,7.765192288535797,-2.005660462801327,-3.115859479668912,-5.688120533903289,-3.2048238340808837,5.780141421453342,-6.94847979092237,3.8635027436363707,3.603618805295909,-2.484980754540473,-1.8741459166648866,1.593625500764917,3.613091259188586,3.4938267830263356,7.702254842093815,2.2889114259873082,0.9170396151714133,-0.8045692448607511,6.453033274335347,5.714255630207919,-6.381305432024666,-2.093979148476053,6.260009783729803,-9.598334782245368,4.321743688081225,-0.6877290746741345,-7.32825455250202,-7.925916565488427,8.94808519764005,1.2712659517282514,0.43423468855051084,-4.545839833383258,2.9084107562349963,0.5722629123297374,-4.546991986686956,-2.831227943987928,-8.13237048216549,7.432089475262114,-4.054786389651128,3.860413037135764,3.2166021856071474,-4.415189392880734,7.938882831622049,-0.704811627721476,-7.516295768304808,1.5231580620731329,-6.344256703457026,4.235052153424089,-8.845595610632378,3.624564765620377,9.134584498918176,6.462328692436408,-0.08215520614647787,-1.1265249240283186,-9.549340248642771,-3.117803845780866,1.8312080575735337,-8.426575740217789,7.444359467863947,3.057664823875786,6.286832324798127,-1.224246893714147,3.7351167473342137,-6.679592566429074,-8.453377831878628,9.82390705059849,1.2421631060833533,-1.344407996712258,-0.7302156397823545,-7.337917057283936,7.521395879722828,-7.994814212217918,-4.316269912639679,0.9156185904083998,-1.324529243095494,7.453252514309256,-3.607416425778074,0.18423713336195569,-3.761883911561485,5.438937171155391,5.070035789462153,5.676740995655617,-9.71192317658834,-6.042279150481173,-9.809511377515543,6.210038640173078,-8.80937370302036,8.675719057433987,-5.724765865642727,1.0574526388227827,0.3778439998629768,-7.909998907350635,-4.5769200109812775,1.8718825775940129,-6.126425437493981,-2.9140227605878017,-1.4738130902059705,5.216645835139829,-5.279097892247555,-8.474387612184515,-6.28605581452788,9.079273915790978,-7.755766246915215,-8.789681670036337,-4.949844616812403,-8.020923692776787,-0.4253222214028476,-0.3258251048257783,3.611318319771259,-2.274306192987847,-6.156412591598963,4.977235698870084,-9.611428093372847,4.545914910887065,-0.6085857317153813,1.2759731666118146,-3.1522360281454525,6.693446131015861,7.574449082087305,-4.196442376646077,-7.33550104435418,-9.296718749948294,1.550047171337063,7.83909432808591,-1.4839772125713466,-2.7686001399010447,9.801830671782888,1.8239251882795777,-5.6545637746438775,1.9574971028549566,-6.604312690913485,-7.986657994339126,-7.202163432101574,-8.252516055697612,-6.194787545156297,-5.383917638818478,-1.3026298422118892,-2.194789766361314,7.63257975407253,-4.901929000149446,-2.542185349807542,7.433656625338028,5.020371277794403,3.4308887422984906,-4.581145845035143,0.5015785205242711,7.3309419117307435,-0.8956546215157353,4.133026858652185,-7.885039121128745,4.112652443093461,-0.8647539766590011,-0.33539043139791147,-3.000752573367862,-6.941699152116798,-8.66717406565156,6.709920832803359,1.487007117888437,-8.470383654826213,-1.116469153252023,6.882829053708942,-0.7690956019713333,8.261816553068886,-2.3851501307385465,4.019154705625251,0.1727229197545732,4.915032763488803,5.362769505602438,-4.034750171641375,-2.046871598020319,-0.029736341794468046,-7.112885948414133,-7.316958521581851,-7.507586141456269,7.517716639109214,2.077962643031018,7.562273745997455,4.72347106536175,8.609449046358964,-8.060334176281682,7.8133002714408235,5.848075988047331,6.387619113596024,9.040700528995139,-5.255263755715937,-1.7850007397306538,5.709378750879175,-8.917923024887761,-2.488419614638044,1.3349034934467667,-1.0648430789850494,-0.4018643178113983,-0.519103542275408,2.2444124174604507,9.438735644142561,-0.42971514649227416,-6.906188600635299,3.240849670569606,-6.722923692577205,6.245230696446413,-3.0342960162993116,-2.0974359683496253,-2.461441404442681,2.4883883597073524,-9.761592232030365,-2.2431885657578876,-9.518478205764074,-1.9513734209026783,2.214200367231644,-9.325088431628071,4.997832296284525,0.32002633496335875,6.643309016785114,-0.3528030287715076,-6.055285939831241,2.8010252982579367,7.912858590553288,6.534006851190146,9.541911905942406,1.1286729627172036,3.1990955844682603,9.983979699069323,-3.8991250433109403,1.092254012987432,-1.4717707830676492,6.203495858645624,-0.6227634516389138,-2.02949106289398,3.637159047684431,4.159021588399694,8.926048036135171,4.869842013054129,-2.4654552227322775,8.62319715926294,1.0841098011545984,-2.5540773955742724,-0.002280080767702586,7.351712024717042,3.0071220128058673,-8.031040347923897,1.2686600020955563,-9.506303189476524,-4.243225776086983,-2.6737417113139568,-3.898469772344331,-2.220093772149294,-2.63676367342764,-2.105029577944306,-1.9548998178951145,-5.824557123626866,-0.13618387845976976,9.383789806149029,-4.396720470113502,-3.523472747429654,-0.4358956824984155,4.503768491707991,-1.0390454264828293,0.06223352948760308,1.2582328742103073,-0.4629680065518311,-3.165828334999734,2.1486605648779076,-9.090259316699704,-4.4505087566544805,-1.2395254128133644,8.252893672946826,7.170049826960451,0.6176581497396132,-0.7567444229587608,-7.17370618316232,2.848614668215008,-6.2578340012682565,1.1668560899065668,-7.981207741782892,-8.563313384071973,-7.629748508459242,9.687181313480004,-3.1018047312443864,-5.2713717613900934,5.8164000029498695,-4.875527661924299,0.6992002669979147,2.0701790492932997,7.518671051761022,3.3673645509884587,-9.419815183779438,-1.2059415615376885,-2.635102001369127,1.927698822385377,-2.307723443600251,2.8148541985890496,-7.008939550752283,4.791558422264988,-0.21751263252913766,-1.6881482669846744,4.924226543512887,-6.0845737038306495,3.372816491268404,-9.226000763774472,4.1631588006887466,9.074318966285379,2.4093282046211044,-5.3045056656411465,9.741360348355595,2.9313323690569817,-3.8988359129592576,-2.819018833556015,0.09194172096960429,-9.626617935817954,-5.567876595674481,-0.002132220138443941,-6.327040169259424,-2.663546473126921,-5.843441693887761,3.7307839680332595,-7.447742609298991,-8.33802949173535,-7.0776613366588,-3.9105128998200005,9.471262781117549,8.976428839547104,0.7135778753806186,7.2546672671357975,9.071416167241523,-2.1915616157671858,9.696966631111245,-7.934932569595794,-5.5518902949704625,1.9498893638936377,-8.050728465133732,-8.32127102421241,-1.2726087700188025,5.269172962025369,-6.834492384264969,-4.006629660406658,5.541068801446318,-8.98003301987065,-7.460842964430743,2.809208045801036,-5.038231297761852,-3.4633981277864763,7.895396969667651,5.415746943182011,5.323542491796136,8.131421722872226,-9.783605888852371,-0.4165814820037639,3.945590204844901,2.8219161611133288,6.535180618403345,-2.678763181883193,-3.2430761924868845,9.540386969514255,-2.5321603544401183,5.354635134734398,0.31872459805094167,-7.122051729883361,-9.930543416148737,-0.09769301731153313,-0.7034899623453867,-4.455850696255165,9.434564568465703,-6.473971927367006,3.78150838162453,3.4724023977348857,6.183391558939082,6.069622127632293,0.1442261825530693,5.174255892168498,1.812943346662113,-0.9450352696042152,1.2526356126702591,-8.912359121378351,2.7273005543598483,2.940977070454805,-4.907957055710934,1.1731169982623406,-0.8029106637048002,-9.839964260370325,-6.156618041070661,7.058500290463112,-2.7156589746859794,0.3249340681761925,1.7015654208479383,7.718511037204493,9.647318706549388,8.23979778834714,3.7248523770215964,-0.951275037131067,9.697690582525887,0.40098893224488386,-9.949460077248917,-5.891033791935218,-2.2173755542843647,8.960563974109284,4.624307979802381,7.166197247605311,-8.455528055139027,8.993731523976386,-7.011964085398699,3.7665577914960977,-0.4307556456862738,6.170166979222781,6.3676553652511885,-1.3931713263279804,6.795524663484528,3.509766423202926,8.384798513279804,-5.978023929338249,-9.635760157180727,6.07146352981831,-6.284040166230178,0.8862456533048615,-2.526749790177984,-2.5151532505139285,-6.0018305624195545,-7.3240832096923985,7.747494489347304,6.239882942333459,-9.345605541656322,7.4410577462690455,3.210679703404617,2.9166990445346386,-9.795128283796275,8.287545716802796,8.388345410515416,9.857735804969355,-9.532699891926235,-2.804711033630749,0.23239533170267102,-7.977442314583454,-5.055652712367671,1.6159144553928773,-6.7123187391080785,-2.1718029946179795,9.457555806824864,6.9140432913850844,-1.0483285646206415,-1.8614776726972124,0.13810272699417325,-8.829546449356355,-6.066120488751023,0.7012984998967156,-3.0327054524754455,-0.5388488163383247,3.718809453393545,7.664162016125008,8.328164920197853,-9.928021895455377,-1.8660022154578737,-0.12140068642696278,-9.447876697203494,4.1958378588882095,3.4172287077269363,-3.162072315459419,-4.299286392452726,3.0373180248095046,8.79615846527711,-0.8285497368866714,6.218670778625732,1.4087276459224256,9.930837693470068,8.181508562389588,8.474285096723577,2.0294863077023955,-4.5729939472106444,-6.0717617855415895,9.483921924556,5.655425057121944,6.444620733311247,-4.4928572753454326,-1.2419192475008352,-5.197394426347895,5.698530605184258,-0.8136354615939094,-3.9996272364476715,4.573269267384763,-3.362293455716512,-3.868642459679343,8.48964683953416,-8.899901313161518,7.559389335045811,-0.11624112205891102,-5.4463377574428495,0.8040755293261004,-7.539685041492003,1.7698942352030596,9.894775586934934,-2.7995636159430504,0.37092697703287314,3.3716327710513525,0.7863659495409259,4.8079766409503595,6.745303447604641,-7.574477851316368,1.7034164636418438,-8.587555935051158,-6.720113845206564,-8.618821883095142,4.995783077179192,3.887379867191008,2.900459860992317,-8.865544678357132,-1.3598075245423296,-5.618397043544383,-5.416934328341794,5.516994990473595,2.212655442233096,-5.390315957129886,5.31002419053298,-4.947560634427868,8.704772159599564,9.283511506002103,3.708143357077848,8.073360226740764,9.570084251434398,-4.73276830605069,9.124333703139499,-4.732062145659162,5.847394760622606,7.137511827212329,-7.806008288934459,1.4437192580774738,8.134972994561569,-2.548975433060172,4.770319039815529,-6.144758703020359,6.013461361367995,-2.0344932341291138,-6.357713065575563,-6.472269872579242,6.1026598415055915,-6.333309121383475,-4.392496425723865,4.4737549086456045,6.99808393349937,9.440102973973438,-5.630648736626316,-2.2676714224831995,6.53217004684927,5.231023421195996,-7.688300796509608,9.476382227635526,-1.419610936227663,2.9923506497994907,-3.233380412420912,1.9222643323972495,-6.010512018520034,-3.612499972990298,0.010993660244862369,-1.1908845281878158,5.597536674452526,-0.02385736180693243,8.595557627998684,6.645085892344685,4.229661324784908,-0.689143307208564,0.27594443820136405,2.3203719952263473,6.091556529758829,8.244121687686171,4.57900719802524,-4.3232875130015,-7.0524044752061466,0.04528624789321256,-9.034551081501403,-9.461389304393684,0.8047057156262465,-6.6376016510609475,2.1979045539251665,-8.816549857377085,-4.009867805840839,0.5262450877049893,9.587808618391147,-9.762363387709174,-4.786153422876156,5.101558934313555,9.577912603417523,-5.189907453288612,-4.164447581334272,1.9695583536930812,4.464102000941573,-8.00585535341067,-9.636405358394276,-0.7526168781044351,-5.777223333122565,-5.267529587084432,-2.6634275190772634,9.055530054673852,-2.884896761239288,-8.046970917910736,9.362468692682299,2.940496198081714,6.187983335805228,-9.891977138852807,-7.3175775944357895,-5.255883026530828,-4.573020074776393,6.722157074780114,7.123031019812174,-5.290350558133435,-9.612744085189144,-0.6621141876527368,-3.7874125368903737,-1.0329950859736705,6.191767225048274,-7.667461503218165,-8.68407985539249,-5.501399093121718,2.5627737793868732,5.0345172701139695,-1.0348084575865553,-5.536551162083314,-5.986920070505864,-4.24727726544889,8.776514213197633,2.3755448675296797,-5.314094068395223,5.984337347837304,-8.641494826430634,-3.3841490974398365,-4.446648994725548,7.017204063278417,-5.58336436484502,6.832316751845436,-4.09881743876711,2.2901320237944827,-1.1756979728301449,-3.230830299213327,3.559264146219869,-3.2437858683703187,-6.563843842438361,4.508134579941011,3.109934321414837,-5.1090747245853745,9.123488142751391,0.25186581185171875,7.011891086369758,3.3264203251443156,3.7499047094369615,9.192975771633975,5.280824783313122,5.877402939551363,7.8207815993180105,-4.943743139898096,6.881396471122439,-0.7168438988964017,-0.9309716990786292,4.639440446191793,0.3712820312266203,-4.030208854298543,3.932616226085731,4.693850752449574,-3.4111774720253196,-0.8511388675402074,4.570737909168017,7.228634917076427,3.5170523930586377,1.1738487063136596,-6.151961098646934,3.248560311363299,4.038956732208083,2.9999982795859648,-9.741101360610958,-3.062188897405669,1.1292780955268782,-8.686073990984422,-0.5973164113847496,0.7426950809595638,-5.350115488275192,4.588965035265362,3.017904895452446,-8.722438564699546,-7.372337318008293,-6.190432260346741,2.334233748188108,-5.940227978522296,8.405573723693045,-1.103817013241681,-5.428733483496337,3.5639086887175004,-1.1808261918592784,1.756665227674933,7.251149376190295,0.7016241603870483,-1.2239694773886267,7.14204647568981,7.08913148178382,-7.583828516305986,-6.849727593031756,-1.2138867372417188,-2.032446179644918,-6.071027614382157,0.27974519242837204,-6.915748695847473,-2.2463663927725257,-5.288144533326142,8.347738091977853,-3.943681420383931,-1.5850352036814108,-1.1879085943049148,-0.9122771838658199,-9.147709220056326,-8.577021158930497,4.0016585881362765,-9.400914741536221,5.4405671054376015,4.713580115190757,0.19806252576541006,2.5050321975842884,-9.556856164927064,1.0894160564642963,2.37268820701221,6.387654798653099,-7.907591296530039,-4.534236606118814,9.56338307086651,3.059393821641427,-1.1296133272608238,-2.9413988829623783,0.14180803284371812,-6.0991229487837,0.7767767030749528,0.4322857525108219,-7.556538898723648,3.0769667785226478,5.944978153326964,2.813108668098705,-8.345692440150238,6.1393970359281305,-5.210371385947592,4.272606030365672,-9.618935142187528,0.8462429990118796,-2.573897520186634,6.853913873963002,7.599324074497137,-9.463276226059358,-0.583957700087911,-0.9691226733538159,-1.9584996765019742,-3.374989562209672,-2.9425819511315776,-9.710410071028603,-1.7579488402843264,4.367236231105803,2.5483345207456036,1.5591836983890506,8.088390718775543,0.1476119037871264,-7.867536125029857,6.98255254778034,-7.704848371623443,7.543889310264028,8.416041065945159,-2.666951819235428,-2.8321613724979517,-9.897892722563064,-8.97356921598054,-5.029759633481838,9.698585735553483,1.1591370558419385,-0.25422798061007335,5.77757378495032,-2.225783085087258,-9.394554865813152,-1.4477755838716106,-4.416716113647199,9.142052053013984,7.9978035938670295,3.295016804158381,-2.730585273987744,9.43555594900381,-5.583929009343516,-7.108960480048325,2.463999370055749,2.855409162781555,6.057364442134613,8.474892943863217,-7.136886964673527,6.114447692266097,0.07088909283071132,6.243655315176213,5.160449094395824,8.755746072174876,2.4346630646223524,4.101196249738667,2.725267751000441,7.637871636036188,-6.847435040325289,-1.2421893115495042,-4.41520793206255,1.6105987087171503,8.448250682746846,2.4594225976516153,-1.1495699197667708,9.935568701934475,-0.98512391004226,0.38873678683336266,8.979480931173057,-0.6757891080870682,-1.7740742514646684,8.498836333685816,6.087562736404848,1.5552772896056588,6.635101320058595,-4.0514814890920725,-1.347417061486297,4.959951850338303,-0.6671359874733653,-0.04217863826325896,0.3342730329686301,9.08203824402706,-7.426308039297327,8.554081380905,-2.7714309856041925,-7.007649995089206,7.701308101213794,-1.01465852235631,-4.525228947841853,5.51429501236238,4.825821013302498,9.836115409520673,1.6248896149382563,0.5664920529128175,-8.703285426325518,-2.1220682412139835,3.075849417067122,-9.440531472047518,1.8926952601358398,8.345165920055717,1.4381328921868803,7.490775297854142,-2.977939247124464,-1.1940141003616294,-6.400321792600736,6.894932002857836,1.7228875075941001,-8.275560695806746,-2.9033267111644374,-8.418592930221692,-6.817198947135896,7.188867018104833,8.001796069800537,2.3771911588836208,-0.652300529127654,8.180538789055596,9.089731030397903,-7.880149271407775,4.5133188625131115,-3.6871803422066947,8.792104437308783,4.094497007362834,-5.75269541956466,-1.674426932471162,-5.026654860046027,4.813047465921706,-8.214541941108584,-1.2390501839888763,0.4288334789965109,-0.3247476598175041,-5.602660559998778,1.634330759311112,6.705815135328596,1.5523324174836635,-2.6605007914757746,3.1494992299574527,-4.1725311704455255,-5.390760243421693,-3.453487871770971,2.734507920775112,-9.170137009467664,-7.604875180549644,5.0293855815913595,-0.9844791469172378,-1.5116595176983054,-6.477514158816213,-3.0399508100892696,-1.1718362715320119,5.302539098415327,-5.772353768392168,-7.267374494577583,-4.850635952534952,-9.342610950241742,4.275845483982925,-4.343481558154925,-0.07301668845395959,-6.907647215427016,8.88789247023833,6.819476911610174,4.503115362461328,7.543531932631318,-0.4958856648384984,6.437393413149305,9.325947399178748,-0.5816133888919701,5.125279519191956,-0.847610778044567,1.5354661725202732,-2.512132168205852,-7.2331062150034064,2.329097984451611,-6.33653951062133,-8.58429569679102,-1.1716364830159716,-7.0412786582359965,2.0372025740554207,-1.8438375898444281,4.6274620225058865,-6.565612649387942,9.938992325139363,3.116272968909083,-9.872430881318213,4.6675706072691465,4.060111916261741,-4.262347714439878,8.32373803525724,-8.0804172645567,9.17304995934871,3.2054323117042998,4.3913076981220645,5.330520329905912,-8.337183512874184,-4.624123678063434,0.9425744803410456,-6.330533262043461,7.26730636045496,-9.894797978522785,0.736341179440176,5.330380902748253,-3.18504067346219,-9.77988039474525,-3.458547312080535,3.2062930701216317,4.64257939351552,8.153766068577323,4.528190545929508,-5.811457322808176,9.496237824307276,-1.1968196281417782,-9.905587818864843,-0.31107001381061217,5.712691558985952,-2.7744992001564617,-3.46246075893103,-1.1577026404858497,2.472755071668253,-6.546866890384702,6.7867374374549385,-7.874595392304052,1.2335665055072287,2.8700481842077448,8.799085470137708,-9.917962925154683,7.042095675223578,-5.888435452723031,-7.537758525030311,1.9269061419346478,-7.229319807718911,9.309546998777957,5.171855920335968,0.7805462385514375,6.624693832124354,-0.23746522392095315,3.8616592591286256,-3.7429123922043956,0.5932906362090034,-5.67742337211484,6.4196736496529,-4.013669692473433,-8.900492355726431,6.155883814881726,-0.7299918942124162,-7.98705481110723,-8.046689575452763,-4.2059097821694476,8.753527477721597,6.519108149178564,4.335752772655576,-1.8817570234906267,-6.02216951698116,9.946078860900606,6.277223152529583,9.174341400888533,-0.5635537738175085,7.891239821498669,3.6553495700170764,3.453447656243341,-0.23627387183116966,6.883298444132748,-0.1397842066034336,7.6797273560688275,-7.305810935016767,-6.434124311097009,-4.5931331559964335,-9.950901303201825,-5.965992092895329,8.183420038565927,6.046204769375741,-4.974027917359873,-0.3544296647200156,4.201888521883763,-2.185801463134056,0.06907029374127838,3.499084796275344,9.319822910533226,-3.3658648015372483,3.0302794168508758,-4.058795109788269,-6.70156182612873,7.324429255600741,7.342063352475645,-0.9238298744777182,-8.194497468931928,-2.4116697851831166,-0.5352827171417651,0.20481209717613247,-7.085358383641028,-0.11909195422137842,-2.8760127155196535,9.619840456274659,-6.256003035215327,-1.928598131374974,-9.24813168642517,6.47239704110984,0.13553222309770163,4.478080048977279,-1.7032899766177074,-5.0543862406821845,-6.5858593270253944,2.0300785875967833,-5.162152057492586,-5.728545696608114,5.083792948367572,4.643977236968757,5.995259352207768,2.0525478064122016,-9.861032605863805,-9.406850620503661,5.15352832854691,3.7476793941147886,-5.258688120194755,-8.794231220846045,2.2738143286038373,8.838439261246812,7.384112795692506,-6.2571004936015235,-0.7009355564721691,9.08230463803353,6.209964674644802,-0.5489216136038717,-9.114346818226736,-7.315160489506825,1.6982214105407234,3.0099766763886855,-1.0803009089754525,-1.0940213940461607,4.43523681667652,-3.722840963235125,3.883662578970423,1.3093426498076894,-7.469108691036281,-3.368972473290148,-4.8930712395079485,-7.289706742555662,-1.0563896261013106,1.0694327032117208,-2.495913350825269,0.6642697629653878,9.182381404513308,2.0253673035740327,-4.107498908049152,-6.484288183412906,-2.6650683916290756,-5.603614428743409,-2.030895761756886,-0.7502871222520007,1.0541671715916614,0.6504561465167402,4.4166488511798025,-6.671566945911573,0.8401503880065686,-1.0856677138236197,-8.891438104342605,-6.064037711430674,-3.6149046442993615,-9.261629383989703,8.422975163572367,9.534998861489399,-6.851406930747728,6.867123893666786,-7.276557404195532,0.2388377380219815,2.069443322121053,6.876925358139157,6.728131778919916,-8.554307486686772,2.974250007383837,-2.827119830319056,-1.9095049096556398,-7.667323521013207,-9.52793918601184,2.5297888026419173,4.811457192287262,-7.792878414290845,-9.9164835596907,-2.0582065224082786,6.356201026639475,9.601082812316623,8.780048879532647,8.347856578150783,8.999192756030432,1.1249454256618918,-3.7337730808543164,-4.816971443364224,0.15523062820825473,-5.599831488230141,4.39793563791801,3.2615179797043776,0.8331692364384935,-6.136063386309831,-8.488829612994762,9.509834933077016,-5.254372489131418,-8.265804005638033,-4.497591552087972,4.827838312337711,-5.687111224285852,-2.4871861863501525,-8.025760051622317,8.584779673249368,0.23374111704795375,0.601041600964729,7.5310455477185165,-8.130875940519374,-0.6145686033564637,-2.7424224295153525,6.406062277367976,6.065805797224154,-7.833823872961434,-5.171225137801125,0.11362914836920268,-2.0192648649508467,9.372984432800667,8.41550668678742,4.057064668868911,0.3355962946093811,-6.043014583808728,7.6895301224775,1.7077533521861117,5.245334940152082,3.7054066401923187,6.442002030763085,-7.503738052849032,3.4885539367262943,-4.239821827790518,5.939676283244053,-3.08022625464986,-5.281959034796455,-4.251830932385257,3.81939187339567,7.369107270053799,2.312207166516467,-2.4281815681594683,7.974323646337261,-1.8657141651240927,2.102631152907346,-0.46240548100991674,9.126798658105518,-5.750349614377928,5.094032018130264,5.4515787154958275,-6.1593137275688665,0.6896216433626812,-3.8296602166293408,-0.11921320683074299,9.352834423896372,4.926560643078272,-4.202539962414749,8.992588485852298,6.200918227203953,6.588543115853767,4.900384283707455,-9.491473248296696,1.1476351194494345,2.0028986368906487,5.683890513237504,-9.484912970892838,8.62124521412283,-3.384911451750172,0.7864430879448427,3.1034928177691796,-9.857038700252874,-3.665602689218927,-6.619365727229686,2.7587862028897465,-4.901271111504409,-4.248439759596843,-6.864219894982819,7.021243253742465,0.20640729300234284,-7.351388010862285,0.9695618996822084,9.065382442528424,-6.05093604234747,1.9829433024257845,0.681742912979006,4.758840535310366,-1.4492949582849555,-2.58223017244201,9.975652887630048,2.4213235964029387,0.27721801842179516,7.525153288617052,2.4349611052696734,3.0364120401324453,-5.995796219816136,-5.284940806852596,3.4575825892344874,-4.413773389187243,-6.278257670765561,6.784084078408185,-4.568549881731041,1.1368546179036816,-8.79152025404634,9.810328702016609,-5.3475150598703225,-2.4164357270036607,-7.429026238176637,9.784315134011155,-2.232228762992243,1.820314057153416,-4.032070923119651,0.12987393582352524,-3.273252663222941,0.962420442367403,8.430763998520334,8.555389781883541,-2.7703184883133636,-6.846751160071913,8.994387730866013,-6.650651641230196,-0.6294804821938822,7.112159041162034,1.3770607517300721,3.1908623553421265,-1.7883429354983136,3.4312692341742856,-4.769827428251398,-7.004446465572107,4.9155597592818285,2.558167759321364,6.157677660372901,-7.5510084908321335,1.6782056094940838,-5.7401811274124315,0.8109753149794052,9.43362078670972,3.8010156818044685,-9.520666401214955,6.548356162292073,-3.265208877495076,-1.162169307751311,-0.4721640593492822,-1.9878812138695405,-0.9974801731341802,-2.3588036019353282,-3.309695616934789,-0.022054657062703598,-1.8559106674073362,9.040463840984152,2.9948922110583673,7.406604423586124,9.343849302302601,7.9576915587997235,-9.06093439044598,8.453688105549663,-1.384594721221104,1.3085033508833668,-7.908315007457762,8.307683355311028,0.33211800106492717,7.848485624509728,2.640308723456176,4.917792520617283,-2.9397179157283038,-5.814324821884731,5.72963374003065,7.6305722878911055,-7.44045849395391,8.27956520752791,2.239535401649258,-6.758779031389319,1.3154610212285398,-2.9377900172349714,-7.199687785778568,-2.2210825435591186,2.0195656178625114,-7.386340195884626,1.349081666578309,5.47352529239323,8.838711146460525,-6.638290182711042,-0.8805125569331729,-1.4744204666843643,4.753331382952037,4.709418216278072,3.009237237874041,-4.938919139661393,5.646366716186531,-7.460813387390306,4.24956336800561,-4.589837408167721,-4.845986557661284,9.137261978685231,-7.822898949305504,-6.499871183474739,4.107414767460769,-2.4695150640284025,6.540590935103523,-6.994493248276048,6.277714247443921,8.927883278142218,-0.941496061819425,3.8899877945614225,8.492071854407254,6.818232271606018,0.16325061260502238,-7.951276835832479,-7.836805442103742,9.08116715345598,3.983427836459782,5.02311727382361,9.725208401680312,-0.979315050635428,-1.1447067617684876,-1.8203719167377042,-2.6384813972624936,4.641499189972869,-5.410656210423541,-5.481417873803045,5.633335575307267,-0.5938830685913565,0.6179602134278834,-5.382134223462995,3.260368293931533,-5.164516255646776,-1.3630750008329446,6.751729502382066,-3.0888864250710295,0.273274819339413,5.823980481252221,-1.7617841932946643,9.84006149908462,4.242354987535101,-1.940913439249801,1.9443947052730142,-6.560566751065487,-4.207337577906509,3.067699798295113,-9.862861223561852,1.3434208405765808,-3.524358071620992,3.8019157129395946,-7.090466891461671,0.2019043567499974,9.231632319337177,-7.068617339349745,-3.2294370769658425,4.658498276910649,2.829726233979194,9.827328214189347,-5.208394420257106,3.162798087323548,-5.825745984426973,-9.540141066191676,-2.2149980250695167,-2.5762330677980643,-5.892805659102224,6.976713741063577,7.550684754043395,3.2329630774108082,-3.6728093374223274,8.20205345430023,-5.837643163798929,-6.238200678925072,3.6224445185294236,-5.2395947373758744,-7.59955147512059,-1.2672646461404486,7.629678709908035,8.345460583771228,2.1422800842835716,4.712794967642576,3.959247742912419,-6.817084606654102,0.8043252373512644,-2.1750690429570607,1.339162475295998,2.3537378930009716,-9.26192264438474,-6.266528811000034,-8.188186941205768,-5.3185247952763115,-6.954987676842437,-9.540005061864441,5.154969199650994,7.556076259771057,-8.380812439859477,6.205364172134264,2.0620539282477495,-1.3052861002396057,-9.251580856207745,-2.3015848022480023,-6.392869446849907,-4.7613333889891996,-5.125871286348353,-6.650929210528782,7.117723017808849,5.266694822140256,-3.0179824716438723,-8.656891117721667,-1.728153060206628,1.192332594191729,-7.200994503840164,-4.745595603224915,-6.397271380105705,-9.481918143881394,-6.752609920754362,0.2828406344563099,-8.174137059025986,-8.901675540998138,-0.39233158724909245,-9.321479648563649,4.305597444887141,-1.1635189025958717,-5.573024194266791,2.3366463161182143,8.25181692510548,8.862379435837838,2.2902998034562305,1.932032774332633,3.714536391529661,-3.375049396979608,-2.364626235164476,-5.972365781438496,-1.2513849177744856,6.928127548723715,-4.078145960944912,-9.342721573472023,7.2069640830482875,4.338940265611679,1.6031110439714773,7.520276446887543,-8.84748221397583,-7.128331461537929,0.32625533472858237,0.9714665829678495,6.639416974608,-1.835117278573982,5.429977229976544,8.352782171047547,1.8924438600337812,-1.8142983983257395,0.10119152224091721,4.342126903903383,3.3712394908047223,-1.3386425036059961,-9.486378710788898,2.361374011508296,5.660355170601237,-5.499515149540515,-7.9057383950124365,7.796232418041043,-6.3690613709354,-6.010890933749424,-4.460605334109779,-1.4962768716734072,4.044093453569776,0.8904945179833383,-5.316628602710731,-1.7589896610153044,-0.8858428384403041,-6.642867976244615,-5.169755235449582,5.500003418396954,9.452505851545581,0.20145302027969691,-9.089041514687251,0.08817070302671581,2.523188751915793,-0.2538494188934095,-5.592780853015322,2.0248446308792616,3.2966328914858813,-6.615993407089742,-5.907281824480684,7.036750569665351,8.485518453669549,6.828366197536461,3.478629526294526,9.73534688985023,-5.813252332295509,-0.9787277183869403,-5.933789539668675,-9.650928933124979,5.723092895535185,-5.242389224240007,7.272755728244494,-4.977968084500932,2.151658368064629,-6.907086372958016,7.3426091777850715,-6.827478692846329,0.46873295484918387,-0.16314263098403892,-7.285002623313743,-2.0825000659951147,-7.728154946200694,-4.879923645950606,-7.440391577094854,-7.002974276666862,2.1238512121733564,-3.975893632262739,9.122188594267723,2.116323563741444,7.212314684950648,-8.40959536686817,-1.8780941823918003,4.756361502008591,-6.122595999229659,-8.161680493208198,-2.246629561147153,-8.57119948890894,-2.3940692846899347,-2.212913273068928,4.356752550704,3.5372219369724522,3.582759057184173,-5.02911180925217,8.111593813778882,1.5948955447917648,7.702691484521672,7.294111244814619,7.424080007310899,8.376921046694811,-0.22288421281913884,8.597070097564387,0.12695339860196597,-4.950875645481565,-9.16890099817908,4.018033185778746,-7.311082957328567,-7.7957868522988205,-6.78572285395366,-8.628273528397283,-8.970083465920126,-6.545055755362004,3.660552134939447,-7.714737234625117,-1.4121311586686591,5.089894883329961,1.2827059259841036,2.2636871822308926,-5.5852246077389704,-4.623288811694937,-6.059883697384818,7.480011203334321,-7.779722684920647,-3.4518104454128906,5.126567860824043,5.392317153895593,-5.538922775529873,6.821911138896795,5.169890618785686,-8.526608655616613,5.916986918076471,1.4434271083591828,4.279073497679063,-9.58599027232345,-1.1194476039135388,7.723768043790326,-3.2470316664532373,-8.22669715688183,0.17495934713324068,2.3469402635067045,9.622728693248014,2.6850004829014047,2.62499429740911,-4.517594383756398,3.344143485878952,-7.483638591612638,-6.048127820285217,-6.921095247357512,0.3425614647188837,5.772350344368887,1.007653705777578,4.188926490382983,8.992588932285972,0.38764296490924366,4.121609947837502,-7.87980878624456,-6.646133039719688,-6.15253748618027,6.446306446863783,5.811704126661546,-1.8460960728794653,-6.244587337385741,2.231939928184868,-2.049773559185346,-6.5515641868317225,7.966057175916678,-6.1485437408430865,1.8610216703336224,1.3777072771588728,1.8156261530427926,-5.138009892401023,-1.5942033672090545,5.196090824316357,1.3413035086373313,3.8438218024381676,-0.24632240412243256,-5.090634849771312,3.6773581191512967,1.7856461657608431,0.08486664112879616,0.4932038301271717,-1.278863965052917,-7.2519521565827745,-7.011855869699842,3.660673723312742,2.797934706305865,-7.508685204784378,2.3357166550418373,-4.374014689907457,2.215287114338363,9.531608966749502,1.1126600063869763,-9.548821071117215,-7.9228440493913554,6.258361681484011,-4.297904016492142,-6.342276461056649,2.314448563664227,-5.346761954789199,-5.5436211935563895,-3.8583555052611302,8.68880924088942,6.0973781504766364,9.617808901758153,2.274842619546737,-6.6529172075425125,7.827559850238593,-6.988245033746465,2.3274809096892835,7.052329647988781,-5.677148018318993,5.4318511325677665,9.9346504077675,1.3708349507314121,8.79869491383442,3.8650222967139207,-1.421591213354196,-5.314770086717702,-1.9328711763259054,7.401538315276177,-9.009022367410902,-8.389933059018087,9.06598497002313,-1.7818957620784541,-7.257262771058491,-5.003470798873037,-4.930287421852362,2.454309105799199,-2.104266036502782,-9.519167265055131,-6.365766497025995,-0.6347853278955533,0.3859877625452235,-8.147382549779953,-5.948765311315158,-6.503329396252324,1.163374765441219,-4.812856963718799,-1.1993415341743265,-8.217226911291235,-8.970037332040494,-2.053737392660735,6.388985728085807,6.809437440081858,-3.3786371033695257,2.855806778839348,-2.192682386856193,3.7320075671543496,8.270278008956783,4.121455252444839,-1.7519382725477612,-8.157222592635797,3.223194705665506,6.37004571731838,-1.9907253543679069,0.49282554185802674,-3.3709573247351017,8.00450501401459,-9.131330061493948,-7.189855583027962,-8.9328983831001,-3.9843303464687434,-4.667635867984692,0.237255777030434,-7.848844858898644,-2.6910612109243086,-6.581862232598605,6.941359790609269,-1.420613922593116,-8.624807013661378,-5.95350009610931,0.4691149279417708,-9.720599331426055,8.206543111660316,3.906510829413449,9.258697743025113,0.40785685258839344,-2.4953463912635705,2.75472564417721,6.640009848363185,-1.4537714165816595,1.2678042213786327,-2.20287528389105,6.447262049622687,-7.887264590521208,-3.3703522237895545,2.3112394257211726,2.3196369152127865,4.940780700048247,-4.399566808109783,0.9639753340259887,6.413615036459525,2.917940070986557,-8.713552000075468,-3.17400767131997,2.409055639705306,0.9888480041720378,4.274640869131144,-5.918663965376689,9.404642520579326,-9.630086274681744,-9.90770221332241,-8.835838319858144,-3.209633194329424,0.9225130845043665,6.736654154056829,-9.402166444717707,-8.818038847718821,-6.79623239403599,4.041576475778605,1.1682182591769426,4.270668586569792,6.501540647130664,-3.1240032536291107,5.836500740790967,5.09694808165464,-0.3247936615778997,8.08412456978514,0.9697046853601154,-6.63894030926974,3.6132777661702207,-7.846039431923466,7.574735517793549,0.5240023050497342,-8.721490647315775,8.949734750254677,-2.046981486843147,-6.056111142252359,9.998886803645057,2.1065051165195605,6.712632214057713,-1.1223237335840501,2.648662531313386,6.9717128365186944,9.576798535485086,-0.24724257992063414,-5.188236650204328,-9.792380774208539,0.1886802508364518,-0.5890198209868132,-9.880726338917844,-5.759302247125053,2.557618894227451,-9.655556962995826,-4.503736117854363,0.1900775923038367,-6.448324563598973,8.080682958110422,-1.1572667607296658,-7.942692305765135,-3.176761786945068,-2.8318121096118887,7.367715920650944,-3.6245683594593707,-1.7685031296147926,-1.93084362906969,5.640337222127414,-4.59636411798622,-1.1928735526372574,9.40864574849455,9.479313908754435,8.443481497554576,-7.43443418590963,5.136391965736406,-6.473425852894989,-5.469010997035886,6.695169852244629,8.556243801194494,-6.1484882006741,5.774011307340654,-5.539469085116355,-1.8581110487000174,-9.594912809424711,-2.2592768659161617,3.1696811288282394,-4.883594423886455,-4.819141435738943,0.48765265381960177,-9.403988274208599,-3.014743485838631,-3.2960926709787364,-1.413014181677477,6.134698824461541,0.0757312682652973,6.112672927449218,0.6578493061087265,-0.7958048620560305,-1.9355859960519002,-2.5973726084127264,-8.416466595520227,-8.971463636713752,6.0104494362401475,4.182224341414091,-5.9016269174052205,-7.322664282909271,1.7640231410157234,1.4731811298743374,-2.887713823250026,7.01122759670853,-8.339843391333353,-6.41683466803407,-9.175357359577973,7.964008573530002,2.3384777890572224,-6.502763005547163,-4.48097336567537,-8.472169715028734,-8.908376275607957,1.5800125775410816,0.3914066269903227,-7.722252740525832,-1.8501548538311,-7.270165712874639,-1.6994698382588354,6.7213861358048845,4.8874090221101145,-5.126402272082061,1.1187983631931164,0.24375588771206047,-6.259556860682485,6.291147868860648,0.08322525758520527,5.213223789842104,-6.492130627506302,-6.934664997768058,-4.207007511381528,6.42925976467847,4.907105207467211,-8.491064675781717,-7.506630765236599,-8.278438922546776,6.238140549579462,3.663555560696155,6.737677943530468,-8.43933805097376,-1.3720393084060607,6.8635221313211865,-4.1475834868026045,2.9049608890647587,8.230806329927933,2.150820714381048,7.592330785498323,-4.1162084066111255,0.4722255519849625,-0.3714996689094363,6.4326803656959655,-2.1890866281009718,6.846833372731332,-6.978853171542396,3.266680185075991,-3.0370668958681257,2.2550092624947844,-2.213763685232781,8.664406731307299,0.5988839552478513,-4.7190654134758026,9.78361156725057,4.576106369218662,2.78209198859075,5.141418276451734,-1.9309045457488967,-0.33549205374532143,5.3683624342766905,6.901730348774862,5.0598774688609325,9.130752970694896,-3.927748174173993,5.1015000926246366,-8.460036548770438,6.243602844873514,6.319532559236137,-8.454996967776939,-9.952531102445265,2.004165689155169,-4.434800022013238,-4.446038350997215,5.936056387933203,0.9958302233909677,0.0979547798527527,-5.952959147974792,0.6574810334161292,-1.9658228260251782,2.6930437663487474,5.751343203250876,7.008680843320832,2.9815886048335543,2.9568983577752324,1.1604347206321535,7.448875935145367,5.304106923366929,-9.908858524319207,-1.1969502945678823,-6.694604021727657,-2.1770241841033062,-0.504361790173661,-2.463128778509436,-1.6069074284936207,8.310613422969332,8.994705618214194,2.475771413685898,8.651303821079608,1.5321146569837367,4.563013403625355,-6.8416699954356215,0.651670602896397,5.7407100138355975,9.455180456043685,9.229720457679925,8.791180419055053,6.699526871492722,-7.798855764472734,5.248796647530247,5.489727575410722,-7.395771465722838,7.165585762382275,-1.0677840616019214,-0.4667971038731835,-9.224121271656706,-9.384816863336852,-0.9333797059013271,9.354534937450044,1.3480035193266975,-9.757178298674953,-0.25534158382056127,1.8897122822958057,-7.433415634875513,-5.068256415937007,2.840521736772981,-9.734300128900948,-3.7730187978524405,4.194399939251239,-0.5808145372027962,-6.3619132808208185,-0.26827029326909724,-6.767719958232819,-0.2824817935647239,9.666638614352578,3.9083997022613914,7.601996062350462,-1.4922003773679933,7.582775619802526,1.609994176891611,3.1686587978073693,7.836951946387728,-7.539201685828982,-0.6151418373284336,-3.306821374246174,1.5694135241187706,-0.9419068097136538,0.8583488137608164,3.0377108243498014,-4.684092475307883,1.7807869823078377,3.092624686164214,1.4220852338107104,-8.311875941011378,-8.039629506415997,6.803268613910191,7.484463562099037,-0.0521317883633472,1.067101111753285,9.059234426851013,2.1921113831045638,8.557141123364179,5.322069625801895,7.942928611503525,-8.9914887917751,-9.700873546228612,-9.505098725860016,4.561973116946646,-3.5876901737708344,-7.844307752771272,-9.691304019064738,-5.985086534811845,-9.37511978589779,-9.517337684487412,8.896636104011215,9.067915766852337,6.044768088224412,2.2183683945979773,8.629528636138712,-2.2176317154069896,6.508405800283942,-1.2356220548367514,9.994339761082067,6.094489997430852,6.966475014668362,-8.688877432177758,-9.935800723058135,7.95416086768326,-3.4528154127087296,1.1122867633810944,-4.676980443173118,-0.2854483972949353,-6.613035183299736,9.968575673692698,-8.787899816233677,4.703007463233778,5.461402182906854,-0.28240040043340997,-2.890387506174714,-9.564667741317326,-2.2665371709295012,8.791380015039245,5.698095993385184,-2.829192258747357,8.684805194698122,-4.607037342992191,-6.796354222899765,-4.774224797897178,6.813556699343906,-0.007765089852307838,3.620048561907293,-6.340612405809014,3.361935022563454,-9.675822425028024,8.681881079920764,-1.0276089555940544,-4.6781631831571175,-1.3467331641004279,1.4895209496021184,7.4263820710970165,-1.0522998187517238,3.780618028631057,1.3526646775151576,-7.059512170368947,5.110026775992498,-2.863769726201828,-9.015424701749701,-4.140588961599252,-5.620115488148354,-1.9478409860316486,-8.568625527730077,1.5663487207182278,-5.266328113761968,5.2530581630016435,-2.393854251916359,-6.782418842312705,7.092994426777604,3.627136528789583,0.5430296501715226,-1.8092479564146693,-9.42178085265754,-2.832275014363381,-8.991203846645943,5.435778279563486,-9.503548762347236,-4.741662460473326,-2.340136350589739,-5.684120703727462,-5.767470962446339,-1.2928466083662222,-1.292395601600088,-1.742213281143794,4.518794133111344,6.674574101795599,5.018347626390989,7.308147909073899,-9.233615589276985,-5.471464881666368,7.037407143495326,1.1963491824040773,5.450720093296432,8.860119822518552,-5.115303183174409,-8.802620117324285,8.407616078327678,-8.29968924250637,-0.8606226147519074,1.4452702874122423,-8.829111998070127,0.3970443815000877,3.338608196695514,7.540781506285811,-1.19060602919153,0.9617859684310517,7.549450430958608,-9.997909000892298,9.513037579604195,-6.823367445078674,-2.716504495750412,1.7274098592763245,-4.296601591932793,9.839529413269403,-1.8947097249886653,-2.375948039761564,7.539670293107662,-6.582189170120863,1.5916915930806006,-9.228368428753699,6.874214212771815,-2.70562791546827,2.343737928037692,3.4692569371156203,-4.465900541060545,2.538002432744211,7.8793489359728,-8.625949976531416,8.265986964569358,-3.4864624663942063,9.660788469230436,1.9609154179825161,-9.314950043094854,-9.460621290339645,-1.0433935441889552,-6.705130551832967,-5.912640562384015,3.8005038702827996,7.636072853220366,2.794140246491194,8.364559780612733,-2.9094100586692058,-3.766679564115889,-2.109033476871492,4.572213273354567,5.8403232938892415,-9.610610708153246,-5.468297169158425,-2.7680907152836802,-3.707345765575692,-8.72769727061308,-1.6696825103733595,7.9894113822272,-2.5420177536648314,-9.241340641984552,-2.9898931305105343,-8.870202272026741,6.179588917134918,-3.543436812213292,4.703752040188638,6.7753491327998425,-4.8063014230084145,-5.78830679402145,6.7245816833877825,2.3461558303735703,-3.694181281091444,-5.443211708585842,-9.259246637686191,-3.5801434388353552,3.219502909240761,2.326846956384216,-7.63664126253067,-0.666266337958918,-1.7899881571392378,0.054446169847985004,-7.453197026492687,8.818501198561325,-6.738085651758114,9.162463164006386,-4.695847695915183,8.041726925887659,7.725028962043222,-8.954558851868937,-5.595198062111695,-1.027370022323307,6.620985420442224,-1.3884988928545283,4.482195747740192,-9.262815500683939,-1.8193534572699743,-9.480100859004597,-1.3515456418380403,-4.396706846069829,-4.897255033311467,5.437939376583245,-2.318203903531515,-9.584212759238795,-0.9509857773605184,2.2836508137552496,-1.4264905937955419,7.832863747121873,-7.7954201434971555,3.1041260519334983,7.6087187924578785,-4.901623034801399,0.8264280004982503,-7.601749067956199,9.377983505347988,0.1384169655286911,7.374248864826175,9.501393158552823,-4.7313495080748,-5.016773628825193,-0.5426610955770421,6.514446826974179,7.7120091704244516,-9.542178646462379,2.9330523487185722,8.870261716504753,7.146458644419102,4.178035777265812,9.435228504539339,0.5012409275431917,-4.949318892970127,9.340000967684528,-4.372099129442448,8.459452417728688,3.1499350525328147,-2.335526184947632,-1.7702122486216272,0.7928659379538558,1.8545405871726306,-8.639901012307194,-4.258872217687138,-4.348722306222259,-7.889415387749681,-0.9847285387462801,-2.6438017089030152,0.06934522479869898,9.969818093367504,-7.8530439185941825,0.13458217038399845,-1.2780581322326832,-7.588176461296888,1.226300379445604,-9.051708119797324,6.155299334482496,-2.5826060054312734,9.567668012955803,-6.214345203570311,4.044090644057604,7.8581105250770165,-6.137661711243034,9.185598229522423,8.224054905214956,9.753421790507666,-6.352196611449306,-8.429072247304603,7.146427291700945,5.5315083458114,3.655311515154123,9.227587972960386,-2.3943093314647363,2.841816091946715,-8.108455598693784,3.239177002672138,4.878544591494837,4.291855834907299,-0.7887557760481112,9.922444213346019,-2.3472858426717202,-4.500951493965266,-7.282020151315853,6.006801636862384,4.923308180226208,8.11024861057916,-4.439901103958488,-7.776289283774977,9.499112366650063,-1.1878658661554642,7.894160402875997,6.052885992192628,3.726704665369624,-3.5487784506874176,-7.358284169098073,1.7415999902304016,-5.872675598677919,2.8512447601688216,9.249958155703709,-7.133219290822681,-0.9924681575460603,3.891844301590446,-3.7790966777732677,8.48999058722464,6.534711653722084,0.9002819603760308,7.0252716259315875,-6.41174770801614,-5.860574837465693,9.756654237506574,6.876405617751303,-4.297376901645819,3.349602808898581,6.545834069094546,9.092772901471758,-0.9687063740522284,-1.5721697911743941,5.087856327586023,-8.889951289268573,1.6257328510424518,-9.276628739757397,-0.0802373711834452
8.450227136377332,-1.667245917709149,1.3348760853305421,-8.86382550429886,4.754844739782957,-8.47223216232823,4.0051419359184095,-3.265087932881478,-1.7105301753824662,1.7236244640735627,-1.004621414098965,-4.376821679476075,4.023644944192007,-7.505090091184677,4.841029773379654,4.333674820612181,-1.5050153029621978,-8.48194464436574,-7.515637522874014,9.50366963926598,-5.360771333730758,-2.8081052573403547,5.7787751306804775,2.5606234736384934,8.333054315481956,-2.3631803615709686,3.3715817346011825,5.7068745975484365,0.981780219915338,8.191199210450076,5.466716510773788,7.793829382784349,5.790264513539288,8.396018037836821,-8.349853014641033,-7.877255188435686,-9.240546525351059,-4.716490466125311,-5.586654741658603,-2.1163594185588552,3.378679502325168,-7.2583903427484735,-5.163132674012953,-7.267797922599007,-5.014962938885703,6.937945867306897,3.9383538219395042,0.4085830965765638,1.3884941147705447,1.8713194663536967,2.3405743990107233,-9.434361297530078,3.86443931798226,2.231341431475485,5.856721560799107,-7.078373544728387,2.129270620795097,2.3303347337334497,-7.915165489288334,-7.062323863717914,-9.015348958748016,-5.9079539709619855,9.021936248913963,-4.3964493700040075,-1.8494245502113955,1.3591395555851733,6.469171427796546,-0.5337178450330793,1.0468902801348623,-1.3350911017921696,8.628838300847793,0.16978228978400445,8.339850672626842,9.273738619507604,-4.1341342046077045,-7.040325458563235,-7.09944589866081,5.429105109738066,-0.694460300040614,7.462665331891902,-8.318322433755172,0.1971309621826407,-4.179627935079269,-5.203419257862764,9.802273860876845,7.152816852375889,-4.786775233819773,1.7619864980371034,-3.8750625079017524,-0.7018435096199322,6.017576122761778,-7.8052140154944105,9.766975668234792,8.106078542423191,5.186021646697572,-5.526999571330943,2.985928166814828,5.00774150597513,-5.647578141431209,-5.7601674318589176,-9.801074413500459,5.240774674435221,4.719595347275241,-5.26368482807789,-3.0496304899864146,4.897110097052149,-6.392055170443138,7.683107123660797,-0.2647423063386789,-6.390354830672069,-8.656635364331038,-4.5678138222240765,7.82614625495356,-0.9153892031428423,-7.830346634309668,1.025441988461683,4.7361979869442585,8.867026834433688,-2.754687593332335,-0.07864952106961809,-8.513129997362974,-3.4648609252302576,0.197497041392813,-0.34479798386897365,5.620232272065701,3.9559084749281723,7.94482304598338,3.2202563897426035,4.296996821576366,-8.182350664431972,-6.620026755393235,0.3212927908403316,-5.0400002953761796,5.5172969494321435,-3.6923127160613323,-5.34271285511831,0.7823980016959915,4.037524239586288,-8.346195547289025,3.700278739670633,-3.8464175159305753,-2.531631301098967,8.523528877164882,6.950327302815172,-5.489279438802297,1.475577809470547,8.81639749124988,4.881278239618593,-2.5144682076986635,0.9928765814036602,5.514273036127115,-0.1978829992776454,3.446168428846601,-1.5394473758719869,-7.9373276301734785,3.5900058592901836,-7.582986984680538,-7.146848130830444,-9.189678262873544,4.912084545164852,-0.23623647730287622,-3.795874468462694,9.31054320414599,3.3365506237307603,0.2959514716646048,3.60480655190819,-4.582194158256188,5.593405245966084,-3.8515127664465005,8.11433010625888,-5.257581662529098,9.318156458477695,0.2522859368331254,6.10512479843991,-5.857518341253975,1.8139743196325497,5.109840814220867,-8.88190567738324,-8.640858956477455,6.528391886141442,-4.669427523874344,-2.5005169666829374,-8.24309153068194,-0.098659935617043,7.104268693846521,-3.746019893663714,-3.696899883772442,8.5285515991586,-2.441930913723846,1.4187044956913795,-8.341899704806568,-8.494385349951557,6.958335523613275,-3.9618207014689455,3.7857166010013934,3.530671616342321,-5.5292310130536215,-3.216963029755176,6.0247042509349065,6.198111446227937,-5.356069998930102,6.661652862882882,4.771916442430854,0.9729116851386941,2.227938506912606,-9.024608159121684,-7.085868171384884,1.2781169976223339,9.925956974458565,-5.050327121879148,-7.885904601990658,7.565620491176418,-0.7175181360345988,-1.5712744985842715,-8.795704037289177,-1.4710564177481196,0.8643265273141907,2.8558833137726793,-0.31729237538953825,-4.230363397833388,-1.7386684198576159,-8.652795195793292,-5.051192124299419,7.760376461074205,8.355165563660854,-8.285055992817728,1.0457450760010438,6.161726743682362,-1.2124945941983345,-4.1110447992485,-5.018204895759788,5.5588682637730376,2.6527335695215903,6.503407330386175,-4.706885041629549,9.371131246387051,-0.9997108592936144,4.011434721569639,7.949882812490525,9.206871463811112,-5.114912500207507,5.387110278796483,-4.972770772967663,-4.277023874941661,-2.6524940989244117,-5.419510950537334,-3.9741748185672137,-8.89695961343206,-5.110517024545627,9.456288743368834,3.0373341826088414,-6.695000333268002,7.429107491190898,3.733298966137916,3.619750441543255,8.842732403530565,-6.32374487998298,-8.276473022057136,-3.0599238202849914,-6.410259126702704,-9.021300695386106,7.553539410148822,1.9948228978541511,-3.3103244818427076,4.428709170405371,4.881990681998445,0.5732617408021685,-7.791295690459632,-7.426965071846512,-2.2387398158647853,-8.65261811208001,9.016373614807659,-9.064774164176526,1.4737418843511563,7.87457073104083,8.634786888011472,5.004402489761723,9.22620276895183,9.291624428202194,-9.989756583784214,-1.4865652020622182,-9.69093418599845,2.9825833315234913,0.16789553800080803,-9.691696726468047,6.688404587468707,-1.8998991570603465,1.0118617311236626,-5.548660834333054,3.1094945998128978,-6.084956956237311,2.7788606255871358,1.340384562400459,1.4971607860633807,6.06325107380875,-1.233164157046664,-5.676767126476552,7.8068026188482555,-1.4756713515571462,-8.51677251086099,3.4561584284129765,-8.98888641090344,-6.945410135958592,-4.034862440494839,-4.999780656923145,1.5094855469168493,-9.230923625460159,-8.069334914157757,7.391048015215532,6.897547998943519,6.880942550934154,5.59743179631492,-6.313528626403002,-4.27557611275974,5.239606555917447,5.075291200146976,-2.6372459884576083,-9.4206102824236,6.017235178793435,0.26022865661642847,-2.0265068662758434,-7.159002746515323,2.262279384706174,-5.1928687690655,-9.239131236950364,-5.9366438020305745,-3.398282702710935,0.7611323559987433,6.094944982706124,0.24015642235789514,-9.36037378073557,-7.57917708055224,3.683693887972833,-0.9224700185490793,9.975788334040363,4.176043359408899,1.67865809606619,9.609828711146719,-4.855473979850924,-6.838101376157766,1.76411606150735,7.41595205459128,4.848623821135513,-5.3179368340374245,3.551110292607172,1.4282033964172172,0.32263550945117636,4.834704440342142,-1.5939566372132834,1.33776787402204,-5.781151479607518,-2.161037293653319,-7.710668011191197,-5.798513337705655,-5.674641383764953,-1.8038157986351528,-5.039268105460717,2.108576880821335,-8.397113829507143,-6.48442850742907,-4.441862937349068,4.750840817142354,-0.7473701784500104,3.9289851667699605,6.548069734750751,-3.3358851990075227,-4.961473713632367,1.4843254326410467,2.7648985803890582,8.359034592251458,-2.7082146757733483,-7.385740636699931,-2.721464701920839,-5.881762631041713,-1.5173465266136255,-1.1443008604567932,7.439489607815172,5.5797098374363525,5.0774851698241275,-1.9694258580229018,5.3462197956339335,2.7598143141147062,7.632202750432228,8.358919979581714,8.38638365077992,5.670117849162754,-1.457462541524265,0.8940632652614937,5.038954676225734,3.074405915065711,7.536457819837057,9.946234002742138,-8.746525507017218,-3.358139742657274,-6.436673817441314,-3.3819299596857766,-7.771719491921967,2.8463239224359267,-8.17937385695885,0.07742906660157267,-3.191332012702053,-7.076474321801342,-6.964054124523626,5.209378907900133,-2.5425983368157423,-7.524896496707083,-0.4748845409483806,-0.30551317354465546,3.0097442542082486,-7.126957300511513,-5.422577455945284,3.7580494126479778,-4.174646070347472,3.518357976710176,-0.9251863815962267,4.9866096027496525,-4.082563787674138,5.586755567351423,-7.027167118874109,2.0415820633989856,-2.5996500268466534,-1.4524058237873092,-9.037053230998836,-0.8201080710704911,-2.1644201407950376,0.4159551417153988,-2.5867247213021205,-7.603501988040686,-9.436003019619626,-0.8965253988154096,7.32386126506422,5.292666934297859,8.919621236909169,4.946978779257529,-7.543848637455399,-9.445233258738046,-7.100301291081015,9.627557924906355,-7.393752704294483,5.023817029513824,-6.885978995120849,-5.449849429547204,3.9432307692851545,5.180449849054467,1.9684286781208566,-2.112544880456615,-0.6776178796904304,-7.682657600741971,-0.8383082719792299,2.8968248563388936,5.267292085292565,7.453865690378535,-3.8173579200675656,-0.04821053286111088,0.28959783010867035,-4.3798935719988386,2.02596809507809,-1.2420762293924543,6.985120083173221,1.2984599314758771,-1.181927906331655,5.277871291133508,0.6497905204867536,1.3217667333839689,2.603436391162692,-6.901560846390402,3.036338464736012,-0.4278165926609816,-9.936049915142519,7.1210904873180745,9.557407710591207,5.664711044253011,-6.947639048939389,-0.5707982691462057,9.4593428379738,1.1977612789063095,-4.0914733419344955,-1.5674917133411164,-5.8238021398363715,-8.201331367813982,-2.921675843163751,2.2433595575906047,3.21230493649567,-4.92158370257626,-6.265619534395331,-2.8036089241648066,0.4936603526048131,5.323297731876499,4.698257681137159,0.5125479005453784,3.7927870914233797,-1.3603930182626414,6.164878122378411,-1.2861081727505201,-0.9468649494682317,-7.298063670744606,4.107904449797397,7.666899908671798,-9.227996653369242,5.109665053678928,4.780347760989452,8.46222182383628,-3.7258631322795193,-9.841635835409493,3.616798559622051,-5.108831895833383,1.5232423747015122,1.1791016819270066,3.492349150127378,7.283109421689026,-0.2715517702847734,-5.698908220707644,-3.234556665875137,-3.516353350046229,2.1719280917452544,-6.420316241012269,2.817216476234899,1.8956109242535177,5.394280442745501,-3.6519885202549336,-7.427529825242479,5.066244887464817,9.47466622784357,-6.533325917604604,9.962449013029147,-9.33810099776535,2.426810160351444,3.04709037763846,8.156089240936659,-4.440741478153997,-3.4561290766989643,0.29126257342254114,-0.412526086547345,9.240381736040003,-9.754963238340686,0.6046870583155872,-6.234834243774811,-0.466844410472083,-9.466507120822374,-0.3933933112168848,2.7583848544874563,-1.431776923374347,1.345552448537326,2.9503208396231635,-0.34219730992688646,-7.544207323757992,5.8437615478412575,-2.7803794320883153,2.82817970896037,6.5087348919369745,6.6927060109151135,-2.6665641955497676,-8.338804401996338,-5.646251353716572,5.709614538707875,-1.431412929984237,9.806130609977018,0.4198903023207343,7.6202196795327275,-5.858370366394608,-9.232026979982903,-8.033144949003997,9.696763111455091,0.7209671982241712,2.58848283584914,-6.449298204946401,1.7363068628181093,-2.342875033479011,-5.379404228069273,1.815032014347974,-0.1718647641862887,-6.374737798394232,1.9568231031023338,8.721204603108706,9.368228074459822,-3.406713990197943,-7.243304421958568,9.038525928013538,7.580107403238042,-9.155005222142433,1.8513458825711222,-4.0441743987444445,8.145194168366274,3.6173716939198926,9.566952780477592,-6.763102765655238,9.414550016544602,4.64403578203928,-4.341580968577614,-5.56514594850706,-2.3935251611767256,1.749358595028486,-1.6213468171263692,3.7257862316040153,8.71264162064547,-3.156774916188847,-8.134495320036365,8.576996639976606,8.219057218265988,-0.1477549628116197,-6.439708227326073,-3.7420593364297954,-1.3306449794412423,-0.7010930839030944,-7.7789497728673425,-1.8529058591958965,9.241008571684478,-2.7080993332263343,-5.895046194958118,-4.858690642193853,9.884226015259049,5.512064617387146,-5.767079038996565,7.073097572123078,0.9467814075742957,-0.7488661301593087,1.1779037745832035,6.378982545942794,9.312184486107007,1.7219718820586252,7.924192355245371,4.665220200613987,8.211434183899676,0.1859279262777509,5.113589725940335,7.040216700748616,3.6740709422880773,8.399869963059366,-4.0923142567416715,4.480312333015009,-4.989302773403037,8.59862798527605,4.544817553372862,-6.488810590758316,8.908491253028377,0.23109073051528206,-4.402944598040362,0.4078587804163476,-7.235047436318407,8.872518363558974,-0.6234582017498234,1.8909505897778516,-7.681465707096846,5.018261590071212,9.261917652407831,5.228095911446218,6.543628986933598,2.433681485056237,-0.4401384071981962,2.976527894142853,9.300324881309376,-6.00381884318651,-6.817467632164583,-7.053970224024426,-2.551295927446424,-1.814460235709742,4.0387614095084245,5.673075457627288,-8.52919293706332,-8.377606989030024,-4.842105800130314,1.62713845041276,-0.5706615801859254,-2.656356687334716,0.06581212318876695,1.961012341768729,-2.0332055099618307,2.2449658659548106,3.1102036677364513,5.956260198624609,2.631583015368042,-4.665091566538946,-0.3489121561345918,3.7439895224945996,-1.885856966533284,-3.7580361615111464,7.052217992339347,5.208437050363994,2.3025271212374303,6.183005141315533,-6.0760140096561654,3.71286254347174,3.1051736014838376,-7.732100943565001,7.402158732385942,-6.226520052632352,9.012646412100782,-8.61881206167558,-4.035555073117156,6.071145768840797,-5.396270731760213,1.3352952000564304,5.1936509168273854,-2.066510452355745,1.235002465727458,3.5142199799162483,1.6344225615147945,-0.837461466930991,-4.647879852437615,-0.13814151568518795,-1.891846629532406,-2.526652642976492,8.387445330058501,-3.83782389097507,-4.0585919228060945,7.2183865049952765,-3.025225540442211,-6.590024070952614,6.188897363573346,8.829269088680782,-3.267479875453862,-8.67475656484655,5.90118618320254,4.315926534257768,-2.301434139345508,5.541697784991598,-5.960692845713547,6.709215321039672,5.136606438324174,2.7469214429871958,3.026831038183433,4.168005005163582,8.708192184282982,6.117772375322442,-1.4663037690866467,-7.226187092357348,1.753509647867638,1.7983567999699996,-0.21252696682249272,3.005392687687321,3.9806691635722924,-3.53465685282492,8.54961383790809,8.013292961716605,-9.598451322327353,-7.424554267214152,2.5455746430589272,5.880578850079328,-1.6432850344980938,4.839173303774793,-8.80070970879532,2.7214706569579867,8.506030092568043,2.0789786648331336,0.6455569968681463,-1.3127538313044784,6.20157986701124,7.533352962640421,-4.317450269839352,7.145448636368791,-0.6269042025972755,-6.664327068919144,-3.4141626933857356,-9.846714874654495,0.5000433969822264,-6.576888161461818,-0.6058379043894675,-8.241673968711542,4.928515448716322,6.318950416021007,-9.069406409953274,0.8866942063449716,0.9567745693561029,-3.5679848487976713,-9.640735293367387,9.909569273285701,9.29761478059109,-3.023086796542886,2.2395028414082425,0.4989521257129059,2.8177454369017276,8.70023587510396,-6.268492519431277,-9.573141363915926,8.378224259885293,2.571620948734985,4.466379500024889,-1.1518285497004488,-2.9740748284273337,4.566303444730329,-1.2840653639025739,-5.5594852498066345,-4.549205054242085,1.8899114904913343,-1.2109731793365235,3.2424969352566997,9.82907138962063,0.6932503421205425,4.392811158314419,-9.598262545804243,8.9483288702178,-3.608897907454174,4.377466984391276,2.0275001152414163,0.4479336645223704,0.73533682169559,7.821501952304846,9.09215211330515,4.341317692682088,5.056044842657215,-5.2436911875484,-4.102991802909878,-7.559610468913691,4.999847507882286,1.9472990389228446,1.6212237480729321,1.1349970272986898,-5.554569821720207,-1.6736318020806813,-2.6524461198047504,-8.07120298992934,9.05921869437945,0.9898023610584534,-7.859286656610333,2.3980708838788374,-3.8352897753967996,-0.33865352988542163,8.936715035532718,-3.4287523663337183,-2.4157585275695688,-1.3785927107547362,2.1207221027407854,-1.5984731819282025,-5.734361661153815,-5.073989501965559,0.4955460200719415,-3.9189086933399775,7.486432723404178,-1.3156726355333976,-6.0455500104042725,7.294620673578699,7.185985980643686,2.254520188038697,-5.080704459864807,7.655016822787303,-0.11550959427834329,4.5740980816718455,5.106192029561873,5.311295816323305,8.050802737303563,5.4536289659859385,-8.017269203255278,5.9748153469280485,-8.056332594548932,0.9917055266837238,6.990657207558183,5.893275363327531,-2.5170812286258766,-0.8449001871097916,-8.378012481112195,1.8486786874395627,-2.8923898461474717,-5.4419964511527485,-1.8308757837396872,8.835676009218577,-0.48666469956695835,-6.419939129797452,-8.15122891500079,8.07906060664829,-1.1997028532094856,3.0755498205698117,-6.792785619209811,1.7387352149942394,5.3967501054204305,2.974895161804497,-4.569404817451613,-5.862246397808657,-7.406968806241094,5.173118444488544,-5.942294616614561,-1.5595296598814734,2.054099506871834,-2.5445204256156977,-1.9467501701842327,-3.258670573511888,8.453696832668246,5.7503199280326385,5.182123079969042,-2.711484440288663,-7.089959313329734,2.7984078784138156,3.3491572193316586,-9.153943932246504,6.1431559061933,-2.916503392940286,5.613348081939581,-4.791355000123005,-7.148791436424949,4.666692733804904,2.3021499747634007,-6.729980900414034,6.12067139379058,-3.797391564809784,4.592052615433918,8.855730039797361,-3.078821731118772,-5.391302690551177,2.662936650581699,-9.235007315222372,-2.1601279879349633,1.68077441615395,-8.927501587894175,-1.7845012226098529,6.807591817537229,8.29694751497156,-8.516765319956844,-8.74160311799707,7.188323165271129,-8.204416820027447,-3.116913065606413,-1.2038279831822596,-4.228404088493328,8.236418858993584,-9.979959485035302,-4.81733574621707,-8.163289283066748,-0.31542941567922966,9.000517739574171,8.086993888288607,-8.2966813954955,-0.06823861962257816,-2.3033048710920534,9.182801168449405,-5.861934496592145,-7.3705903486677515,1.571268851583664,9.519732192287492,0.0411457831136115,-8.025597021714567,-6.544080925966891,-6.657963533321376,-2.506802301036033,-0.15269182849936946,9.541508881295272,-2.2475050250881567,6.862556028646235,-3.23898969070944,5.127530111031957,2.6832613878100293,7.947864926593418,-4.80699145760179,6.827494710967642,-0.7300418828180817,-3.7160014594393687,6.471131372156023,4.513301263584683,9.149332738921224,-4.863525120857684,-5.190372293605403,6.772063655847457,-7.603588269267261,1.7904658884460858,-9.556114413265025,1.6556927196209053,6.516546718707485,-9.618843660430699,6.816964965700418,3.423606888593868,5.791400646020467,-5.192987991996139,6.910985071940146,8.780852379977574,-0.22497489090013367,7.003780933832317,2.661445033098243,5.6294419067891095,-3.577135486892442,-1.2766881101918255,-1.6949559364963935,-2.711183679650471,-1.8778090956403872,-0.23746876405922102,-0.9749667687826822,6.022060055572645,7.043443824325511,6.217735351720329,7.3668449115822945,-6.61572722417946,-8.361866628699401,5.784233582652023,6.402641262926942,-5.588026254837571,-9.108354292893694,-5.935595022569333,-2.4134021276730477,3.539686197208347,-7.573282047490597,1.028784678916903,-2.8130227474757756,-6.08305366753968,8.816291594868574,-5.187183829277197,-5.311996830327626,-5.481067033465226,7.234581543555663,3.0163250699487865,-9.944639628831064,2.0071746681920075,8.408645118438297,5.6555757091688985,-0.646895802182101,9.549100197926006,-8.421204153512178,-3.788271435244752,-4.592145288122012,3.7739980006085094,2.789973410914282,-2.278994124464189,-3.6378313194613376,-9.438255776515419,-5.098311186064006,2.749082742169307,2.930080631116194,-9.556342489564123,-4.184820952461319,-6.158908488845814,-9.96941658113582,-8.922089845090762,4.977917807090741,5.33010054094456,7.384516059259887,-0.5426008520213355,7.33464633692655,9.137598389973558,7.534721610678162,2.9617870441260976,5.922813853014775,0.44800967618066956,-1.1312788087528851,6.607098813063139,6.326037331401459,4.764935616618505,-4.4276161067904996,-0.3937175173198231,3.9480990123165043,-8.096395952876485,2.978870111672215,-9.885980643315888,-5.897264758779848,8.380394977931314,-1.8018725141194203,0.5064033025514867,-7.946965632203684,-1.0100398191625466,5.585551728089378,8.129462476621153,-0.29338836364109433,0.961723372938879,-7.37531348347148,-6.872434855199683,-0.7662050861241543,-6.493283446422035,3.089686867667849,-9.241343712499004,4.491050253675347,9.44084797976435,7.989126070492464,2.718311882225903,-6.614364230221073,-3.340655316912537,6.785618696367344,-8.750222275374696,1.5187182775709118,6.700208819518288,-9.47075106149246,-8.310020907550403,-6.80148550695818,-9.69411060938433,6.53802185064346,5.044527743478572,3.1218548871179266,0.6462102972206516,6.61725739479359,-5.585703747453621,6.365516717611591,7.914297834505049,4.662019259044527,0.195893065992216,1.054446772422386,2.8157531149880093,8.282724326459668,6.098044345322357,6.655292913933938,-2.363768806002069,2.399522190409936,-8.198675253521293,8.445105842715009,5.24843781591175,4.359342923473191,6.442784564038856,-3.191106699667305,6.957709484347088,4.382282243596432,-9.112495292743528,0.20140562433333464,0.18757440026170968,-1.8075845127464074,1.758367769601854,-4.03114172545469,-5.45751910974176,-9.212188609321935,7.712442640896768,-3.9596233206558846,-3.454024241633034,-1.976577364654199,9.423260955701906,7.626361781160583,5.659635993535584,-1.247892244098912,-6.514909678568497,4.3649851507081205,4.648215058609447,5.025163304200849,-4.681278663217503,-6.752240356136586,-2.963421642725466,2.159300367489461,-0.09479129736197223,-8.165320484209328,1.6520605338752183,2.312332168222767,-8.283323315712552,4.706090111571122,-1.9576083158814601,-5.225118401307814,-2.858769069724829,-8.925309632394269,9.009551018912166,2.8004101031596527,8.724419621773368,-2.450247827577834,-0.05746715573522643,-9.942685628502993,-1.8497100109879518,-4.053502712357593,-1.887186117017169,-4.596007349885802,4.816973156803929,-7.255266575587975,-1.1397795493132676,0.25417595618026034,-6.030235107645314,-3.2308049532502547,-6.212464341757926,-4.5123027235349245,0.028084224605278152,-8.123844094560553,7.825289240153609,-3.3961521118126248,-3.858018738047737,5.570243789588245,-7.4657023750314995,-0.7715076064683917,4.673888820734625,9.318170002270342,-0.2466732520973558,-8.732536934067154,-3.7659942996984093,-8.615216174299965,1.9322667676886223,-7.523123080927878,2.6239808974058256,6.456792693024806,2.7702296236412955,4.612255337334631,1.3820970548412408,1.3028642494972669,9.287390789376222,9.675705362665411,-2.9607651068304097,0.7771668600390882,1.9604520900944529,-8.29226737698491,9.729057037116092,-2.1316780592431606,-2.718596806439608,2.5830785795673705,-1.4913614832783146,7.119862489220971,0.6015847936685947,-4.525572914533411,1.0683506341116242,-3.3896171830930992,3.6901351534578204,-2.893622619778755,-0.5780407592032297,-3.9321653526375933,-8.56789276239976,-6.955760548565544,-5.86581735828974,-2.9591432429283904,3.106575515364696,3.0245986073236413,-7.904731470442565,6.611845365790629,-6.773325105809422,-4.310739894745699,-7.078569213958412,-8.68073355857404,7.7437835534068675,-9.619454689964268,9.1408171248666,-5.180102512725428,0.06422898836955504,-3.0796786223239376,7.236232634027541,-2.845082010310329,7.501700226633918,-1.3374002576348847,3.0214441998882826,1.3732077471154867,-5.989928303485989,1.1613747691841532,9.872844248346787,4.448110866482002,-9.295697178507652,5.252858680229664,1.2495682271952795,-5.1980394692013565,2.15328494604692,3.635129634981322,-3.2435091065717696,-6.089799880375589,5.246599159198574,7.408308608569527,3.118231874597333,7.698213361820034,-2.4241180483895652,-1.3178911587362379,-6.170576995633928,4.91605951639233,-2.418067398382629,-1.3878269049099128,2.7255299598031986,-5.2140465534041835,-3.6759697706729515,-8.961440355533487,-1.7797749471075903,1.5432434972842906,-7.0290038341685435,-0.786543308573977,-0.09958890279148314,-6.634971890084609,1.2686548763493093,-4.223407973199961,7.811254046399906,7.721843152295765,7.2603093648600705,1.9931561703245588,4.134256993085273,-9.990045301228553,-6.184849061547926,-0.08603064470156419,6.215255459998005,-4.09605817231216,-0.2731732987378237,5.372234733458853,-9.986385993122305,5.479474096075732,7.442680020960005,-5.098164986775579,2.113542062674716,1.6473448239292487,-4.23658759670719,9.955498005026342,-3.33547969235007,-2.5862461767404294,-5.314238219717648,-1.135372520972851,-5.2610379635333455,-7.1795703815485705,-7.15533707932658,-0.7213787946991896,5.419182026842876,2.174075399464284,8.600795138319683,-2.9615761762784647,-5.436865307024354,3.8504429788170533,-7.236972821434414,-1.1981893035447655,-7.087843269662266,-6.5559439942136795,1.6318623647022008,-8.38721269504266,-3.1009359452944647,-8.595828195704055,-6.442611925246606,0.43046586477202986,8.48172851455292,-1.0900863432584025,0.49765414788327433,7.127712665200356,-6.078435678483418,9.261461306265492,3.4004842397200967,-4.173869581974103,8.348983549866894,7.780052461522978,-2.7529210327322335,8.5886359885714,-2.9389906483912505,0.24806293396787815,7.746057297131422,-9.36156364074858,-6.265005012672371,9.191499792183095,-2.5354139493594747,9.860983621771751,-4.696030629419949,-5.0959702296379845,2.273058225604437,1.0425696673821925,9.379615701151863,0.7288558555068079,3.725839819212201,-7.086327238380914,8.847719658599672,8.475573955265666,6.246852452257642,-2.88961642199906,2.494308166501675,2.7411343382210855,-2.5461993655012733,7.026888940648515,3.791684757842912,0.9225418180405516,2.69777748634446,-8.07212335828006,-8.802812080575526,9.873225799001037,5.92260594581399,-0.9582022604688945,2.286541078500054,-3.760835258707673,-9.821280739904816,-9.70041815873776,3.188650819923584,0.4225393056052251,3.9182784000853825,-8.420245660559438,-9.413466084531679,6.795382411452767,2.521677763505801,-4.499427610381,8.354807504253365,1.5461773892460293,-2.4459925343711753,-0.6503420348562265,-5.975150633892605,4.864994713353292,0.10401532702981697,4.683108133449167,3.5798108018297654,1.6759581769520047,7.010316837221861,8.057721628033221,6.272996311796039,-0.6887975727572986,-3.1810399762995223,-1.1684065946381743,-6.462416026012951,5.818767791039166,4.736030500563164,7.000630462107207,-3.806208130249744,-3.7631303930143662,-6.7492487549219815,-1.4355728973075959,-1.3979093742868756,-7.495985510527394,-4.3447188739048626,-2.7520926780190313,-7.6288924232325,2.626558749763472,5.9237814345888715,9.840230456133408,8.900263356560078,-4.006323606743873,-0.08808768444758286,6.671296413370701,-8.467550464039356,3.0710576203762834,-4.385337535976137,-6.0965180517766715,8.451180797738608,-7.155196403261694,-1.5040862510160444,4.4411866301499785,4.564680918544145,7.65183964085119,-5.646109255215592,7.387525969664857,-6.258373141319458,-7.74149244777602,2.12366730925622,9.431742794552964,-8.855869521289172,4.492860546056161,5.943085009024369,7.30233778574425,9.12017382798437,-8.911329278942615,-3.463133919358663,-1.5934777421619586,4.731254572917996,2.858500602595914,-0.31372311728397406,-3.6987401610571036,9.560432631150508,-6.615585325587194,5.185268588591683,9.170076583556355,4.781531255740891,3.854015187301915,0.6191110767736401,-3.0608306291395238,5.835316477188286,3.946028599190681,4.810207424520367,-0.23228779373937591,8.186439658337633,-8.063491902916823,-2.867573380913795,-0.37311078766640904,-4.219660083548982,0.13021630736154322,-0.6123335463929731,-1.7526831865651786,-7.351421832668206,-1.555661350598335,8.872911615919264,-0.03058472097916365,3.622980326791513,5.087228270836144,4.234299310320642,2.301495418138117,0.8912720040021327,8.921341071111314,7.180940255832162,3.3146286945360686,1.3243051694815744,-4.667857281759169,9.301359546481237,-8.542024844713325,-9.697333166124274,-5.452742571714529,1.950599866698326,8.428702008226097,8.329611828101172,-6.249989798488304,0.9021737576717541,8.383000365812137,-7.882944446588902,9.503961955704408,7.393668519364951,8.214746951632186,6.6226486743264665,-1.374901514007977,-7.181083760801636,4.239242389480342,8.063351746001516,9.221519522133622,3.4812247747099594,3.2375118127982248,4.920254055835695,7.232097052091252,-1.0219519493812417,-0.7003773425670943,-2.105067589185139,-9.323333170549894,-2.5153610007451626,-5.162915286827479,-2.557944697451962,-7.142493311193716,3.2480828656654737,6.513003894454478,-8.65694513939924,-3.261203131290036,1.5440854582726242,-5.466384127980315,3.5387193576922122,9.960891245331148,9.110204732212534,-3.59577465436276,-2.5494994284234584,1.9750762207158488,-2.517363082088721,-1.6092256999705956,0.9741788125504982,5.708710862779981,7.575431625116828,-4.244128408499397,-4.741562249055633,3.8910105336540397,3.7449399516311406,4.0083765730064425,2.2408919279660537,-7.905674614492857,-7.037256864585846,4.544432702577508,-4.279345651385212,-1.1958065169091814,7.336050819786088,-9.548786955594949,6.583916720627762,-9.561380664173733,-2.2941388186959877,-2.905223641279367,-8.628121707840029,-8.044413136559175,3.4703826924559635,-0.36105524434122316,-1.4563831471302215,8.032836753762396,-2.74657444472453,9.944286064687976,-1.8240961904664328,-5.978460244840596,-6.117301189520486,4.085969399104004,-9.764431554030777,-0.6698624975979435,-5.499741661321931,-4.381000510457447,4.083488537644115,8.18467086420003,9.461261644028163,-2.2873587737924606,6.779747484651146,2.261850534198901,-0.12460699046021695,5.60469216531396,6.9266960239478585,-9.342069314929322,2.491730165642423,1.6837611482603538,9.551808500939543,1.5550853577640886,-4.0424366780967835,-2.3411275671892913,-4.398833965620854,-4.0048564599555,8.53820587813318,-2.6926494137745394,3.226032637127876,3.7583412896920603,-6.3323003535056355,-7.869699799320864,9.722815412292679,7.190493009908177,-3.514747475538136,-0.5259885971664868,0.11915097318503598,-1.9218353972200362,6.90104285371077,4.179588069449869,-5.649655086939793,-3.9317969900960748,-6.908419589135586,-3.4584765576972583,-9.721657637928152,-4.25483605572933,-7.5956793704207115,5.924233821655713,0.026445011870197987,3.3392856497366203,0.5263126930633675,-5.939810969994586,5.137619297365708,6.819694491208459,8.90386798381877,-1.290883723137723,-1.1878184241351875,3.213393172955506,5.2085030847370355,-2.776904074930755,3.5780622566724407,4.292660694079144,-5.499785327342814,-1.7434121918359047,-2.711032794257342,0.4055822443704571,-3.671564933425251,6.057603564166389,9.85508488366337,1.3890908408878833,3.6653838113012522,-3.73236239849734,-2.8128020629398875,7.946845659037873,9.108292091009645,6.606994308739036,9.512475154154988,-9.884960595151849,-2.082250569510191,5.858590779550747,-9.770927779611094,-6.374079901064576,-0.06397349781984296,9.993936209397699,0.6023636965628221,0.6522300106846899,7.914851812384814,-8.912630946490403,8.452490018269806,7.334798526547935,-0.1909431750148869,1.004599397756392,9.596262685091013,5.339535731354344,-2.12113662295147,5.422750556567369,-4.000143711604121,5.282101857838136,4.31276324053265,5.305829112039103,-0.2305818263005026,-9.23212564826912,3.673089548899494,-2.151304454846965,-6.506302272613425,-0.9869737190942196,-4.204684999381945,-4.6946532872907065,8.519581792891447,0.14859586789146206,-8.386932877640339,8.462296963105967,3.888923482248405,-6.422865698146369,-0.08117063605285679,-2.7146554539029433,-7.77736022619361,2.947870249887135,0.3290867126259105,9.751547332580962,7.14720202849994,7.843426543603677,-4.336022466277749,7.185443946069881,9.627515566683439,-3.8199808829999604,6.992111614051911,2.1800876864407126,-9.392777160513102,-0.09370159200057238,-1.830937208982542,2.7679593355703176,0.9014508637029657,-0.3699437735981892,7.0336423775964505,7.04670568583418,-2.7848629068628465,-6.236965821207097,-7.9522203206998965,-7.4929250372738405,-5.688197263301882,2.5247574337444263,-2.606641077049911,-3.839536807256403,-0.44110253587699155,3.6701479981893783,-8.962903767217703,-2.5193900259418145,-1.2597626253031322,4.460084021632957,2.3284324237354497,-1.1802203835369056,5.612752514874391,-6.001778181388852,4.157614279448971,5.926022156148079,-8.865162151616563,2.3849623682490027,0.049941406143274136,-7.351111041542451,-1.1546026857670846,-6.340653315596779,-7.349565187731533,5.754956494346111,-2.439363576114797,-3.261739582040075,6.967397254793806,3.2177917356857417,-8.960483569660592,-8.905637761921518,-8.928438531200698,-0.2523124683510236,8.205834496270533,4.204730808225381,-1.1106897458730725,5.069534679182354,-4.661649677222373,-0.963091943053918,1.9893534253104903,-6.097889518134883,9.83628619263117,-8.316263715293243,-8.651726744381111,2.8016559451590233,8.061832600651336,6.442940849471835,-7.754177849038459,5.0552722757445565,-3.395114324493278,-4.363142155762851,6.05904731917763,6.814271744331283,-0.16601227744896363,4.573400470334173,6.215985193227983,-0.7315328335730662,-8.587230029364994,3.769291882162557,-5.384126645195262,9.931003712406916,-8.189985039926258,-2.7340779841103036,0.19937415675745207,3.02936214832801,-9.889366358011266,0.7386159530954153,-9.062600922971312,-9.821381045892984,-0.5548432962772871,3.7527802374954966,9.989767865884101,-7.517558447801762,-5.598440614132452,6.0100673434884975,6.806283045335032,-4.118155758642561,-4.712573313983026,-5.096581066275865,4.31688886836336,-2.418956142266162,-2.5797967008281546,8.480016213221447,8.655969680091047,0.5661845930264597,9.352510529359176,5.048882836420216,8.556498392821432,3.756599675894787,8.445085078839462,-5.091746587692398,7.936932791579299,7.340577153862128,1.236243536075193,8.236850330358152,2.7029168455395602,-2.45262938772723,-1.0989710961426074,5.644610861204926,1.8017676408155854,5.1243624967893915,-8.965369210736036,9.741451014088277,-8.301934406981777,-1.6841791968895343,4.271981518256858,-1.8576031054683781,-0.14922471352385358,9.976274467961794,-9.17418826728766,-6.187723817909299,0.955408345689797,9.864444438935347,-0.5315265953169188,-4.094633319375909,9.729780654506676,-4.943337358527719,5.844408820633124,5.135481513569308,-2.380540756528992,4.5556540801743,9.803153799966914,-2.7127471058073027,-9.205407257085929,-9.057472879758375,6.545578250514573,-4.1607303512900495,1.6573059184337318,-9.971883812292731,8.715142024159995,-4.452165907117427,8.838163976809938,-6.659639420772335,9.669159212057043,8.908909643645543,-7.642620742294266,-0.17216930714931067,-1.6802451588728538,7.721203393263195,-3.391698187369432,-1.795183579539339,6.182769786903425,9.750627901458973,-3.685455270298908,-0.7726249542109453,-3.320602183850343,-5.85830191350764,4.734392886020622,-8.362469986349257,7.819399727049937,4.648547205446999,-8.103133867016833,7.4566440522122654,-4.643430724489271,8.831966951292394,3.514957180113674,-3.189568003338781,-2.959094529736399,8.946700725147362,-7.736277288458469,6.533987217376648,-2.2855594478918135,-4.528607269359187,-8.00358147432405,-5.0048129984342715,-2.031620784554673,-7.020320031798257,-3.069468840093716,-4.218463433044805,7.677827784141694,8.303260910849861,-5.7910506502403925,2.6261752442116464,0.013554508577207969,3.9520491922940266,5.98573169362316,-1.7768497955509588,-7.422518354816521,-0.7892491692303043,-7.398498863399141,-8.254036908095436,7.580182795165975,-1.4734373259648859,-2.835670740458916,-7.426565265955505,6.527984041266585,-8.065393890646252,6.753189651742893,-0.3678594406049349,-2.041827298670289,6.452760721001077,1.9753498026831338,-1.336509229355464,-3.9202712309349597,4.751746310200321,-2.0065506085129092,-6.450026258313164,4.495093708225575,-6.815571164782139,-6.549182640309182,-8.215392851048914,-7.0006053022590375,-1.3105887777941412,-3.2954382990130444,-6.4803428908956935,2.4358073026502147,-4.202069663423609,2.546306298433123,-4.060461167908764,6.578132168089358,9.507326239109755,9.06736899393114,1.4136708167564684,6.550799932535092,7.183812926333619,9.876092213517595,-7.759725819732735,-3.124830531511109,1.85405090989466,-8.082968742887653,8.36938521076005,-7.771589866969859,-9.026696931909115,7.2518266230112545,-3.9979008277070687,-0.4735148085936274,6.3129763518670075,6.250112703900779,-1.2692049585229714,-7.162467414923852,3.526409364949277,8.730662712030451,4.919810447239048,3.183222918447427,3.250850058123829,2.6875286307610047,5.4223935112326505,-8.715573296496704,-6.515968286239882,8.902763567617548,6.50303454550906,6.712306224938896,4.326379414007928,5.420999849426035,1.7582089083123194,-2.3413967890535474,6.618842474733931,-2.1398112460045837,6.322260239783908,-6.687416731955549,-5.549339585689501,0.5757823470561547,3.436483755069661,2.5679860238293593,-6.858900488003856,3.6605564162072195,-7.668033853052125,9.102999958552193,0.5185186962898474,-1.441889201712911,0.5886696230309401,5.207582957812175,0.14195773217651642,9.018330358415653,6.790226063586086,-1.104651525421719,9.510168405986445,2.2156724440595017,7.279648641745837,-8.16339589795838,-7.266844706184774,4.148229937137986,8.413431557155313,1.7875800598330844,-2.6477929182732707,5.660960205871339,-1.8675490660637823,-4.045039586913033,0.9893416978117067,8.06291220262684,9.578762756631424,-7.878741751617664,-8.53687973482975,-8.606253514763623,8.455949778235862,-4.36669658917336,9.50785044216055,-2.058685740211656,5.440644796884538,-9.556692614535049,2.0866074250306035,-4.819607583914016,6.636007703399983,-3.6791926375085744,9.698732004145604,8.90052173312592,-0.3107870409345992,-5.79518005772774,-9.95899517986542,4.938314021070006,-9.08684717558565,-9.1205801328787,1.1821498529645513,-5.280050608449745,-0.22293591761923537,8.77465920403533,-3.5072653453043756,9.56788623764513,-5.177787907315212,-1.976505556118708,-2.0308453705171665,-6.107435165219755,-8.153233729316833,-7.7449276536996265,4.609070809821221,1.7717051413408669,4.273971338065888,2.3671989994472717,-7.0359827063914615,-8.913464717354918,-6.925550302619435,-2.8891504647059456,-9.992796755071511,-7.805318081295001,-4.849879236729802,8.32671894727288,-8.972650532490658,-4.549041303920056,0.4737901501540662,-4.48028311388156,-7.270981654664894,-7.087340967864451,8.426169635318587,3.058476791959011,-9.639568892811896,4.363228989861668,-0.6013916802502539,-2.527372070669866,-1.2269321026677922,0.14584614550363462,6.865853923142204,-1.6859948028284926,4.388214203151639,-1.0142043535907614,8.35828182756567,-0.8220316953406464,-0.8132183298864089,1.530096497554398,-9.073748568588439,0.5696534091413437,-2.7708499015018333,8.159091363641402,-8.234698606927651,-3.2854544104069934,-7.342734118720404,-6.631680998545746,-0.6999635195463831,-6.373333470872655,-4.836989410818213,3.9895084075931635,7.842748463183703,-4.394306650897484,8.646207405057357,8.358557401519526,-7.961308716007876,-8.417829177738838,7.374390139022516,-8.243370541996578,-5.10949664430666,5.601380487254428,-1.2782698514967379,-3.641398345011728,8.109558345627043,6.3053376193659325,-7.7032541585281304,-4.408376342806717,1.0628484069508062,-7.35849565381459,-0.5559880129728896,1.8347375247221756,-4.241350385868497,6.982555197836376,2.7159591413065005,-8.679353896248765,-5.778198683481042,-0.903047977586013,1.5716394247836458,0.10740815226077416,-3.8508783628145604,5.3427734491527765,3.6558773852936497,-6.735786254159564,0.33887854032898623,-1.7210574578625035,-2.8024226562590115,7.10628543768134,5.572304087981239,0.8951240833830081,8.17153560095186,3.03826344841643,6.531843982354754,-6.265941894274687,3.5549748097619087,-0.39027235796095994,9.828087872850098,3.5098971911141703,-8.037891404049615,-7.294578527277702,-7.342678427706753,6.898937975805783,-6.472022339348394,8.114014192116361,-2.477451318129889,-7.797365880497384,-8.046693434205618,6.777641387000372,5.965030488397044,1.0792261701488144,-0.2599387782476281,6.2299969415570615,-8.515053770343954,3.5263510168082295,-5.366404252273405,4.503535724396375,-5.083623835463598,2.783868578851452,9.02551606403632,3.689643752790893,1.482993443668338,-2.8699638022978906,5.992937752552871,7.602307000011098,0.2749209166901885,-8.50311823630725,-7.400425736018208,-4.861476100132953,-4.027600002329434,-7.478740773073782,-1.8183394659126346,-7.310491297257573,6.29668797601035,-6.353217253002419,-6.54415436985812,9.516419327050944,0.8337693044899517,-1.2422088344148658,-9.088188366936855,8.640872998178352,3.2471717605114296,-2.9160471321236052,7.3754329268821905,-9.93012347301451,-2.942484243533798,6.572792647529393,-3.2968316112339124,7.22396970217774,-5.61324212649258,7.95817649008541,-5.439980347603104,4.402337176570388,8.070219876166206,8.085912791359512,7.721922327155813,7.926611604725167,-2.011980458736411,4.90095100672284,-7.531003345034408,1.3315420795405366,8.949629675028447,5.387215318726437,2.4985415885621087,7.017795264334858,3.5042822184522535,-4.583054688639963,-7.00821495678637,3.986149913699313,-1.745837602769777,-3.8816953436339467,-7.533890528399587,-8.457586465095126,2.6380061365389267,4.620310374053169,3.493845698553324,-4.157491019906203,-4.602514250027521,7.255909894138643,-2.1478029615383605,5.40988859208449,-6.319065143405814,1.6997694404097725,9.217321650423106,-8.029937538793364,1.3033362713014682,8.487337806168384,8.156938621385233,-5.914026626573063,-5.630243689896178,-2.0154722592909007,-8.640776671336031,7.676590197010832,6.406434100743944,-2.514188050943817,6.514628229502279,2.7755961029257463,6.695439859853664,8.203269713694446,-7.808379237904064,9.415091806152581,2.260348311500099,5.340000709643181,-8.117483800817872,3.241428988847442,-0.9115678599519228,-1.9535342549050672,-4.806123074835904,-2.75698358812355,5.554045312799063,-9.576418726915673,8.80119337666412,8.6888227432216,5.8752153129254285,5.237325249613239,8.152894472241346,-6.04089028428197,8.130001748340167,1.5756912220525585,2.064827527317142,-2.2028701263586914,-0.8401621879907228,5.92784385489923,5.405617729928808,-8.655532984748525,3.2066984276804114,-9.686309890465491,3.8511476977115002,4.2447065305272975,-3.371025196724913,-3.541983762939367,-1.2612952674435327,4.571711286654082,-8.854279120442685,-8.123985138785727,-3.2879712541436206,-8.305288969010046,9.22285891240901,9.380874989253748,6.4667360305546175,5.937033241770077,-4.475827207622491,-9.719836501297785,4.29860347916831,5.599669517910662,9.303641165081132,-2.7240389067671718,1.8433004563631314,1.1648496449745078,-0.8471326778098902,-8.49794092106864,8.777398722809199,2.9104333163839318,0.9899202763128816,0.3277951712690488,5.559617776766327,-9.418761402117024,-8.004774486551842,-1.1570709976258655,-6.731712982131912,2.7207281624189257,0.08637860369150019,-5.823151488243951,7.051652966993188,8.735393295896433,6.108453338613085,-3.4380983385197013,0.5307896000681929,9.780702755582663,4.379490432355455,-8.188065116951034,-7.205347049048489,4.057817300828727,6.629568570915726,-8.482787420832897,-5.220786139824172,-3.2497948828900807,5.168587806418854,-1.9655927734164695,-4.511396302908819,-9.483150800180491,-6.234466447822282,-9.64473673332357,1.8818929930750006,9.624833370701218,-5.078033308399688,8.105270141520812,-0.9199841686833246,-3.635516605422337,7.233142212814364,-9.850037465201893,-2.0050004722978265,-2.8845257026838,-8.013088072014938,0.8300609155944461,4.305139476367383,-2.414660133162405,-8.048692298325564,-1.8307507881872471,-0.6664727355311495,7.687694381125187,-2.8032592193437322,9.841789945166042,-6.928986105342725,1.6938503836170185,8.410711733014214,8.376034429828543,0.3445161585574006,-8.665046299719158,3.2315830740278155,-6.4096052335319325,3.392701588417701,4.737097115373013,1.0329966995652384,-6.922537927723795,-0.7698817611223845,0.010615765788324794,4.2572386122723955,-8.895256218141622,-5.403738145956876,-7.025588247411281,0.18059985818343804,8.85166519077407,-1.4039983733182524,-1.4024148816656066,2.108139980150696,-1.9938293988961178,-4.133198972801337,-9.496616237551375,5.038178231185132,6.299919488100453,-9.062713764240193,8.06900242795949,-1.108806361893624,-3.0521218974468756,-8.43638807124197,7.752935853825889,-5.7162514284594685,-0.3364356188173172,3.5859760463827968,9.153861969921113,5.325727109594284,-1.7475362672433974,-7.935417895426971,-4.706059533646592,4.636750300152318,-3.413650082641462,0.566449129817709,-8.189357457115605,-4.721958604120147,-1.539803342454647,2.014458210556395,-4.8429721319886525,-5.071698000731251,4.8263170959306105,-9.170442839143476,-7.993918665530555,6.648011359703119,-5.953912118007807,4.0452152281031,2.0489883823947395,2.729306424634302,-0.9946204072768907,5.2890694800529445,-3.285218431728987,-8.519070419897956,-7.005999846761113,-9.250231883371178,3.9301385326648575,2.939847520800331,4.261956155504656,3.532101748747376,-9.835852942756333,6.293145180500993,5.881215807945914,-9.276275799290385,3.415484242710093,8.834266074690351,5.590462966341738,0.9178416422729914,-3.310717334040758,-7.033406451998239,6.845547140512441,-5.89234362022694,-2.1920993224667784,-3.65403915597875,4.343365845624486,7.054410115981479,4.838927838617423,-1.940939208780481,6.091633463063182,-0.20966561286113006,9.78339486923107,-3.8569594496497643,-4.662778184382663,-9.26296396071863,-6.457119772518773,1.778026373698701,-1.27831013546915,2.047632796904317,-2.4085026553235593,1.426791319007437,-1.5945111788861421,-3.3767565815129608,9.989526816310676,1.4496135224212026,2.7225950118868614,-1.7882216925381265,-9.75248616295465,2.4686192127226114,-5.4047873612850434,-4.0513855371718925,-3.332543660060214,-6.902067978717121,2.1794650740728017,-8.769551050665928,-0.6895533571642058,-6.93536511297967,-3.5785580965821717,-8.534085038606925,-8.855369101439889,4.759292293904627,-6.4905400124930495,0.9417176790012078,3.0882387162579725,5.428442252602878,-4.74501799104273,-5.852861847481723,-7.579360126356869,-9.005285209531817,5.946699823864819,-4.946107444429435,-2.277046549643318,-2.14916956261225,4.150196714184773,-8.498328321181678,-2.8726539225206382,7.525459071824379,2.017054874582179,-6.989743331416019,1.3281636033097328,2.302588934271739,-5.053520323533829,-3.087130902209376,-2.057304964264439,4.77976995889888,0.3566022708111163,-9.916686111341422,-2.745430286949045,7.030840302251356,9.16368385463403,-8.33170829112907,9.014447151662047,9.768017189344299,7.228202433308692,3.633734316549093,6.723574863279488,-7.329155062672454,-1.205105905907807,7.072291390539355,-6.9589153677834314,-7.44260110599231,2.7599054982159856,-2.185051380628204,1.1396887606225565,7.949184454606833,9.863330654595774,-4.824021479298173,-1.5106302198720982,-1.4249134301529338,5.724192400881421,-0.9024813753574978,-0.006688135130774597,-3.193514596324203,0.8565618709655105,4.265144277811213,-4.163687878017166,3.0607311580777345,7.07479117669871,8.271333179701518,-9.367233749349273,-1.2711893287307046,-3.3128784066676946,-5.427713411098165,3.4494567490570365,-6.22942457918588,-4.371093046837564,0.6059159533636489,-0.8270404105117244,-3.350714407708222,2.7773629258642316,2.0008076963365937,-6.725106117015995,-0.8376687772798324,-5.044087136944544,3.0167555195673597,8.450468917039913,0.12734453621351882,-9.253875322639926,8.575024663706685,6.5745971235000304,-6.769508810429969,0.7142475533862775,2.5695989418857614,5.534240230209448,7.891262918731869,4.026617582351621,7.354281676688103,-8.212878031161921,9.784776652993486,-1.2252461674220427,8.894734033062626,2.9907358553186896,9.085526937429236,-7.172907037233216,6.331252883198275,7.292462337087969,-1.275205172517948,-0.5406066172096224,-1.7873099283060938,7.667473815871087,-3.348266530785599,2.83757399821779,5.490849740103306,6.690094638190271,7.441045336120556,7.8267957465064875,5.41923435182883,-6.958460485695261,4.597518754456463,2.991205378696126,0.4957639721061309,-4.388915631210151,-8.465466837637655,-7.764503335868477,-5.7144860945527265,-7.568339053333737,4.004563663152545,3.723672659779213,-9.923994237196345,3.000981116248367,8.695019893495829,5.434229273795292,-5.578950174353401,-1.1220765973603477,9.092904042944287,1.5214519442008765,-0.09950333029463287,-8.83607866930037,-8.38321681355501,5.1184362397183385,7.028168303712722,-2.7839579367458462,6.522615803960267,4.611337407468669,7.167652898644526,-6.421981989710526,-0.82624672155616,-2.995998524680079,-7.90334475772732,-1.1487861912520376,-2.7442489369016805,-4.841766155729519,7.6666481085877045,-1.3640450291894357,-9.95361692533625,-5.4501953853450225,2.2028243158872804,-9.150218667082473,4.420611648470841,-3.513915228217421,-3.3934511951036628,7.895342646639843,-4.922176786213274,9.550067679239767,-1.6387096614455139,-0.22548348634859394,-8.902793090959396,0.7936557838003839,-2.236986083436909,-9.161573538960806,-3.7711099438532276,-1.9864216916649653,-5.960581207277489,-9.612231169159333,-1.1803535752896082,-7.8704908445091215,-2.464469627309396,9.6789339361058,-6.264127718048025,0.3295384581328342,2.876474183138164,-1.5641146370442982,-1.6381367807679688,-2.7073165569963553,8.961081595403598,7.2694189608549635,-5.679826302942965,1.855512504467269,3.510602490864809,-4.174926119471161,-1.3376866984139184,-8.697698331546599,-7.227207126384425,0.9686810633827747,5.472531973833647,7.7769835234064075,-5.416643020947789,-0.2982820139476967,2.1877252096560458,1.312462327426136,-8.7474082998002,5.561359599058342,8.069307525068478,5.359079273789851,2.800912434067989,2.4473948013172837,-3.4737050174047734,6.911823205609096,-9.808489396343028,2.2733104255871694,4.608155477824884,5.399442772107971,-5.5338690264200725,-1.5425629926091293,-9.183900744363402,3.808051850907205,-4.020808505524549,5.557667494796259,-7.359842343352274,-7.424920694148803,-5.149471653508262,-4.10099682070099,7.636580002371584,-5.765819412548709,-0.9044268741634998,4.138313886837439,-0.277577441777197,4.370624888846216,4.789943844100456,-5.112096403800428,4.142004405725615,8.248013378750954,5.558393081771005,8.777455811031437,-6.655770429953836,6.947779370625959,-3.6193980022502847,3.414483449807747,-8.029837953278262,6.047225561485952,-6.606608756685968,8.150680972972282,6.387699453697547,9.409413854269701,9.755593167238299,-5.3834746165712755,-4.39847979740883,4.69701128172286,-5.022611205593337,-9.608356211500142,9.083186867085146,-9.70506706586896,-9.31791143348519,1.16499311105542,-2.4787490178969263,9.45989585625177,-3.3500207046146446,9.832434485703438,1.216571650430378,0.16300454117800278,9.031675160710282,9.830965716737484,-9.14510844838917,-5.918627828815488,-0.8440441127113001,-1.9640302798239695,-3.299467192705028,-5.682204778907465,-2.9580008754162996,-5.824464052075302,4.216232398229408,2.1593584336088654,3.097257644809609,2.1136220634164893,-6.774002076858492,9.064603076047263,-3.4845225755496507,8.621491850308342,6.49138551469348,8.828211209534135,9.802542634399423,-8.487188362454418,-4.948458721283028,-5.794385868376091,0.813218500706661,8.178039113329813,5.841528077784552,-7.893893501870799,-2.218983374842514,-4.153480558331735,7.295755485913215,0.16202207400066904,-1.1116545877856083,8.602053477176355,-2.3365490120960892,-6.843248810704436,1.4897232193860859,8.968172474774335,6.187197314925971,4.050327138200627,-2.27043584785779,9.802881914043933,7.093322200468599,-1.985620058246223,-1.4425558891870054,8.177251658911324,-6.094730938080632,0.950424330481642,-9.712703260298813,3.419773176853923,4.358941971986399,4.876796539097789,-4.712590443102065,-6.995148002442589,-0.05487959471752468,6.081847856154624,-1.6202228840394852,-7.9959031228221145,-3.0450054718177295,8.996734030719441,-7.624018174490315,1.003366582139888,3.484853490091684,-5.579622761548563,-1.5947379428928272,-8.339054940067125,-1.7917377181800944,5.521316878045328,7.909347531313241,7.9580229391691795,-6.335029812520019,2.7804707803626894,-6.204892241964095,-6.519340534321572,-5.170166087735515,-9.605348253186134,2.9966909433702487,-0.17614991554631843,-3.2168110499060765,-1.1742072291899124,-3.2305691809199244,8.151811952596248,-8.567580795192754,-8.11976662543496,6.626607698284708,2.8354776087773317,-2.653562302658985,-6.160391306664046,1.6150738541301308,-9.221940883898558,-9.204333948346843,-3.9150476158355163,-6.762306020066586,-7.907540826917733,-6.315231666825831,-3.6625768752413412,-4.3919086347517755,-8.282398774462509,-1.1213055228466224,7.486391128827645,-4.497374056718677,7.424023654222363,-5.101392983450861,6.202192290403797,4.869971719514023,9.005133830104963,4.09056157190793,-8.402909802133202,-1.4314517036787215,3.7725851604359093,-6.949660609467079,-2.930969565524661,-4.352506153270053,-3.2230104918891156,1.6380883964264967,3.192277233051499,8.097285562431075,4.648656195958008,7.783793657970161,3.883923712132596,-1.4197570372472974,7.891162364640806,-2.9893950140261394,-5.96551405600942,-8.372387862052282,9.14046391139481,6.617544296390985,8.939842663989317,-8.891220996883234,-3.4910532730461252,-4.646650127164371,4.350099855688626,-1.2158988873535481,-3.9859054650421406,-8.349696430680282,3.1605244039307756,2.579659423276535,-8.994764475388411,-5.809043408389125,1.1318999929419356,9.013801339118203,5.272257053896334,-5.285107627069225,1.7666301235433135,-2.399174113833382,5.266949648401626,4.971908186722651,-1.3543664149430157,-9.332450041644043,9.272612941456597,3.45780532675718,8.104358686056262,3.080034618497173,-9.141646817415818,8.181125699520514,3.2049959870073312,6.919480151814422,-1.0916571777856792,-8.555661392717088,4.013401773184162,9.642567235549645,2.9051869456776345,-3.181201960046362,5.294232524165272,9.59757331026147,8.93471648051067,-6.119803461141484,-6.925827459621887,0.7935923264743323,-7.24029607630984,1.512145736740841,8.91519268326417,-9.216738613292819,-2.1682982405808904,0.23712134448948596,-8.164100715187608,5.16772375494455,8.026013699773,4.668452536608605,-1.1402095429782566,-1.6223565993654514,0.7965734918353391,7.602801170451766,-3.454754165692819,-8.654776680814944,-3.2984573171837805,-6.864310286294193,6.5744686127482375,-0.41005533318825904,6.847004531414822,-9.141740440205684,7.3621767863438805,-5.882865085286902,-8.18922243574783,0.7739973431622342,-2.3600795748120866,3.0419827906889285,-8.604889166097038,-6.719099358463532,3.2486715186254003,-1.5805349374171502,7.050545195807771,5.2902535711197896,6.2402888316957785,9.204833486634062,4.861912589536727,3.1257802346317405,-9.767578527329558,0.8574232353948261,-8.278740821743627,-3.5302523401900547,-7.150587593876225,7.041855900240382,-0.6045336765835572,-9.619553366868958,-6.428280708821146,1.5388148629252711,2.323022353829259,7.627355670677879,7.446415629213103,-2.9800050392539283,3.529577727492768,-4.248319487999419,-6.283322527800657,-3.804505261966858,-6.1869363256322245,-4.225576824725861,-0.6801867406425544,9.732851278169033,6.338540394898789,-7.83391481482997,1.164876361524957,-6.355245268840046,1.6958730108562303,0.6535326234096122,-5.843323996301509,2.037047789077702,3.287838990868652,4.419328123920405,-1.8785933567417707,0.22261437069569467,-2.994656702597407,-5.907958340430204,-2.906680127117336,2.212769029545461,-7.161355929436139,7.4095069604623625,-4.52194135670627,-7.233551712867077,5.323639536420377,7.846673309436479,-2.923466504046493,9.979575339648903,-8.227391075991905,7.239006688447557,-3.3072529580577985,8.09071515677288,2.1651311733495664,3.3265029927573675,9.231276450288465,-5.781156744343634,-9.52107045392416,-2.2429381969102513,-5.188842414088388,9.807540063362907,4.191311128383312,1.6842167041040046,-4.714467000711622,8.09635766097178,1.7488627735513234,0.5328213149723879,-1.0532338496447728,-2.1153610859211884,2.1125951449847395,1.5737174501844002,5.704763528240038,8.99713839083875,3.61253798600157,-9.249108437894273,3.3393023294822974,-9.512314151951438,-5.017169030288411,-2.846376778445907,-1.8249435402013212,5.480971333690679,3.867404509397179,0.41224013416155714,8.933056093537772,-8.961332567593413,0.31823510662025,-0.19284088518783804,-3.6276304518651026,-7.435502403444014,-1.6516869940607073,-3.0264080401925453,-6.385298070775103,1.6963335584887034,-1.8486062079419412,-2.307140269882872,-0.21068943365364845,-2.406623886154371,-1.3285856319982408,-6.851349031876084,6.470918858473006,-7.991726853117351,8.173759347621964,-2.7585732796984175,-2.715819493521896,-8.066697351655856,8.291368824326696,-8.478166274470787,-3.1613220755198483,-0.6428048227050702,-7.290464174725313,-2.8218772003285775,-6.369873087018307,-8.986514703235443,-4.196379331029254,1.0902862745915805,-6.883424329917691,-2.3007035749640226,-1.1693874318761726,-1.9604205000642239,-5.957123555199164,4.777874802891391,7.271597633500708,-0.6337279393465423,-8.319301208177016,-4.402217844100676,-7.790679881523166,-4.465154408310374,9.518699546223523,-6.351729429687023,1.7810346025110295,-5.378951162789269,1.6624131863521097,8.498611291986215,-4.006697493711114,-3.1352174017092267,1.568214902226213,7.066328186962622,-2.3597998890661547,-0.17065017407965222,-1.243443485646834,5.740124933409829,8.621146322279294,-4.564703433440663,8.603134510557144,-9.55431836315719,1.237302968745455,3.071468751519033,-0.38836206508602267,7.892785073786865,-9.545084421859595,-1.9956421831805304,-3.087926523937334,-2.352911408302747,-7.914032254886527,-3.246663201468265,9.541121444953141,4.50950745732346,2.1390828795111645,-2.012194054860455,4.311303325007753,-0.9074373807335139,1.782942292504588,1.2460878316828037,2.450512034069103,-3.3398313986353534,0.8223663646039725,-7.3670493230812095,9.356368365770471,7.9124756191043275,5.392058700778037,-9.391330489703822,-3.8352639642230173,4.4712176918539,-9.692357514330357,-3.0720995302393117,7.817590475120863,4.481881331535011,-9.470668433301627,0.5833065376950763,8.630121025452581,-5.434877463565188,-0.2069986106034527,-2.205968198465489,6.955223383983249,0.49196926908871674,3.1493083160270174,4.985940063286478,-4.96560118078402,3.95090970878657,8.657547558446243,0.7574305664712107,-7.16810403818446,-6.049954526796273,-9.209270127289242,-2.0258906801495584,-0.4661479311436416,0.6568899021914589,5.394444794909399,8.590320859017904,9.849523161850044,-1.239099479569516,-4.30082958729292,-2.8656655059983027,2.6645395669858267,-8.07839142333753,-2.059300122935907,-7.143037394842939,4.630124790416282,3.8634175545111376,-8.366667956922916,-4.824631880310646,-0.7681805351575406,-1.5859158573068939,8.682788372702007,-5.3313245944694625,4.981117105337207,2.035631782907082,-8.22214977858211,-6.497745993731758,6.027235234443644,9.326332660966365,-2.3518034504356837,4.347791067481278,1.826512179893511,0.5291473105330127,2.738594839578175,7.021892418833126,8.707610131196883,-4.30032867551474,4.78100830616215,-9.147148763197785,-2.9196482603626617,-8.194602100183088,-9.124215918642928,3.497758857490398,0.8985433999734767,6.4845522527819135,-8.441423331089135,-2.5081225351138015,8.155418280583408,5.909586281088313,7.652393484586778,-9.92309990819637,-2.7417631744206794,-1.4066146589582225,7.783859276609096,7.578236395108728,9.219580277237341,3.0314376200524507,5.1784482500108435,-6.713563177484698,-8.81397141797839,-2.0192741844185313,-5.165396241497222,0.5391738651064166,-0.2796126581467213,-9.386252536596732,-0.6472943720835893,6.772426443249287,9.952228728926546,7.7831433827211995,2.6822692947537803,-7.185961983180123,-5.814563297954701,1.028323372900946,-8.046856393480189,3.2121816413798463,-0.17482132391099725,-8.347745475883581,-2.388574346624961,8.940012599340406,3.897977921974041,3.3570188612691396,-1.4771345319494085,-8.071942191950871,-9.0626482897898,8.414651421888145,7.038279584008052,5.899674290184613,8.250989785709173,0.09229049743609963,3.8410453601151566,4.636393742284168,1.2314984794182635,6.820266694053846,5.06750421787514,-5.046066093735,7.023353433649522,-6.414862316640555,-4.876527942264508,-4.9290905506861975,7.353842914267371,5.201935890645192,-0.13003288833465376,-6.27232796956468,3.157788571676676,1.6957642277862774,7.290266359932666,-1.678724190843532,-4.393363691732352,-0.39214756325261746,-6.846280036187526,-3.5173003906305533,-5.842772287409321,-6.535568634204996,5.7923883896406885,7.830812713553133,-0.8354231507525895,6.716463792853826,0.5795952603554255,-2.35404946158339,-1.5940782805408666,9.35669405167343,-3.913450357133641,-5.721276982625383,-6.918706333201046,-0.9545363396855162,-2.9984677976560032,2.248198154952199,8.904061592904512,6.240638739187919,-4.883203363422462,3.9196067418716414,9.67462758482722,3.6567988374501947,9.128975123474984,2.587003450140484,9.363707511825353,-5.063415090424792,-1.8602514809202102,-8.941905878975314,6.6583677334445035,8.82370535142207,-0.8778726863030855,-6.912598199436006,1.1265139356254004,-4.730718867964736,3.7519892704941675,-7.09875502679707,5.850730570926332,-8.708910023138722,1.2686562410880313,7.617699668417963,1.23291722618327,2.096351243941843,5.378478461827871,2.454104260886794,-2.206116659922575,4.832683143849238,-3.934061526629325,-2.291409320114348,1.8250505853164611,-8.730594419500278,-3.032355351273095,-2.535006124629364,7.850456680460475,9.661394844265068,-3.7565732614631653,0.7279205827062931,1.4732870415916572,8.910497972954147,1.0336446519242237,-3.704488640666974,-8.071962838803302,9.432794089442897,4.676207550358383,-4.896683359264777,9.31023597912936,-3.763667082194841,-8.792061388056949,5.906582955529437,7.61855159194781,9.009627449591413,-0.45549620545517655,3.750037863537054,8.277401632165525,-9.82684570167075,7.467891814110175,2.556175334184447,-6.587247010261645,-3.9077276070935163,6.709446288542171,-5.206661954360678,7.966085240826349,-6.446763582635597,-6.484631815484847,3.7848362200275503,5.6384620103274266,0.8281567297848191,8.136835950855428,4.492597746207066,9.01773302453681,-5.819199157612505,1.2931259932097667,7.602430992400851,1.9210026292633273,7.051186909535691,1.6996686638196223,6.678795047606009,4.573846794918158,-7.5211081035514304,-0.24985268930850246,5.099825856930336,-5.01836488261409,7.792551322877603,2.574747443986144,-0.3988535893299492,-0.847672412520911,-2.106355253429806,5.23176039915467,6.587519479731714,7.719441181598153,7.158649395518697,-4.04222325943794,-7.4951415978178515,-9.237961042916414,-0.7529395233697844,7.166943992065857,-1.3734846725089316,-2.474365643562459,2.2010548951799045,-9.749213777092173,2.621419824100384,-9.468431672521495,2.2567187762718994,-6.611963991155882,-9.453221305340001,5.414905723169717,-0.7928247682619158,-8.451330159869645,6.925826781642531,9.515560631794024,1.051885257821798,7.340745525388137,-7.300349547493572,-0.524777028829444,1.1937788501731212,2.3842394071083017,6.66516450145814,-3.2051442440917555,-9.23341525247129,0.7157280640536516,-0.46332647888475265,-0.2537498191717944,-9.263982240858589,6.867797608590358,7.750709712096793,7.237469528106558,-3.1619360018253095,4.489961657019359,1.5921652451495323,3.806527763338451,5.645682989816978,-5.719816031872673,-0.047024901441625744,1.731844143625663,-5.096383180545001,3.1391526346109533,-0.7694445863842745,7.72760345831232,5.38853743048514,1.0257697258165503,5.598032995653256,-6.865102395630391,7.832366669920692,-6.730089932368843,7.208309798260569,-3.2943332281333486,3.975183979121242,5.876476585443633,-3.583886199133415,3.041264606734856,-0.7858939715899211,-0.7226796278927736,-5.589772762840484,-7.907065929495505,-1.64524604692944,5.527378315064741,7.705860746380214,2.468542673251271,-5.98856142290237,5.310224348303871,2.108842042510748,-6.319462339974069,-0.3022745328622438,-4.091133595491168,3.0734707145932543,0.8065832935103465,-8.888387715617327,6.046192367804547,-5.098762705686635,9.230854485507962,-2.8822743170886085,-6.444982090845393,6.717072886579395,-5.715061105345294,-7.554860368545658,1.2088450405276703,1.6260383022492846,1.4195375441857152,5.533977078135566,-4.169348002982227,8.618452482445086,4.5697604891742,2.044451771671998,-7.327931896776323,-7.9639921851071005,4.917650896324794,0.6500916799778587,-7.510306373572058,-6.12414802398122,2.9185920745981075,-7.83008271780348,1.339237000312309,-6.473781466310095,-6.0199074054587465,-6.165901513358896,4.070841057064863,-4.080695896500313,-1.5396641991596116,6.651790024979988,-4.157056964134471,6.8608758902000275,-4.41279787152043,4.755986434730907,4.201337807806615,-6.9695183698954954,-3.3541703871592627,0.8904001435792814,-3.118787435359673,-6.88567969412722,6.015514035358855,-8.952408363059245,-7.937773510375834,-7.425158430164038,1.169591219851192,8.381126286786444,-9.890539829601348,8.824088410463386,-4.799719767307089,4.402766982396422,8.688271441305456,5.76002169369848,7.294630747374903,4.798166650529392,-7.299096307456788,1.2500067031846989,0.2831411812244191,-5.622237945412827,-7.775331682896322,4.992994394488964,1.3000230395780203,2.327560109481471,6.232113433088809,0.7288806964902417,-2.703565712991141,6.95277324304779,-7.924697434801824,6.493192678125599,-7.949983699831207,-2.0678929077947705,-0.5234528204504585,-7.810723294253494,4.550556709928591,5.963325709249359,5.349825651545084,8.52177065937099,3.1993930366909744,4.598915310901253,-9.257381807367794,1.3302911045426118,-9.37290940164575,3.498641658726253,0.3461913314821903,2.202073490272893,-9.872675930510372,1.5661188736593257,-0.06923506522136336,-0.7512928589412269,-6.979601785341938,-0.4021717115474548,3.834867073648125,-5.386192839745217,-6.723539632637667,-7.3912231979754806,-3.145816537990525,2.177013688318395,-0.7208787359747717,-2.778762759641509,-5.436995260523307,3.5040176085300008,3.4547767929699695,5.59441921927581,7.451411938541625,-6.820963949707615,0.9169543399517863,4.321578065019207,-0.5624673006121625,1.4446311008682038,-7.184002930248525,5.75494969559019,-3.596944726673965,-8.493566145918656,-6.1270387188496915,7.793243733549584,4.958749806903279,-6.28763074277254,0.8330750167721668,-5.904999606730296,-3.5240694562398245,3.69584563907161,-1.0086246896175908,-2.822767286371768,8.712908958588926,8.838665378684617,1.008175044728329,-5.912030776431352,0.8947633946134399,4.853596085496726,-2.631985802721224,3.35519944803613,-8.336553915782952,-1.8210398497368345,-1.3575340545628478,8.183924874204958,2.7483079977857727,-6.540433197898148,3.259358363030426,8.923476666912823,-7.391149988927297,7.7742262235917785,7.413792909708327,1.419135727095,-6.983526789266721,-7.188516683025985,1.332660547584199,-2.7010908710846326,-2.37920040958514,0.6089858200933573,-2.1588645865117373,2.657294356855342,-3.37809072540521,-4.054196910202141,-8.2719997820797,-2.7783289579290438,0.1429862555079957,6.013492023431908,-0.34219860906303623,2.2080832058713646,6.273170363730511,6.702555001212179,-7.3208830258577,-1.9514787634156114,5.190603542040188,-4.748965585284466,-1.353619616363833,0.9748571591933359,6.290156182627712,-2.601101232292722,-4.8910108614185095,5.567898057742902,9.3624729713423,7.771401363115796,-1.0163552139573557,9.307951249919956,-6.461374528439197,-4.944580634546211,3.869202795833445,-3.6644501146675896,-8.016700504162413,-3.073627758816315,-8.631125467069175,2.2711005408657865,-1.0091957389366453,0.637518430946205,8.692241114694689,6.859597733604339,5.961144713864773,6.03376599244524,5.610075674059317,2.44634099035542,9.047270211569774,-9.789656152510343,4.232110126311097,-9.00466348790922,-8.530719686165932,-5.410284887969996,2.154442572819617,-6.0096305279660855,3.0016367676091154,-8.149794485242033,-2.240693470044379,8.047361271703423,2.643461096487389,9.71749183581116,7.054447614505751,3.032423955567989,-5.527573710865658,-3.6861699989372525,-9.768125854988503,-0.835311495144829,7.568659139480861,-6.190047077471772,0.36216015668063406,-1.1642919236100742,-6.283838002365307,2.812361093961133,-8.126887854474106,-0.9976729337218124,1.1058173367730433,-1.4359180823138669,7.312073099725104,5.422188162145654,3.3230332619311795,-0.30256360594244747,2.620628626412838,-6.584438637120742,8.723028334086692,-6.834368239318415,-8.271751001810514,9.0434140585518,-8.62122405621822,4.552349115706635,5.573006940769291,-9.314359526790703,-5.387806691846643,1.0047792480435938,-1.6559436660041094,-5.4710722048530736,1.2508415836391364,-9.546764606871651,1.0337523607267318,3.5146404764569326,4.619976043487856,-4.246416258666052,0.42397103142132053,8.85904293731015,4.301895890652798,-5.207515180522508,5.502036459588869,-2.6258059479961844,8.737423124223898,-6.919084500234045,-6.487700725661094,9.632485172413976,-8.270519263492066,6.411859203472098,-4.7131844058026,-9.856160962693066,-7.382915802520255,3.3542587300097875,-4.833543784234324,-3.809642912359992,-5.677402401675327,-9.824795387660092,-2.155214593017094,-1.5948668456663846,-8.363141057327306,-1.31188722241318,-6.394109428769186,-5.0611596037032385,-7.059842122726312,-0.8108128362852689,0.8446108516683815,2.5862042001382086,6.059039648571865,-8.51312113405664,8.503995718643559,-2.3299290123609318,3.340461748973544,1.375284723233257,-8.299223879070322,-6.123738078352192,-9.159597057965776,3.665780859136728,4.626268187432441,4.336849266500382,9.661871123802875,-3.856652555924893,-7.187303982742515,7.6440232257371115,-7.851302632204106,7.3133995118679,-1.463371108432943,-8.109934521048752,-4.011282637921965,2.9431838949924565,5.739596241904195,-7.119673231989214,2.9705986867547534,2.1117793957313964,-7.089936321776637,-2.720546315561096,-9.615135614781265,0.3951934182453769,-9.759886945397012,-3.7591105782232788,-8.150496640027068,-3.9400845749388473,9.64363936846243,-6.820080132448032,-9.709407493440965,0.7456332944643194,6.678458885459932,7.996880971490597,-0.29193056481918234,4.636118141136993,-9.30879703370761,3.1338178965528414,-2.864477317469401,-7.369870786644159,7.208518629309879,7.039717213891127,5.702376582701923,-8.827598223947774,-3.095790446300473,5.676031642348789,7.798034580404696,7.318554894992236,6.907683987863951,-1.5910102745913584,-4.51462320273772,6.076009894125395,-9.878012702133915,-2.0151841088712015,-4.090338032739281,7.955727518309164,5.708007507051452,-8.716426470977378,-8.409681641364472,-6.371809546715845,4.041554271294256,1.7614765493710305,-8.873364449465624,-1.6220544130836103,7.585486110229759,-6.451504455237611,4.431643982245701,-4.941128082149011,5.9936172860260974,-0.6475119634540434,-1.4721726067677317,4.534473139604762,7.4867016791370915,-4.935940822766602,-2.1380556884266504,-2.3871340366884013,5.710506012523972,0.6142540511006462,-4.7418677434218015,6.316931032867803,7.219303815781039,7.065412435470908,7.4324222397287585,3.6989299653836802,0.37760645303530005,4.091835022465851,3.9724298513470373,9.331244240838494,-3.542211676697229,-2.191173015805643,4.207173336963017,7.829115459190696,4.4364372750129295,8.363700571814853,3.562760139657284,6.616469632819474,-8.10397896503503,3.2846374714433217,2.3766478287226445,-9.394317471146742,1.216670182712182,6.124705669246321,-0.6837861558299352,4.054663848911449,-9.44051513913111,6.285620908416266,5.218009152596677,3.5842845206226706,-4.014893017255328,-7.943779553117567,4.660605536466072,-1.723509996359521,-0.47755379392481956,-0.9785782528579183,4.42607073548845,4.322111729324796,-2.8349624328917855,-8.477519065181973,5.877218523170988,3.851163186328792,4.919242448277172,3.8134409575941515,4.249142836158139,2.210074887382035,-8.697809442022919,5.158512827736493,-0.3292994656594299,-9.296987037616589,8.193941990536612,-7.985522984309059,-4.263098471097431,4.141318762756555,-9.949589524961578,2.1544344224596212,5.612057803548417,5.274603072275145,6.180421871365656,5.854979967883905,4.174018180849073,2.94947053466829,-1.1366296265116365,6.911699815465774,7.725888275094913,-9.499036277674904,-3.148706860899506,-5.961880735147023,-2.1290122170200876,-3.6484047709863248,6.36097351417375,-3.732899609603453,-7.486219238835632,-8.787758040227526,-4.753112562926233,-1.9825317300043537,4.077492600045527,-3.928290210683036,-3.1015400799737165,-4.442641551715596,-8.082153413795044,-2.534252382240341,-2.613069752446675,7.311450271973982,-4.567903326920568,-3.1176151384380635,6.517923012299697,-0.6661555226989275,9.541658431664551,6.415587821894544,-9.981676713649506,3.4973197750570346,4.237621577376881,-6.513584051752823,-6.748086235093984,-9.914445940328989,5.598739180654411,-1.729264300128401,-9.396529809605187,-3.0637773047786743,6.446194235973003,5.529132292236946,-4.676528897567957,5.1110893628919705,-6.080233768606245,5.812586401816841,7.208473693701617,-1.1464235525850484,-3.836280771147047,7.562999104509032,-8.289190861630296,-6.198383130898151,-3.1508080792807114,2.4176499923839323,5.25787247074623,-6.087105841336628,-2.661209402971352,7.251472167232858,-8.054701666843078,9.840953804807576,4.819518754206623,-7.886464921688454,1.3025110260782142,-1.1022925150234446,-4.093280324556828,-5.346112862642487,2.406096929970577,9.612702574318945,-5.270903394763817,0.14422202691370778,-0.5252739276803737,0.575926912173772,-5.912822213715261,-1.1402947809014936,-5.0469094383942,-7.782828661927937,8.901299298289853,-2.6134732566136893,4.386956946098724,7.328907895274881,9.5711210278752,9.683274277571112,-2.9063095158131187,-8.083528727563753,6.929378877676264,5.073928438195804,8.072699444683561,-2.998737731466246,7.144703041241222,-3.468456083521292,2.142428855962244,-2.055620907875122,-4.88222931970123,-3.8949390831966646,3.6866655517939435,5.604520254269399,-7.1657165155722975,2.899426092691977,-2.8037113172294204,3.9270444349386295,-1.4154253187693833,-1.8535423915184985,-1.6407958938523564,5.829640583237808,-5.016370595149054,-9.738853881619782,-5.0730219536048615,-9.605811501746766,6.2386555388886755,0.1621090960748912,6.098155024560054,-9.715388816270053,2.549721984486819,-3.967007901277146,4.483151218549628,-9.904716787464473,3.4741329167623007,-7.404751769471489,-2.2463219841357844,-1.7612392801382732,-9.261327855387105,1.0987597844029615,1.64482545514646,8.991338882526207,7.716380012830015,8.234413457591462,0.5004593411242997,0.10238938778842588,-2.8468280273240065,1.2951973177779035,8.489235851122256,4.08270788152128,2.6882438177041728,-5.55347931947487,1.085653138442968,9.167237732872643,8.35528230031942,3.835962274376474,-8.063913413052425,-3.4462391019562837,8.344342463789793,8.049236368401342,8.818512554373651,-3.2648782048232805,-4.864730827893875,1.5278194726075753,8.551559990954456,-6.665731085039745,-3.1738945814591712,1.3913060533739792,5.787727494951476,-2.742397623257606,3.3200563946097894,8.128525956731682,7.353723257066555,2.539851208744519,2.75976306005737,-9.882895496070581,1.7353056848622614,-0.5137074661847336,3.6701787532093544,8.23059142038813,3.785455308492306,-9.720702000535786,3.2631347273600078,7.431781852152476,-1.5320427374367647,1.9467678980192318,-5.548371431971059,-6.1273968798260725,3.512190406823736,9.067015730637394,-1.0976554428306802,9.920846816138948,-2.205101665373186,9.670899828510603,-5.005700410920111,4.137575556656062,-6.476218613893665,-9.606234184453854,-0.16590949054352144,6.17289672966924,-4.403860669367175,-1.7521417161809154,3.9424197680836137,-9.392281510364644,-0.984621965843516,-5.19912606975097,1.2337692965821851,-0.169862368393769,-3.288669966452842,-4.20551825886009,-5.9016146165973415,-8.050259684891753,9.723451233262125,-2.389065343261807,-3.380042378893804,-1.1057444654605515,-0.2602581064566465,8.431177691579105,-5.980548272227521,-6.483265916762453,-3.1022616294638823,-8.597448266242605,-1.5933097368717402,4.28672126407492,-4.9145227865097585,-4.080561197230619,-1.3966382532277795,3.87570261306702,-2.0567835161074477,1.1122461035598352,6.718287092665289,-6.78093606965918,-0.05358368714399653,3.3124320855867477,-8.984288909333479,-6.5057000720261815,-5.761764993298701,6.350155062131272,-7.079456827844557,2.6522158720190507,1.5341136343822352,7.6932628902902,-2.770547952032154,3.2636169839337033,6.662604677227243,2.5888485365736518,-8.046228984361704,-2.8035363703531724,0.8603517775178702,9.10940284063782,-0.10861384031861121,2.450036443400542,7.554039253353228,-2.915986898593836,3.8413983279898467,5.443316952985128,-9.577607295149203,-5.666552202979398,7.263620418276396,2.196256837796236,-8.155963284348127,-3.856046338310275,-9.237028614920666,-8.036752068375568,3.287663459258061,0.6007041077900368,3.5990102475401287,8.331413386347545,0.5847557319862062,2.497994226849782,-6.842311615813466
8.153362074978837,6.644732456536929,-5.835947824219023,3.574553506247957,1.6851446427262111,-6.485204102525519,0.10783089541103408,-8.672839192144588,4.791589581927589,-3.1065088994864904,-2.4971038838963615,-6.444086306035306,-9.492869736102952,5.841692378606659,9.8133818721006,2.07970070505802,4.013957744318592,-4.140754376872708,9.280916745769034,-1.5113218785744031,6.5911089524857545,-7.50211945727944,3.661578008168412,-9.744220061722721,-9.00062884915587,5.953104870040509,-0.6813910616880889,4.769179314097151,9.254011562718048,5.160985853942073,-4.994672476639641,4.360232708069269,5.756253858213272,4.1363776774673475,2.9030851267529094,8.489347478552219,-1.5665650674737908,-8.222140993768491,-5.0078747774166015,3.3235776538104993,7.251518544134875,-1.1605015672859658,1.7104329681538655,-1.3689265937105262,-6.546385127408454,9.151532145845152,0.5731294564396734,5.024401375091445,-1.9990762086079883,8.662865919224473,4.434894301001741,7.055891170924355,-2.0106862383716813,7.880060244396624,-5.533618194727367,8.85457955743265,2.1991790155800963,-8.550707024185352,-6.581512460632415,3.4999201823662993,-0.5184457902619695,9.028081789871585,0.12899861537674084,-9.012190785794193,-5.414570039288218,-9.075740122325765,2.518443580025153,-9.320081980053132,-7.785753986466169,-9.791019262360745,9.871763474509105,5.876512052509657,2.6538177853307268,8.03802019396067,-7.991200620468943,-2.0091477562909033,-2.225251396894947,8.466878250491689,-8.276320968202642,2.134193526492405,-4.232403657224298,1.0398299953637213,-2.5035512626535343,-3.652226236098805,-6.5527554326906845,8.124354413355391,0.9484923150730147,8.438117436739738,3.008099527152794,-2.086106014903926,7.800365933496028,0.976065602582576,0.02672867051182415,1.6432143355841085,9.893423384841306,-1.630108697651142,-0.6528358193126493,3.4204305972559688,-0.13378480693030603,-4.473789765166865,-2.133723703547137,-9.67149589148564,0.7625759072668554,-9.564152627024676,6.589913540528599,3.0017317676235766,-5.893705494782326,-1.4820052474786323,-8.23861622471818,-4.197064911622171,-6.1116787254676685,3.664269293573735,-0.35384417172713967,2.553992161666139,3.300790814820582,2.3977049700119153,2.052845255120623,4.953705628920865,0.10699439680165668,7.6108177507015,-9.527549370304119,-4.204685743209304,-2.486277802115044,-1.8335010316036655,0.1318462839833856,-3.491623681505218,-6.886496931424717,3.341798511710632,4.966536520407095,1.5356667268905433,6.938120450643574,2.9942342090009397,7.711976580527558,-6.421111432781544,5.978834852256281,7.91408314561664,-8.750999181898953,-7.642051956604414,-6.184077838767159,0.18133359210077415,-3.282679832018518,5.91244916717503,1.1945845334351919,-9.650280924811515,7.693891939402199,-9.249712850523613,4.266414514603831,-2.1331929143742467,0.11734518851715237,7.381801419537883,-0.16908712980279006,7.577713299004056,-5.486726469697036,-6.7336441008496255,6.050242988053231,7.185999403822358,-8.141057787823456,-4.129718096330064,-0.8547312043253541,-9.035928538895714,-0.8580041702147447,4.140342173809543,-1.151949516701233,-1.7438530711341045,3.057169518568621,-6.3222053165409005,0.47184981121062286,-7.307406446409579,-5.8568234621007775,8.480306246284734,-9.062207777436084,3.640562417468667,8.065877962083285,9.325746717282748,-9.063639886433618,-9.421664348220137,8.535060194520533,3.9853963526199205,-4.535165752169599,8.550412645558445,-2.494884508407738,-2.5236422702590495,7.579171422765786,-3.2987857188379195,7.657414867362142,6.722855942889563,8.56191211977265,-5.530032042048097,4.689013160323885,0.538630487018704,-7.1419121829825905,1.6036617099750146,-2.721015318793678,-0.09278550834019406,-0.43457816045052056,0.12429590851604111,-9.843103862842423,-1.595100167694115,-9.023823859654566,-9.84938317690353,7.235659810458991,-1.7881269731377571,-3.9399150556453044,-5.408733239695412,-8.747906301453149,-4.643877391627327,2.9245585504191762,-6.177908018579437,4.708609716896534,5.6576019310924845,-3.5256336482352317,7.868713811066893,4.647133521187964,-1.454790164757604,5.380620661711307,8.552747060377776,1.6543780235743526,8.927247165814297,4.844518474215139,1.5366521095310244,-3.442381901170264,0.3653065510435063,-6.872173507931752,1.9972844438844195,-4.245304998510122,-0.05673844931925487,6.746488925972873,2.823381434461769,8.101074308285135,-1.9837726812827832,-9.008354196584298,-6.500802963464299,9.6829889897144,-3.9018785795947704,-0.5453694855439224,0.9323311640724246,6.72390608052153,-1.927836376649985,-1.9788791057422692,-0.23430593705781,-0.2854837217565187,7.965654006727448,4.0371517207675325,-8.996617459284483,1.5090507965559823,-8.707716406618704,6.656914321227919,-7.156900233532695,0.6443897575076729,-6.887589043800695,7.053914730836436,-4.679160805705136,-9.45785873581511,-6.5767979013399795,-5.725082896072699,4.254596467525891,4.319272101159765,-6.895864875039017,3.0968556841142707,4.853844163386661,8.115330996184845,-1.4328476082659432,-2.1415352699321417,-3.3978607434643777,-3.0492178561957743,9.222193865657854,4.882477421531812,-0.27921135232978855,4.024586425529069,-4.845893961214445,-6.338821501613778,-1.7167425835419987,5.99437325217105,-7.984752887130191,7.706488325347308,8.670709488106354,1.1732602044832987,-7.139221403587406,-5.175651183979961,7.251519624506102,8.624095930884113,-0.7473728520878904,-1.9934749191502448,-7.172737387017638,1.0518799042742124,-1.0229410550874753,-6.616402374852819,-6.077430575708016,-9.328012088224105,3.8883949322463494,9.128640438532337,-0.03885582695154888,1.0068940400241182,1.1939907655900566,6.575667323479259,4.435573821906882,-6.126070991529497,-2.9558232559743054,-9.405096871554049,-6.874235570232439,1.4005566453127738,-3.923143309090622,-3.036723805460097,-6.4321314395337055,-6.6176035475909645,4.874648251728203,6.669561757460542,-5.4870218352157,-7.866745035025273,1.1886183732951103,0.1097823017016637,7.498789729628822,0.33965585730804904,5.990505841475187,-3.3729318060763074,-9.877644438374185,-9.999027510206384,5.640299030633017,9.669309805535192,6.2813277357260375,-7.028280765029757,-3.4859422583708195,0.11920286608899744,6.974854294562299,6.416635275136258,-7.87321155356175,-9.298244674148783,-9.243894587560078,-4.74692968251667,-5.633558530364886,9.165496713357893,-8.313654471462913,-6.8305900239117,9.430601864393672,2.342568080843513,4.719642026207268,6.256392997317089,-0.7293971463270505,7.518329543738432,5.861906491529659,1.9461402759867568,-3.980395236930077,-4.265252587395436,-5.898396014788965,-1.3402634748791709,-4.115537716559487,3.7683567168116596,-1.493798203851009,-4.234153915684855,8.407632868919372,-0.8544396231881901,5.216221220357342,-8.120500451651665,0.5486406285808236,3.4549315632514688,4.995566704476829,-9.19077134266242,4.985071039211849,7.488616463679033,8.85710782553533,-3.4923084158340556,6.617550473687036,1.0715468439481253,-4.091204416856076,7.1702572152088635,-9.06878969002985,-4.168198551556255,1.656800753105701,-2.555890464103947,-3.80427338408216,8.357402169663352,9.703577579385815,-2.003313321779152,-8.723432769646148,-7.541609469994926,-5.974621472682735,9.086674852398609,-4.000642721895993,-9.862522071179512,-3.3421649331824614,-1.3441996566843102,-6.751979313914673,0.6456357288259245,5.246823112426107,3.2445784902567514,-3.322716512543362,-5.06690062689543,2.865262346295376,4.818550498668042,-7.2051960418794785,0.35897615181993814,-4.723215050232765,-1.6343305004578,9.380645618234347,-0.8613761830610489,-6.811045296178064,1.8706458231148595,1.8929492290272432,9.363542209073842,-7.209297384873152,8.124181462920951,8.934243855202698,0.7543281120240835,-5.0570565680777,3.56602537710404,-7.557171282833465,3.988053731923655,-1.437302834516787,-7.913322481324081,5.896792814110501,-5.797837712247165,7.273608702348223,4.301544828953343,9.781262457089205,-5.299869556430615,-5.6559148944914295,-9.520967034918861,-9.319419782120203,7.783404895528353,0.7088467673608463,6.609324254333487,5.701087340243001,-6.095205462453657,-0.010728097699212569,7.863287570205252,-5.515418515562627,-4.219469094196904,8.16137614455672,0.07882468752732841,-1.412498724219109,-8.945354716177732,4.349755874098358,4.585359228945032,2.968424435504584,-4.546535911822027,-0.9425390246036152,-1.365283909199066,-5.120757627236989,-9.30172970487462,-8.860419121837825,-8.887368481541088,2.847333579688101,-2.474595602464367,-1.2764324971745538,-8.400116752342225,-2.5089275107724074,-0.7439227540607902,4.217353645896473,1.2331504786522274,9.129936684839134,8.88308853324039,-8.849262251364829,-2.4654536093403507,5.495393030109078,4.58561257835931,-9.13721351870439,-1.8478456084614265,4.712584651186354,0.258841369726996,-0.059210954735533505,0.8019885609670485,-2.697936183657128,6.268909074500588,7.733658893942927,0.19773952970064634,-5.660411731495969,2.245209931880318,-9.92555445941549,-4.147631809928325,-4.455237280321322,-0.3194863418488971,-0.19601176106482932,8.32130350000839,9.660891063117539,0.08725857494596312,6.2720459835322515,-3.3760046947748945,5.880720783873564,5.298317895904944,0.04695070598714324,-6.360963424382544,-1.224146818575388,-8.037296289313847,-5.915995073496287,-5.17626129978213,-1.6339315890877426,-5.76053270975684,6.561981802388967,6.486856758922752,8.799453752111809,9.221374667242017,-0.6500153949733338,-1.2463004394433952,-7.5679835664133455,0.1664572933477544,-0.26935932327466006,-5.585222912443031,5.986078604858971,3.22597103811691,7.066514976782955,2.263274403092094,-9.137274187219283,5.657820885880422,7.901801870516664,-6.422824669384964,-9.579105394698095,8.555061960503107,1.3592011653339924,-0.5707408622656409,-9.061558793762758,-2.775128494820649,-3.884103515886965,-9.424982420839358,3.232747194518854,-1.6784011817057287,6.79088203325928,5.045581465663938,0.6086931431293046,6.773677874814396,-8.313878233466095,6.395484315454983,9.568135291721887,-7.398346056089711,0.48005802840726197,-5.045118297745248,-6.486727240782795,-8.968276051069527,3.7278376467963454,-3.7127202572734186,-1.0717030554374816,1.2200454413301038,8.512914464669112,0.21606008905320095,-6.657065032565326,-2.6792637248793554,-3.766950330317682,6.542722416262979,8.861139805092616,-0.3121434580947309,-5.509424581678939,6.149982408395186,4.00431940257355,-5.400407895437292,7.665708439602096,3.5391724616496703,-6.4265816580718464,-7.4806948530265505,-0.543899785219601,-7.119704106639553,-4.722910534046103,0.33423510995916317,1.0311346294977,-9.882171828270847,-7.2112585495469705,-9.499081034033303,8.558179617557332,6.6199420206843556,4.780375914529651,3.380051175872243,6.086649722173771,-0.6609500271400908,0.04948006398541871,4.05470679835763,0.9294235097985855,7.0120089682974935,6.547454444698143,1.117890277597997,-4.181562385406751,-6.210083548189907,-2.7663319149558196,8.646530633919578,2.4645947066092795,4.978370929643571,-1.963754319210837,-2.1071594644249547,-6.478065537132334,1.002238256438769,-8.198083048903671,-9.068317065771517,5.392434331921912,-3.5681353236688302,3.0762185146878434,9.693140371127708,-3.8756812645699634,-9.977593857122127,-9.931986089087328,-9.487057572474946,-0.8052866085615733,-9.821280124260598,-8.730389857293071,8.59924491095909,2.540388892128382,2.8709896428430444,-2.6768033853063518,9.952852341506425,-4.015348946157489,-7.491784642630828,0.4443435928094708,-4.409706773962645,4.031512120816213,-1.2764569764406737,-6.947979583528278,7.704516363097305,9.784381362448904,1.7428078185036,-6.515420048093685,-2.972588859836951,0.3510574927738084,-4.380847646057237,4.054917018291404,-4.979351804693075,1.2238195324007162,3.3538095519185536,-5.97688827520475,8.927601561171244,2.221671797180093,2.968716650007245,2.4045656449133226,4.884571436419318,4.354884607124891,-0.21719502243422895,7.5455046665891885,2.0535198400997086,-1.3603373635692844,-4.674324714525852,-4.024203429214774,6.837373626933633,-3.954837341755171,8.97694724937492,6.648056952036502,-5.114313744308127,-4.114800599598832,-9.145947159757073,-7.343983053838414,-3.7404165478481,-7.962502004612475,-5.06236698783185,7.977082439257483,7.856249883984358,3.4788379448435602,5.588005977911006,-2.8160708738316087,4.289232845442815,-5.837089777913713,-1.7217602835646844,6.172680721945955,-4.1531273263949275,-2.5464971361065807,-1.7718048453167867,4.547079701754511,-1.7450742247895583,-4.474043467870617,1.9561284781336283,1.1126892504688044,-6.098421457723,-0.02055545605550435,-7.469072613791727,7.063173854773559,6.29712286482161,2.0821130179215057,3.2943128937564463,1.599692736095733,4.954526295810373,-6.205796308227701,4.101090511947152,-0.12955197206831137,-3.1662849158296407,-1.9575698766664278,7.183027226957044,-6.257708958071029,6.432464175355218,1.83718535672989,-3.985621132741768,-6.02238786092776,-6.983903723869589,-2.2524360651124953,-5.14667710065543,5.768927583259263,-1.374496682638508,0.29108398845795236,-3.3144697487556307,-4.961801073144736,9.986332372521403,2.0251560807636952,-7.0801389589101404,-0.10729477240874274,6.514875221277578,-7.079418154662552,8.162515798860031,-1.969209414214335,1.1332226305624093,6.564133020341764,3.0862058693406187,3.5961882547077746,2.071542665943106,9.980080828429642,1.6156848202009577,-7.131499577983853,-2.1902081475514112,4.368026289649885,-9.832720795394088,-5.638709724720215,-9.560529783334148,2.6982116629678607,9.68769443031034,2.1202374044997576,1.5680702011537555,-4.522622406326011,-2.460925205180473,4.975998145899837,-3.005230230662736,-9.935669089736706,-5.436731663345924,-5.98969745853017,-7.907569666830094,-1.6915265511577324,-0.0019205770147738832,7.42618771488339,9.474258145044274,-6.801988701733846,1.188741673112851,-6.435202402113029,-3.2643847407961584,-5.886974212350593,3.346225221388128,3.5566562658357075,-8.949763954556184,-0.1885205072268885,4.706140892956341,2.6370020390669318,2.269479881989348,6.772670711378307,2.8347300818917187,0.2097287880990315,5.605179301241893,5.712922462805292,-7.097205461310818,0.6253865863394985,2.5637898178817924,-9.610199727504686,4.390441623392105,-7.063959494236727,-9.097461790629463,3.0466771995339332,4.911520209369666,6.158830086771069,3.46414311746101,-6.166372893018799,-2.7454994124050236,-9.362850134359972,5.386827278861057,0.769147784003783,-9.695050700490544,6.960221184480112,-4.765857410858134,-4.170600621421256,-2.8796670805642517,2.323854704276167,-9.69778976005596,1.6803307146195028,9.973260572900895,-6.8036289209342815,5.9115663014088256,-7.898674090994476,3.9747847075406906,8.652961476500959,-6.671429369800485,9.218081361518188,6.760705854376834,-0.026944738897682896,6.515995496843598,-3.1952820925682683,-7.0849996858573405,1.6420113016035316,2.755497701165087,-1.0224358393348592,-8.565021451305974,4.1141897452113625,8.047968462233072,-9.693739080432305,2.7045069494866443,-5.446797721100496,-1.7276491513090075,-7.533761840913842,-5.645939863658218,6.0540295861977675,1.7330255396707113,3.7856910016954224,6.548071823222152,-8.610597665747406,-4.134613751957675,-7.165755488501365,1.5521757688497768,-0.29255705634769313,5.360303780868932,2.548820526041597,-0.9576581355278098,-0.21201065115682738,0.3793955315993447,6.724813339043035,-1.187592176959038,-4.113152607970876,-4.897196713107839,1.5428368518838944,5.785921809367885,-6.380168634262797,8.3471843568798,1.9489793524770267,-8.309538687750138,1.3275224072597922,1.2093530292747765,-2.4235395729926656,-6.3956674662418544,0.9070997312482998,-3.2159320112136047,0.5994328682930536,-7.762312877854951,3.69338942299353,-5.013990666287662,6.86217945001102,3.79761995279717,-6.1548489392138865,6.0116128957724655,8.715041980452963,-1.8687297924418047,-4.930526325439009,-2.3974893895604144,4.8450742205768655,6.775085007696287,-4.192697791572391,-2.723369500594681,7.927113574424329,4.471387643420641,-2.1087251158713265,-1.9409991166740586,9.866981444926935,-8.055812507984285,-2.2342773443352337,2.9631963067086815,8.555319731489568,-5.2170970667759615,-5.210047948663297,9.175838876182802,3.3702794801153484,6.241226705294277,7.514608621905069,-6.366408770301895,9.102789220228491,6.673517196561033,-0.19273216811052585,3.124687143850867,0.3771920446862502,-9.731039314026717,2.6391569600176616,7.105709225580231,8.054480554537488,-3.862556528471355,-4.743158189067717,-5.24504146822945,-2.1395180847426047,-5.196117344427251,-5.73072251260939,-3.9617473317439167,0.20192498741831422,-6.417504430226575,-2.3479349268517407,-1.6466003702366905,-6.0739016462483,5.001334681828752,-3.8207782159612975,-0.7238568742274332,0.9557179108655518,-6.081347023871546,-6.370391462106115,-8.441640966056879,-7.943576239263644,-0.18289295912837567,-1.3989569352094815,-5.511553957232385,-9.998966989716369,-6.015667619612812,4.04754330314039,-1.3136669072111662,-8.226680835049908,3.427652847038223,-7.440984213501407,6.909046803936455,-1.2333967750908243,5.508911562723869,-7.569154867741579,-0.453622276164829,-9.230992078539957,0.5993477409281844,-7.155425583452988,-1.9203152626989084,-3.1173319867348015,-0.19178920904125007,9.16047189745727,6.714570075710483,4.938274544179608,-3.487523270398423,-1.5723007459648457,-6.5061793792327105,5.898711259681409,-9.678597970581425,1.390493843518426,4.996221237342905,1.3368862131356813,2.931087584162672,-7.8503990549505165,3.0220336070507976,-0.3406794113288143,-3.8199131392934538,4.524089292543467,1.0579603472063184,-2.864213374429136,-8.753334656174491,3.126482006047574,-3.165600233796823,0.7626109407356623,6.7652101339014905,1.9954773485603923,1.3743637755475184,-9.365951581213505,6.878849077413538,7.063689589089567,-6.539355995997753,-3.8246449190325578,-1.958133809665732,5.17825877311741,-5.8832336544297785,-2.335412470861387,-7.7517559652239605,-4.226279367769541,2.1710943595584524,3.5317268242789197,6.159192392012844,-3.3539534981868124,-6.843583614950002,7.729671296502584,9.612534689524196,2.0269161890149086,9.656275366281434,-1.4413997584206921,8.477228293168025,-4.10914215234746,-1.1535666920062155,-1.1181709672045947,6.2437622088015345,6.685357516090516,5.511792804344148,3.031828585782117,-0.5885402805094593,-6.076908822519935,2.0854431614398212,-3.246991639213075,4.333341686885667,0.2726462705594024,9.05576433798116,1.1487436711776162,-5.704748224138831,-2.8809517134700453,8.663128612756118,-3.2179543452168584,3.905182902353241,-1.898472251099621,5.02118605329067,6.887687673135819,-9.397701105317894,3.2805205143116467,5.312682833996885,-9.675289929155607,-4.047876603611053,-3.0747461895867474,-8.01422874414567,6.210513380578075,-6.123232429968644,3.336733233067285,-1.2951034635537226,-9.358477119763657,-2.651758926273251,1.6752598400824343,4.553641053700133,-9.662031780116347,3.916254327020006,-6.304971129726473,5.488345507472864,2.878235376585348,2.7222126776905107,-4.0114355846870575,4.835938110156558,9.499790802212672,8.586970797665792,9.463426102501668,-0.3228395298696327,-4.561087867027494,-1.598159272577087,-7.983224498937096,5.219299489691515,1.5677362667766523,2.7443478094688967,-1.040230440602672,7.6993569438927025,8.335953896594155,-8.084776001317625,-8.347007235486787,-3.75453595939204,9.105476665283298,-0.4552603109315019,4.240811909152917,7.741186357646008,6.083402142915244,-2.062481433690653,-5.050769415758207,9.029940702928553,8.199947091645821,8.34416648840902,-1.7547962618813067,0.8304890984311353,1.1845449398868073,-0.09622434819630854,-9.35988148581995,0.78036737537699,-7.717455025137863,-5.3437408780277895,-2.3092844131095003,-7.745754112949637,-4.254532014684225,-9.706293971486694,-3.031975118844632,-5.529511039409241,-4.679403776690756,-8.40419860737036,-3.32152741620032,-0.6706959571566369,-4.0815479379995345,-5.433003742078403,9.591176250703615,9.878313453669904,9.892786439919227,-4.9204005838616816,1.5335935061081951,0.8662771239339762,-2.1314490503359025,1.394039820285256,-0.20088719997056614,-8.22940319833759,-3.8513281469352467,3.4046784089394855,1.941369824100681,6.034752063551167,0.3147631773577899,2.3169651094048334,-2.4988940764151124,4.800338926223054,-0.30383341629077343,-8.682333852897555,9.593443176423637,7.467665435454631,-5.184276762750544,4.048254953122452,-3.0097516754181015,1.7184006175832955,-5.271203389369061,2.2094020552748397,-0.4655641394890573,6.807709374847601,-1.4169765695112666,6.2021286044353765,-0.07207716004446851,-7.581163851413559,4.963361813640342,7.936777610100339,-5.9724277807907455,0.3227008604471564,4.876964035541651,-5.5562024991198244,-2.44788409743089,-8.16465457949355,6.187629303840858,-3.0225003595811994,-4.990003863186168,-6.80986049268256,-3.3012809107836567,-7.5990047972577335,2.3620098166542363,-8.325472063655715,3.4757500952183236,-5.506598978655257,0.115464982844669,6.885529990117853,3.368140057691427,1.4932139859570768,8.860043470708131,-1.8453593743099859,9.335193699799362,1.6952041954820984,-4.387549840097296,-6.449580684627114,7.4985147970675285,3.1626239382756047,-1.201371699160557,5.731024977259125,8.580034923154052,7.730323664280924,-3.9368035296892234,1.088494948029627,6.361599972899736,7.445376593429536,5.8959788999072416,-9.995100711198084,6.120982637619548,4.9341185480453635,6.6511485365398855,4.822020267863955,-5.804992032028182,8.384885926655588,8.21782680879847,-4.68971812497931,0.9592426115827042,5.596440889369532,-5.261637505661976,-7.7550896432300735,-0.8036701986270867,-9.450288496066312,5.319882707386039,2.1432095158387305,7.529858801185604,-3.3953341788849967,-5.625435795154605,0.04631621090340943,-2.862235836051852,-2.9504672823493454,-4.4100530484690665,4.6608026391888995,-5.847262853365338,-8.710832104369693,5.81134508498671,-5.565510397021935,0.43014531088860863,4.854794593031674,1.2046166166354926,-1.4298714734841216,-5.04328657587924,-7.264080503797368,-8.839036402866839,-8.12886283134042,-8.200367026278743,-3.852406000433362,5.624448000110608,-4.985306578687105,1.1064524660012935,-1.991975225285934,6.617379580307723,-2.4960607750272645,9.830027879671746,-6.065981557918693,1.8992618375988162,7.889757222572989,-9.389163759572272,-9.209126057204829,-4.986106111316713,9.883631287474476,-9.762335268426302,-8.42649809518183,9.794836602049507,9.559683799928479,6.952004241114164,-3.1150069049282214,-8.714592800883043,-2.6288728997770576,4.978697030478475,-0.5157274967901948,7.080087595314616,-4.213679034984135,6.184625646584912,-7.037220399656832,-5.479388660971065,8.242782711792707,-8.968149069230424,-5.662869947919997,2.1605309984770606,-9.876567113725876,-8.811234769237839,-4.612779990289653,2.3384621433046693,2.941845996581339,7.1899381885523574,5.540988838199434,8.053311463543707,9.507903073305126,0.48924734613551557,2.1291325013300586,-2.475289628071149,5.009132051103453,-4.840604695627986,4.718706114388574,9.98445994763755,7.95419957314466,5.074780798515647,7.336883481845444,9.612041139653048,-1.9401230030814798,5.232463574433373,3.0246891774578337,3.2590526950678083,9.712830059977058,-5.841301723323326,-7.405039239291873,9.204835271371088,8.472614732527951,6.49711018159795,7.7530356013084685,-3.518288436439187,-8.641561706950684,-9.064336035417469,-7.654679270773999,-0.08797557770346387,8.90724288663019,-8.832527466836268,-2.9573437674611185,-7.9013692926686385,-8.10815253024723,7.314077440237739,7.463931948644117,5.948827411262725,-7.0590691248631625,9.004019724141521,0.30233456128320313,-3.151644811062944,-3.81203259070257,1.569326544375933,-7.654561941251683,8.689494237719128,0.4344548286816696,7.174214780053212,-4.953213005366541,-9.433056617854609,1.4952715625405073,-9.005255140899086,7.569224239666507,3.017785134914268,4.234490987634711,7.1471161726291115,1.9717735862808432,3.1472490523161554,4.540571867670879,7.820605790126688,-4.121383894836503,6.044522756091471,7.353112803595728,9.371173667671052,-2.954342723716234,-9.371140601399215,9.48690503795136,-8.357910490522475,4.5142882922820355,-7.4990260924804915,2.2505087620515134,0.2997925512551127,3.6671435720537744,-1.6182336898675622,-8.462597323161514,9.8426482239514,9.275218638423777,9.342638906667627,-1.1099217022976244,-6.814009650063017,8.879080985535264,6.6409608507926485,2.7313001197743034,7.372349485447003,0.31447744504318464,3.815885059010686,-3.3788548650219097,-0.0428119403660272,-3.6871324390080478,-2.837401523655645,6.434562651634536,2.1729671755600943,2.068876496624581,7.340500580360445,0.061788020112455655,-4.9783014686459115,1.502069067762564,8.941261243607595,5.1502786756310375,-7.883185675830228,4.295666327702346,-9.60018876898178,1.044148913513327,-4.571406906446489,0.8852924275477374,-8.822222451479988,-6.079388485933723,1.6398700199326992,-2.110997848504079,8.883250543317661,-0.720964563380754,-1.6705783430334886,0.05298335770611473,7.663024055029485,0.5330405052092946,-7.633379816178514,-2.2335709946020614,1.8904522082910304,-3.6610670233256677,6.866863856859162,4.671777722234367,-8.050890734071514,-4.521172806662173,-6.806039612753305,-0.7149885103720912,9.657269187541253,6.319666262493488,2.7292541726125066,-4.242759789380013,0.1155190525505354,1.9939459149146792,2.9562240983719903,-2.0123180670828855,9.69254469029827,-4.9468389767450045,-7.122040038332345,-8.021409078997976,0.6996632450414904,0.6494003197742018,-1.9824892422519298,6.096346055039607,-8.94658778001627,3.150900340128395,-8.878240811798712,4.145813475387143,-1.1937148454504936,-1.7324153453283824,1.850400045610428,6.076982612294628,3.734660077577953,2.5543881303433817,-2.0952457568028997,8.088962045746705,6.745237826695096,-3.061091512849485,2.882270427396099,8.743435539115108,-1.255365231462573,1.1795296619128663,2.5557953996008624,-5.797068183042535,7.778070380433842,8.771895602092226,6.640134449100525,-4.471448013435914,7.034037305620128,8.588942495541879,-1.8228149212498117,9.88384766887129,3.37138272937036,-2.3596918408995293,-9.600362135827371,2.8132163421384107,-9.555777661330742,-2.447973667093269,9.805933405483241,7.578927755366259,-2.4169374428025048,-9.126895288341387,-6.190783321420987,6.678949349398668,-2.915876824662811,3.1652981120506993,1.3476684858913561,5.176074477710603,8.085187615846056,-1.4454555911485283,-5.137973900708568,2.517998258888973,3.5754439586996973,-5.104743567499723,-5.692806741781622,-1.7950135218781664,4.357552867922008,-5.079304999139738,6.209259508815752,2.9015226799657547,-7.354655424789844,2.014941657581563,-8.548926272437999,2.1104888068875987,9.888295327611559,-1.2060082667101,7.018342106409342,-1.365368183770654,-6.3884216406523215,-8.163060533397292,-3.1625773233895345,2.2994480190573707,2.217042875685692,-4.098061638674839,-3.5938666074412335,5.1105105176926635,-0.8306244321102856,-0.9103252894427722,-5.340057888875291,5.903243824827024,8.456905361488865,4.26944528745425,0.7839411094660278,-2.683794764413361,-5.54343744682609,-2.171804526317982,-2.4535644106924543,7.528794154664826,9.87037646460298,-2.817227355117023,5.0820728912175035,6.157913253302642,0.7020026389169072,-5.912347516949699,8.279422567496862,-6.592408886647796,-1.1956565866585418,-7.728840995123303,9.299702864191907,-6.494080426443254,-6.8335370563120135,7.514841886420356,6.285376831560011,-8.659258186746442,-1.8339975210219812,-0.3773937506211915,-4.6206950081604115,4.957225766727451,-6.318431593415939,4.6072351171612524,3.4831782800084454,3.12964893534766,-6.828258415487367,3.590531962677577,-9.926299433077538,-9.073702936503242,7.898903669176075,2.2057106331623526,-5.66103829425826,2.3448151409653555,5.140727896765526,-8.488909972027429,6.709948811085763,-6.160923460589758,7.3167839566418,0.2018996983947865,7.818207676151083,5.526659727625397,0.47012282802347194,-1.7261396737042123,-4.735672419298491,9.198532413461045,6.945032749420289,9.49877922812934,5.253607304489163,5.269124776894742,-5.396036776970741,-7.889754129496273,-0.9062233978589411,-8.430879605675427,6.433762551892691,-0.8805139064549081,-3.227541288224449,-7.256786520188008,-6.098921560986373,-3.438456829199046,-5.254260813618825,9.899580851422652,-9.697460601806334,-5.544097240273079,-9.92048962791001,-3.0251400221556306,-1.9298722792333596,-9.909318572152339,-9.255544327064559,7.5584373076221425,-5.186688324368813,-0.8147204712858951,-9.976633935184111,4.313047583765284,7.722978151405059,-9.9645928506337,7.152785386789638,9.470050405481679,5.628265753811458,-8.295486628898502,7.593033159209188,-4.295170345526154,1.6101613824534589,-8.567457450648789,2.091224929328373,2.004227151152323,-1.6892889652117518,5.874460291641421,6.326534774496906,-9.42894492084272,-3.85534649814113,-8.95838863211291,-5.038778996490514,7.9923722833264215,4.210234367949397,1.9979191970680272,3.7947677931864696,-8.54545962543855,-0.6072362568568757,9.43562307144623,7.296700733306544,7.335737853642918,9.955921072601644,-7.157028990445613,-7.907238293279719,-9.338189816865592,5.173204060484968,-3.2827085192196392,2.987154500639125,-8.045337418015981,9.134285658113896,9.705422284191386,7.2985258685065055,2.610636478421462,-2.4426349923191903,3.551567392773059,4.06320264751664,-3.4413867482510145,-2.1283141709184044,5.525579160426428,-5.015589235712817,9.184452383511168,-4.447683430260829,8.903401353242735,8.808138719466832,-6.627290997265156,2.6001288078159206,-3.293987307832893,7.064377589365314,1.1934250418587133,-4.392218080101351,6.7714253506757025,-5.875440720413199,9.672077143626744,0.564399326987866,6.294893111451646,-8.498333811526091,3.670983498359215,6.382434281085512,0.08690617857229199,-8.605565519902783,0.20659004383064783,-0.8056822992074828,-1.282623865832356,-1.9150097081194755,5.412869508124391,-2.2525977099361754,4.333889994471411,-1.115679741283076,0.14486664178478037,4.728847393971428,-5.967421740132832,9.054794535218846,8.755876834178917,-9.725577487253519,-9.15855737693498,-1.577881379020024,-0.5051652307935957,8.509878580514137,-5.299452460173475,8.072852979923773,9.012883523955711,-2.173170616981192,5.1888998697684166,8.517720630010299,8.624318191587925,0.9044210686825949,-8.333496294304084,4.515189707452091,-5.546624499359705,4.314823703041597,-2.4151249054141104,-0.43117270087876847,1.3948574181427524,-1.4998345735830636,1.2855381226126568,-3.89326871914077,8.184525216729867,9.4220112077338,-1.1440156867752052,5.738863162778321,7.417794616445793,9.088026572109769,1.437289335140422,6.394697437459527,-1.3362227460050278,-1.2044419764625829,4.686352502042979,-5.221390955715865,-4.153285888328777,0.26990579482541577,5.3634660034760255,8.825550587010731,-3.724319764866535,-9.772385271240847,6.846386818769371,-7.718079902128405,-6.323831896563559,-2.322864627871404,-2.4150917587463177,-6.936159737386172,3.6062347122216316,0.9851226564391542,8.897775843033472,-6.781866857950951,-0.3875749158067876,8.621765362240758,-3.305947193103142,2.1272419419966937,-0.09238896206294989,9.605259026099382,-2.582453026043325,-6.227686565979442,-5.99536649865644,-4.4896998913933555,-7.275072316458506,-3.028833191972444,-8.103990631022388,-1.8245666905949172,-3.0979099393575176,9.98564388705731,8.09298663846852,3.1015193316537815,3.3707619527623045,2.009876404831779,-3.219377031217963,-6.5438317000013875,-6.236249081880379,1.6732269483928857,2.14175118227155,3.229972956808602,9.213338803246621,6.258764222388514,-5.520592750534625,-6.162567583610279,7.84447336146949,-4.9162265029091445,0.1672483297705174,-1.0043786092379214,2.7350402050175227,-9.757703122585482,-2.8575149148055257,-7.57860718036663,0.45419731855382395,0.5615178808341987,6.6653404606668225,-5.26426220841544,-4.444405119193338,-8.96411345383866,0.2734328130326862,-1.1633995055296982,-5.575520461253019,-2.967488718514126,-4.9207487212079615,5.6892409313950605,-9.763434345414417,-8.65024272296731,4.114771722635362,-2.539472339516897,2.2524815641777725,-4.940938836804863,0.7383434484080347,3.2854776028819153,-0.011636054770686854,4.721769371199379,1.4172438142182884,-4.762154728215895,-8.987630964049426,-1.4319545348400453,-0.9992493145420092,-3.586010293562845,2.0241593952341113,8.336519106051107,0.4453301684853006,0.8293087778346742,-3.9268741826614733,0.08489321585438603,8.955221927628948,8.363963179039718,-9.332866416242302,2.9163514297133055,-8.474353351195221,5.5031619173550705,8.056612576367655,4.940145436317403,-1.7063361958559025,1.4603137616228956,-1.2691830923785563,-6.268148243137983,-0.24692229700443313,2.4906669511979374,2.0400373215717753,-7.376527613887887,8.209356742991574,-0.2003048867018027,6.017487838971146,-5.785916432595299,4.59513143003222,3.615927859743657,0.2891968145702233,-7.167771335272802,-7.002939173450324,3.4897802749812445,7.206141551472843,9.203658256198246,4.459646661614583,-9.441048693474055,2.9234180776692718,-9.53202349633104,-0.7467051125025286,2.5896508111416914,8.759182428281079,1.545835052499541,-7.176729214977446,8.192108015522813,8.494438710965273,1.4118693264787652,5.647315098053397,3.2990909216027013,-2.110809771036937,6.838057761408056,9.367196181448474,-2.8056471235418634,6.687825193704256,1.7691122408937652,-5.403222027317636,9.712224835177967,-3.396858323794765,9.164157465307234,-9.121714259444492,4.458956637906294,-3.334116994108756,5.1803450296429645,-3.8792278867393097,-5.047404103935651,0.030250608510849375,1.314812672818075,-4.507355324558122,-4.21098582620457,-1.8399480118729592,7.833736520236535,-0.041549932736813844,7.2913911631857395,-6.505146628374725,-6.044951167912314,-6.721353947565283,-6.478379298089676,1.0233287499481403,-7.4272185856673145,-3.071600668548493,9.452521848464436,0.0740596875863595,6.332029389453741,-4.172015687458619,6.645279970810446,-6.281516664488887,-0.9619208093881308,6.641132663003283,6.759492696499812,-6.168135952243072,-7.3972126162188,4.457313149472688,-9.65203498573064,7.887387245451144,-4.088279481988564,8.252959524744206,0.7395577419080528,-6.167584774791816,-0.11493393974523158,6.2835681310689075,9.521707173005915,-0.23078317265493453,-6.7331721940678175,-6.430564959961882,5.23452477542644,5.840429864762006,-7.624173601170067,-8.974628250079162,4.073487364771296,7.6796054838110415,2.821248463660204,-8.317749015317224,-5.233967328328612,-3.9751902441593217,-8.690677696106741,7.412770193457167,5.9601973195026865,-6.89678346075441,8.819931397960676,-1.865189288013978,-1.5328257119991484,1.8255696889759054,2.844637870613795,6.719050168906634,5.648708925840321,0.6640673169172402,-1.404438465854298,-4.030517938983998,-1.012436070261467,2.245163686010134,3.6839425228742524,-2.1639805373330994,-1.830638708779249,-2.898239396411273,-2.798286767689868,-6.542640273619571,7.612854733590641,-3.305993285053683,1.3246670003609555,5.848764899403964,7.954533412894694,-9.265268757112114,-3.1273662016568426,-5.032662601005116,1.9564095585617647,2.975030860059217,8.120190561033965,7.301079176569402,7.061574896830564,6.930314771248028,-8.553420547356556,5.015151383609972,-8.158840514506196,5.382217012169706,4.537778068459545,-1.9708357485749488,-0.3880630795632438,4.671876521036102,-6.843763356426549,-3.1783695682538404,-8.54734910328209,-6.119055543255563,2.462873065281972,-2.362353681696037,-6.998581194548286,-5.991278976009388,6.5143899612874065,-7.7938240489334305,2.4948303223627093,-7.790881500878051,7.205275165418755,9.765529080751506,8.749031282330687,9.459836728616718,-3.235428780159184,0.19717132846629326,3.1176281640490764,-3.06693781602021,-2.7630209166431,-1.2238997422791122,5.066443281678296,-4.222645090694257,-7.634021469601233,-4.990819579327477,3.245404374812031,-8.503408438427707,7.314944959061506,3.103342477019723,-7.315733278993259,-8.475442427611643,1.8690198222967798,-2.781031595160779,7.716203553751203,7.163453302126218,2.4585948358244885,-5.799442186566138,-1.7668451938556338,-1.6200173340664374,-0.5512567268325697,9.613227693731798,3.526030872005709,-8.649748861223596,-5.932902167614886,3.177843299303678,-2.3185240334626833,9.940368383200763,-2.421241665171854,-3.8681400654963793,-8.076186016509602,5.527387095625528,-1.205645309301639,-1.3804087341933169,7.12997412055563,-6.816685567322964,0.6514197540286748,2.750455597299853,-3.8484154033767837,-6.222996191031256,-3.7170144487818657,-0.8984644950909768,-8.050573732774861,9.59903647444461,-3.0998575401391175,4.5870914997534395,6.839361291792802,3.334724592996423,-2.033458746836172,-7.0496418890453345,7.694630754661603,8.641008515303486,-1.1969328398059726,2.9012102625861225,1.5066133490352147,-3.1840159715244365,-1.0729463914225725,-9.708893436873549,5.207194007386843,3.9607631269719956,2.229980259705739,-6.566218661383408,-7.391449509522879,-5.026064656102614,1.7444576009329076,4.628898369309775,1.6863958426332886,4.659280284930263,6.068584813538372,-6.225377665737479,6.332332770600935,7.7882850879453756,4.7797101278132565,7.3848606580674385,3.3333040744261684,-3.957181487036121,7.96662584134922,3.9091495286141438,3.293738878201003,-0.5640524012203265,-1.460941124533612,0.7661855708501726,8.364452395959493,-6.2325208260998295,-3.817294128184125,7.7044269932004745,-8.161843185361645,-2.4504872151960573,0.006645492932641162,3.550792782644617,8.613888232707207,2.897906884681184,-5.168633078252107,2.9423817960265346,1.695464676059352,-0.9308053215024596,-1.4180278544573035,-3.301670346863954,-1.4105933326697198,-7.126366386199665,1.7989892650192907,7.123615386178152,-6.247756955954014,0.4253719684485784,3.2924498998295384,-4.319046119858713,-7.999759975164393,9.445633468958864,-7.944879776687199,6.510934301294057,-7.27703332775442,-2.5554995750180565,0.49597043201247004,7.368256483555932,6.214329699049792,-1.2216617485925578,-0.0229229116058427,-6.170520670216673,0.6568829485358112,-3.873706321169834,-3.555593063933429,5.6664184206527395,-4.276271162152476,-7.8020996104983205,-9.504102087090132,6.131097491451371,6.735198940371603,-6.598447454313199,2.047387178477532,2.1484583717202668,-8.902910310672059,6.069274737596132,-7.339088231100444,-8.396326304359846,-4.701644324966969,-4.566362106511914,-6.487611812466132,4.984553513519359,-0.5835184623816154,-6.565170792657917,-9.71527611196878,-7.578849402469383,-9.8824640791417,-6.506076684398321,1.6717139596241886,1.3821740028229694,-1.9367615552275517,-3.4298566465284814,-2.876445552742095,-8.534458641366454,-1.3730045106911763,-9.06500183612769,6.790493941328737,-4.0488805231844704,1.817394400977479,0.20363435445171163,-6.587675824192973,2.33599031958223,2.7055438845368123,-9.07214254899485,-4.015196133188632,-9.234261461649814,0.906281060435429,8.70960786828292,3.8236022483391974,-8.20870211361691,7.231642927863234,-4.571091366597484,6.136759523361,4.1327320026549685,4.355774097462074,-3.754478917792932,-6.4763835202746955,-2.59952726987904,9.751685301343823,4.259749870766726,-7.163921217484408,0.2115814262829474,0.9860466548630811,-8.20601268054707,0.8267599598943463,-6.169723885328777,-5.570126015573926,-9.241320121381767,4.947315501355174,0.29414106179413757,2.108188670507518,0.8780382931275295,-9.264109208156029,6.865867459094282,4.704833643033124,4.377119477323799,-6.904159090011559,-5.245154840006656,-7.467655124853501,-3.9804224554978234,8.815767720784134,-8.349357563037165,0.24351775149051136,6.805485677178481,-3.95971596328444,4.370112723065823,-8.960697156123885,-4.745125648463427,6.072160569685934,4.500905012344241,7.613588405093733,-6.661170398885785,-3.59854308314679,-6.288571907051725,-0.5957942144965127,3.233284371841787,1.3561502812534272,3.3686915697666127,7.429156534706912,5.804428132354522,4.243135196432458,-7.88944003631876,-5.403381038564019,1.054425327518647,-8.128218688101532,9.773337301450972,2.751718950310506,-7.781558489046436,-2.9309670077433374,-2.326750306698207,-3.299340092876564,3.7460460301193024,-8.844702121950005,9.75720171388765,8.145418395100993,8.973632701823373,6.790188323380658,4.547912278688528,-3.6385676375961973,-6.4399561361833495,-4.734649572789795,6.135623810305958,6.937112330592264,-2.7082873189448815,-5.7915173309525025,6.8418728857648965,-8.770894501628543,-2.5686783969148186,-1.067389583501404,-0.39447299939157077,-5.488935252809448,-0.6522871398508983,-6.56645599513578,4.116190618891816,-0.27609269632134925,-6.389526351371481,-6.595138857904333,-3.054877616293375,5.313521982622618,0.6883621067196639,0.9174049807634095,-6.099271672885214,9.83951738175115,-9.593901046608373,-7.904384376250235,8.570507207778512,8.791415157047204,9.367276555472653,-3.676664158564069,6.731954451007063,4.844895373010294,-7.347336713958605,9.539425382874725,3.7053925222312483,5.00080928583904,-3.846434597540469,8.189507220091535,-7.595639920037338,4.477720664450995,9.893757159310287,-1.9910995701242307,-2.910678906036848,-7.21836520411808,-6.625122360160947,-8.86164077292645,-6.9296063917606325,7.587119366300911,0.6949784990976688,-2.2380224879253197,8.980170272727644,-6.1474752093513025,-3.5646386280403135,1.4817296156194892,8.645062001407833,8.512588435898852,-2.4304697300764166,-9.579205752971475,-4.413993233434428,-5.214417371017492,-2.835895885129574,4.027847146234274,0.5284656025280903,-1.161424130199931,5.567882443703773,5.550471354524582,1.332281670604612,-6.913664021410002,-6.727033344433215,0.37464201227281,-6.318220466164464,-9.661376685008978,2.6970611480036393,0.30377786309040467,-8.628219375734803,-5.161360996610556,4.701434899199359,3.750392353311156,-9.696687785340469,-5.691965656739388,-9.983835053411887,-9.546465987190217,-3.726913601597608,-5.346397038061328,9.225275110496273,5.25768663314609,3.3547979474573175,-0.9179290711673023,2.1121541220379783,8.545704071406156,1.3863764510758259,7.635359074279606,0.909525904208424,1.9428216137680803,1.7413091073122757,-7.800678241762309,-0.37264692142844424,-2.602642343065651,9.059914949833644,6.932485445950075,1.4676902419952942,-0.3554755509226677,2.627813779135561,-9.236581959316643,-2.646813434355211,-3.876730525264753,-6.7864632085655145,9.019176149429246,6.1160345118123125,8.644688138091446,-5.916063319999116,-6.709224558979654,-5.876833540122437,3.1552305137245558,7.232934132882125,3.7423606840523345,1.036052880746272,7.76090829139234,9.823749828101093,-2.677386705902496,-1.556746244123385,9.165763987443729,-5.97524111732654,9.66108334157412,-1.9915693633417053,-7.367191155743629,-7.175463621472802,6.018475295540306,-7.109659218012991,2.9552711701430816,-3.9058184515749623,1.6329289654174044,1.3857891996117502,-2.4688883212019963,3.3742296391588162,-3.955162706398463,-3.3662611549121895,-1.496983789583135,0.5111613854660124,1.635055077314835,-1.8010663612099176,-9.406299359006798,-9.418752296420374,9.543366269374257,-0.5811393283923607,-3.027473582475519,5.211732081150577,-1.025883049781374,-3.653954620366669,-5.6922521686486665,-1.3655063710145257,-0.32126243426561274,1.1751205462343695,9.891926092238702,5.0913659483197815,-4.709140535794036,-0.6378034141579025,4.102904061658135,-5.0952011745294605,2.877927645730619,1.52590044952351,0.9592955100020699,-8.122182158827343,6.786648484508213,-5.023475178683901,-4.0168777624246506,-4.5538558372266476,0.8328428518589313,-6.7689065441138885,8.359698202076629,9.933840521093174,-9.106119201244793,5.787311764666882,-4.855026134811369,-1.589855624089891,1.5113424661814143,2.0290862924790236,-6.289082545174034,7.505491372985858,8.884025319361186,-3.071324226611061,4.239615190493026,5.460224339475726,8.184565208174451,7.1738353013033915,-5.836542135091925,-5.4153694450472045,-9.962056363758121,4.787836054882975,5.225384289569028,-1.6413975761250725,-5.966014337155141,8.474853864362025,-9.585898266991125,0.3977496685902775,8.160480437524608,-6.311849080499757,-0.2313584679143137,-3.3718986087590803,-3.2097601835983536,9.233422260970869,3.5080405844721163,8.409473286231247,3.491510532927485,-8.395943558209432,-6.968633363473511,5.71033358599016,1.3079538824116792,-5.989792997493413,6.301422072256589,6.428173684238697,-4.989633058774339,-7.803288694998485,9.634178971304312,1.0866128311395578,-4.434844297186904,-9.57012985354207,6.112926781771311,1.5786960761152269,-3.0095162506797024,-8.406540336172707,1.2592927809875913,-9.342809178423384,-9.976493911412302,9.061244475506179,8.539774821618916,8.139729672855179,-6.724447431048586,-7.977842916806129,7.71713270259642,8.93379894637572,-1.2507338174783875,-5.097808955557149,6.789060760322197,1.8793816755182142,-4.066948371694359,-0.5773654337596579,-7.584997980494348,-3.2371136480227225,-4.871406058230097,8.56873232806311,-8.489622729154746,-8.293224177110796,9.290896337544094,8.282949333882573,0.5491570583436385,3.9397221996519285,3.620479467081916,5.845231296089764,5.347303030685147,1.509195203266513,-4.281471324361641,9.163995168539795,9.603212208049648,-5.328171127942407,1.9927488850272645,-9.436164158442168,2.3202873539660764,-7.097397168124873,-4.359287458017138,2.822459712679425,-0.8195873625735715,3.929420958792239,-9.266149893609157,-5.641533071069807,7.360619215941632,-3.8747706562099404,-4.689590975944105,-7.267892207369117,6.527877292549803,9.248579248054934,-8.474205040943863,-8.690091260232464,-8.405849299078188,-0.2955980333606689,7.40709285015113,-1.2330182190273131,0.7056869691782914,3.107639774973727,8.602794245085281,4.381173966647427,4.829277521378376,-7.183480500762354,5.635383220772232,1.7454612239583778,-6.67582775000668,9.006483639504197,1.7111071486208722,-3.2172140789995503,-4.411723622541206,-1.3042031443963396,-5.846233027842396,-3.2193641513393985,7.048977715005066,1.1198334487772357,7.591207062102626,3.9054280043583844,7.7883079822605765,-5.2923657351540925,-3.0254360915580314,-3.675942989221479,7.944442874902169,9.796051722384448,9.288461543021125,-2.212597109003134,8.964637773083446,-6.920235387659195,2.582792201792106,-4.3116338841632,-6.099682189145835,-4.924677688737309,4.765327825263981,0.008783748072580977,3.499147320030712,8.720583083965362,4.097182586973291,-4.516480863894792,-1.6456715824483243,8.736445617720424,0.020197452560420714,-9.89716676805762,4.232750991693845,-7.598819662637204,8.96843971081909,8.147222543005213,-7.566245039719379,-6.6737723039052295,8.185705602690142,-1.8611985661928632,-4.377062014853628,8.01189821475107,-5.1400992221458885,-1.1025614460226425,1.4799012192758116,-7.788982097159991,7.015403749446072,5.385140505875688,3.326097554614929,-3.3209539731189563,9.49991838891296,5.2445181212702465,-2.434055576216265,-9.131059825201525,6.876130874277173,7.665363790085511,-3.4903429536096358,-3.8634117560881336,-3.8411295070751557,-6.307919780877285,6.563911769308895,-8.918653222529125,4.25941730038266,-7.267109501487936,6.976140222360904,-5.843195804312655,-6.56481986851889,-9.774097364895646,-0.9490550600970575,7.271678602302604,-2.5781070030303566,3.378837831052426,-8.290663822295805,-1.1599263780797724,9.91168321115088,1.8618918572661602,-7.033187298778733,6.835453860511297,-7.269603616131168,1.1501507163750002,-7.558312799496734,-0.1945376284752811,-5.444265343382284,-1.142182874538893,-7.25389195824005,-0.5191932509696287,-7.184728992492813,2.214087311035362,-8.214698564203937,1.8441653729234968,-1.8023131824429335,1.5140593812391963,8.017504219539727,-9.636094776992014,2.533065107016606,4.257949835031214,-5.658330986794258,9.481151560268579,4.346711734709851,-7.490506879772429,-5.325146436272343,-7.52765339607368,-5.352372934465812,8.031304612103622,2.299145649599099,-8.502178415777788,-7.96900597237403,7.426270718803206,-5.238318334707001,5.794714543689331,-0.3153688454890968,-6.265552852598855,6.906636711974613,-9.310026744820235,-1.5859965434082888,9.289357620096236,5.847818688543857,6.263862490997912,2.4084341654644454,0.16288449632859425,-2.897790184117614,2.696288765666072,3.7599330530157875,7.9256358086661365,0.4145424937802247,0.37133739454429104,2.6858200873724147,-9.188802228625882,-3.4620314493422573,-1.5459676685219215,7.2946825843736285,9.904360032104908,3.5830653627499807,1.931029569092967,-8.304880995639866,4.640791813035436,8.530931697059593,8.406545662152002,8.425071501313827,1.6164147975706928,-9.056343261748093,6.586720425284906,-5.976827105904667,-8.406779530666125,6.934256797817703,1.454452876701728,4.530566973367659,7.7698866102042565,-4.59073776452623,-5.834792378038268,-6.7824228130965825,-9.571662845198713,-4.390639797484179,-2.4908838936423887,7.225419238336723,2.0047010942564203,-7.198098994082174,1.7486192805207086,2.1323217880248198,4.408020756962223,-3.2315648711563956,-8.062755823264558,5.925175715599092,1.5999490948994364,-3.9526037699273147,-8.673256570362707,-0.48276493232934214,-0.2164250026089931,-1.4774216722406646,-6.409335369428453,7.315029866611535,-7.022833228122658,3.2269701475738763,0.9499077874291686,-8.998696746006473,3.505736586131123,2.2148756636101847,-6.065799289899154,-1.0731285338825831,7.729244282378669,1.6068520289238268,7.987388585765338,8.57223730925358,-6.1773537231979025,-8.076051834923065,-7.628963753101821,-7.269414753314852,4.867303327035533,-6.670458115255142,0.48618694335185353,0.025520455142039822,-9.852631149365415,3.886918216084151,9.765897488496705,2.4692894567405475,8.175514282235326,-3.9856987054775983,5.328659712174094,-5.655407406477058,7.570629067629383,4.673317887436163,2.707070005231758,4.538958624091345,5.263195646551729,6.529102768403867,-7.1006201360147925,-7.2553067676920175,-1.0927106652120848,-9.430083367249253,5.4838550985294745,-6.127968767737575,0.5763527195606795,-7.834795384260391,-2.7929225509476296,-6.249369442723203,2.475605557294987,-1.7045834998674927,-6.261736193829719,-3.1418838261158077,-1.69978683909539,8.250328662861076,-7.4132255644343426,-2.879136547330326,2.684531947093644,1.8930636833480712,1.148690867424076,-8.307627676098202,-8.230716136863732,-6.421205544990711,7.3241432809990705,7.990671154405717,9.29224761634596,5.660969754595547,-7.904483551770662,3.972896319089788,-6.662967056646611,-9.948287128912849,3.5798802453338485,-9.161304341251878,-6.33430149782731,3.185595664950222,7.302011232467159,-9.204793545279681,5.812446188673581,6.790686582861859,7.838038136937254,-0.6369173679618285,-5.199660310840299,4.886761466297676,9.825050211796722,-1.7060609546054177,-5.625033998370297,-5.933959927463142,1.8334174751302807,-3.399741999287242,-9.899953574912404,-4.412835865336511,-3.5666219329556936,-2.210484958979495,0.65426407301665,-2.407255876470318,4.489641715473272,7.668526520250776,-3.4559027383829015,-9.713020801582548,8.616638392096466,1.688025558041117,0.48384263958159934,-0.8730097384728523,-1.8456315899998987,8.947302793730248,-9.309855606631032,-8.3908132392223,5.0717447944643865,-8.905793821140941,0.7934349581334423,-7.5837049203257205,9.675388216987919,-9.360287511050236,3.7447117521380093,5.516355599116965,-0.9524910862810287,2.5188014635778284,5.082147921720164,7.603310053805391,-0.7485537199755772,-0.04547971325725264,-3.1074225252993877,-9.261605775683178,3.980095240250222,7.466807722468719,2.460693047659957,6.1994224509645015,1.492299959001686,3.153901874044845,-4.39999948308905,1.0793167765886054,8.758719652338279,-8.4046449880729,-2.7863000191362204,-8.197901832408323,-8.622553452638808,-5.203783619823126,-2.6543712064589764,-8.466362876621913,0.1954090447255652,2.6343978179297896,-4.670427468287084,-9.231218913219747,7.325438038266036,2.455624971225987,-1.456904016416825,0.1737116243582708,7.805732454795503,-8.405606752071398,-7.755904023721996,8.440029841882925,-7.408846361813824,3.417064874024902,-0.29205917964519656,3.8836240430224738,-7.2767557319419,-6.611859910622899,0.4284012320112325,-2.160543761072935,-0.9837824266686894,-2.806149309716197,6.504919061083076,1.418002553955004,-2.7809246316627263,3.89237604645869,-2.143105961776131,6.510871772500977,-9.950493669422645,-3.1700906467725787,7.700065371546753,3.379920305953057,-2.7265958439857734,2.091034478723518,8.849069388982578,2.5197839388614245,-8.512345053716182,-5.797957519761326,2.780594673226327,0.3113371142802368,-5.574801448265161,-2.8647782379187365,-6.47947526396401,1.017996416102843,-5.477223469028239,-3.5898774870831147,2.723771747223129,-6.760828928221725,-8.173356601754296,-9.453884433154915,-4.928265365621574,4.0124288121702065,7.220745691506426,2.189240853909805,-5.834998036897825,-8.113068857050575,5.809805570777575,-0.1694600173476868,1.6448079745177466,4.063203819616925,2.879389592139221,-8.492243471325558,-6.73504488920546,4.060023326695015,4.961772413374639,-8.297306083941239,-3.9012786586741672,8.4119790864643,-8.92483419665487,8.356003754770803,5.956815454682179,-5.321020203822579,-8.306449730293455,4.480616340863122,0.5772786652863644,5.885742776758926,5.657045765480266,0.26146447988366006,9.124651822296105,-3.8448292872101852,-6.622577670323391,0.8531123886792678,3.9497081131843252,-0.6311287096982205,6.835877470159982,7.600559610628672,-5.610598994572942,8.499629757451935,-9.225764578551392,-6.302688648531218,1.8222677355569967,-8.59237346315438,-1.5250347330340723,-0.7064870904838614,-7.978006266232938,8.892701455993922,4.049187393455787,-7.47448574044709,-7.843941079005492,5.72203507913593,9.569398006515467,3.7417660365188947,8.432559353063663,-9.8674777834204,-0.30068054128029154,3.693250911208958,4.577818984590776,6.02079859269724,-3.17895001686638,-1.7859675762053975,-9.656702943354667,9.089135312416492,8.610324582897942,-2.934877996471286,-3.7841025309109373,-7.388837541095907,8.733691211064361,-3.439973845776274,7.50778093996956,6.221345090743807,-7.982059736844236,0.16728701525968503,9.07608631481488,-9.89202498923304,-6.632760359412715,0.7801195398205039,-3.252321755378307,0.5281614681701807,-0.18735018760550304,4.6061802197551955,-3.7038994774556944,-9.291232586315086,-8.773130963123236,4.4603461429860936,7.089357210203751,-5.6403419404094235,5.379311007909486,-7.488885014415468,4.297070714003226,-5.349701865057002,0.34060544174952057,1.0755633630002492,5.035973518794227,-8.527760684668802,-3.097281573809214,-1.4731839794015844,-3.3212286453807094,2.603095398280935,-4.570183198474467,-5.595508203502186,3.6292371218843567,5.735333504803462,2.0913076728100037,-6.141600579462281,8.196352469709382,-6.240972226927308,9.992138133969114,1.6376133032713618,0.25136601639724354,6.893162377898339,4.368487479181024,0.6649390607716263,3.4752535714026997,2.5830419381176846,0.1725493109802585,-0.6031741328532725,-0.029220664170253485,-6.01982683830548,6.559036554348033,0.281960614951565,4.194773649524834,4.768170408020465,-8.736371178292238,2.5895480187601922,-9.89168349240684,-3.4121862966675547,-8.572169854485592,-1.1509055543319455,8.836999422223002,3.871502816158907,1.6836638960182668,-1.6801455956318492,-6.580044198971644,-5.160488380064427,-4.605854910957776,-3.852723707243162,-5.024994039676454,3.660162287155446,-2.0793299913554275,-5.095492447994461,-5.154180373970498,-6.860514592360603,-9.202804713205424,-4.175500956315405,5.657754988206481,6.605143340696209,-2.093148137077499,-2.6771115386322126,-0.557104117579982,-8.963418984837432,0.9334658816340902,0.8443760877846778,-2.0819633829899598,1.2844990641283793,-7.818316604998579,9.577366427501932,-4.811856156555521,4.474835312874239,9.381569375670551,-5.509440771567302,-9.407089995311079,-1.1623216180715445,8.390646891272134,-1.3125348178645915,-9.345303523463635,-2.6864950817987854,0.6626862811626673,4.521812772975434,-4.804411746881194,2.6308818954704094,-0.9187136499191695,-3.875008017813819,0.2996834208188126,-1.6038153478045292,-9.696158748484741,2.3613889763467366,4.022193061983192,-8.250728057482995,1.5791292475454792,7.440677894253778,3.22344858550073,-1.6433560206262179,-8.251085239043501,-0.6436540913087736,-4.72471442473279,-0.7374488963020838,-5.586786581282648,1.8629451998122128,9.217687164969433,3.4625742651737994,6.207258839254891,-9.77982311301371,0.5961959291624179,-1.2311847244370018,9.471228574471574,-4.5412873165636185,-9.088398944433465,-9.625816816888616,1.478938439789136,7.323304742177331,7.553352644002118,9.18924084847309,9.414979917548962,-8.144206804880714,-6.281970575119573,-5.181453177539561,-0.9498821540432072,-2.231929995327513,-3.9363654843022333,9.97376830175089,8.969505986553937,5.987906243099584,0.16070403457255367,9.221905254810473,-4.151811903657656,-2.3006887467344983,-1.423235718645131,-3.527888567085027,2.959173785139999,-6.317516489682995,0.8233872938592981,-5.69723726876286,-9.786402089008144,-7.696800790182627,1.634717193653433,-6.9871838721915065,-8.67965760807291,5.110799684092477,4.215661586954877,-9.032034647739067,-3.843051784940819,4.85450293645985,-9.431541301612613,9.877510646963088,8.571895622556216,3.0779647200936537,-1.151379855925775,7.389816676274062,-6.332766930264051,-1.456084499082186,-3.849331893188217,5.6526275963583235,9.191281477753524,0.4956970142111299,-6.183403126718172,-0.23940110835155792,3.618998433246624,2.3273256761090995,-2.810453003953956,0.3399487192320638,-8.987782675981341,-3.6283736476775204,3.4066214313151484,-7.381367519047439,0.1908571282225573,-8.724848440366461,-7.661203848360724,-3.9827047353038525,3.524580708934483,5.899400194918131,7.8577295199165,-1.4755273368737392,8.258209503874674,6.059237050255575,-9.02426673987912,6.338622685217729,7.531227626894335,-7.357965203688456,2.3413121437165447,6.03820677871375,-3.7938837288457172,-5.12318589675793,6.947893766294083,9.785370461311647,-8.530661322712941,1.4337406101868204,7.426246277305612,-0.39960402884699775,6.697406707349515,4.361717858229749,4.8311984204170155,-4.222383393479818,-9.340521296820851,7.846810744282493,2.4048318681136074,4.797718101266732,5.786898461836623,-0.916425735657544,-9.007185284790783,4.8330402921921145,-8.474992771234795,2.766434124529706,2.1203590862769044,-7.52296212599491,6.527920486835324,-7.839044313047568,-4.35664838879857,0.7753653878804698,4.712957231734631,0.20004006055614454,-1.0256360913770095,-9.430770199062575,4.515116590934877,9.29987887951642,-0.8263558678269831,-5.941674119005727,1.1834410288245216,-7.418274827415214,-9.908938814554348,0.815052404345673,-4.513783676051178,-5.42792200455356,-5.828353909675212,-2.061819025780604,-2.5398262468165766,-5.13089889358201,6.8390806464064156,-8.09346440836184,8.708630706859196,-3.3733286022510978,3.719206459204784,-8.978022368315004,4.698010679962788,-2.3112381852458297,2.8113470271861285,6.606397158333163,-0.2711613863999389,2.544287702475593,-3.1133810958649644,4.786919001434489,6.334482399733535,4.977210221753543,2.7103897308188643,-5.432936375455184,8.651945094868093,-9.844418483072598,-7.548247391784848,-8.095712908758617,4.001863409923965,8.712549687818772,1.9849417003146073,6.625594039280568,5.471140661417399,-5.4744732719391065,-3.9954216507827685,9.07985837346509,4.339394170101436,-6.823056160681138,0.278818073519421,-2.6040300553636815,4.415101186012807,-6.017494039540166,3.4346347464934386,9.73768534486975,-5.667897421637857,-3.0343027082707437,5.283577177552894,8.378208968155981,6.085893790479222,2.0745729573978444,9.955455173207572,-8.02151676879901,-2.4183204149174697,8.63784257281785,-2.9392916862663494,-0.36101875855358756,0.3530692695137194,-9.976421053971038,-9.121388487235526,-3.99674758389377,-0.6089083442545355,-1.4771776356076103,-3.6319980323844607,1.1275800675979752,-1.2475112256084948,-5.498378099062369,-3.2097836852759247,-2.0206047267011717,7.25371741675038,2.5809341489815,5.6572621901141655,6.096313476275121,-1.9376387375614463,-0.5636269627933093,-0.33711173223179713,2.117700269082704,4.506908124919855,-3.1366743614003827,-1.5185639720158797,3.463326971319807,3.46835541512627,-1.4009317736513829,6.612015441995041,9.105762428324276,1.2296690177422693,-9.576981903980194,-9.656201094610214,1.9891744512226222,8.467169470696966,-5.549842927568196,-8.311114920047242,3.9678587906901193,2.5297981363018565,-3.170557904993454,-9.633315483350493,-0.5416978071959981,-6.795364584462393,1.6654915269552735,-3.501948885771453,-0.4824678365603585,9.81741882489272,-0.8370510067375143,-5.296151418550412,-4.153405705650655,-0.5710108117094581,-5.146582216136368,1.1420090791733202,9.375465101346105,-8.11724402391194,-2.0200954078507127,-8.83412004237603,2.023142378983305,-0.3804479894116586,-8.275075457465517,-6.841418555327117,0.9658315515753184,8.35702239534125,2.9186464567822803,-6.356275892562156,8.496452441904779,-2.5304589566033737,-3.9685029795711984,-3.7243652907785414,2.711277379929289,-5.999986871400607,3.127320488947504,-8.397501678101628,-2.6162458280248853,6.724475217361817,2.5487393425127394,2.7723861806738412,-8.512745203744782,-8.651716245093965,-6.129236868229224,5.3805634059000305,0.9490174865122825,1.670153785298556,5.599776266903053,-9.593732718397801,-1.624308043874878,0.675379372006601,-7.062060469678206,4.406084309506939,-0.836947519019537,-4.769873084350875,6.4850548198396645,3.0867452600613667,9.611042722690094,4.5523182678485,-9.025099776699781,3.726451139010738,-9.580391967148579,4.153227357086708,-1.232594879131188,-5.846505852867252,-4.6849883503867185,-1.346007058452134,6.4429954269712475,6.375027097605557,-3.032945518505324,-2.027369462461679,-5.832063553951807,-6.954230662699512,0.4279700370173707,-0.7898744707342118,8.811341411734873,0.6562138942680242,-8.130921412708762,6.784459370316551,3.958475590838866,5.49237997228515,-9.925517432531628,1.6992377754431516,1.2245111401888558,-0.23490977750716446,5.522830862206433,7.769270205680254,7.124827609788468,0.035620533440523516,0.13565106481563838,-3.177525977712598,2.586379790696805,-9.51171868099004,-1.6331706865268103,-0.5074263657684757,3.2777237257770153,9.53874389385248,-7.343343226987937,-4.170258621353183,4.319423847434313,8.198194284925016,7.572392681150859,-2.9004752689032776,-5.052335007967739,-1.0381831662448366,-3.309138388729254,4.523891593232612,4.1370340928754175,9.863288814467726,-9.300161916183017,4.799121135836948,5.298381062794107,4.160025371273052,5.823727647443906,-5.638840932460432,0.06776133116048477,-6.977193465491657,-9.66298063097023,4.932066282955063,8.63229462852237,4.166213341623733,-3.7364393950786496,2.337212861147311,5.062997330789713,-5.290824957178875,6.797655705943988,-0.5925953600709111,-1.6170894667270836,-4.671745141482857,-8.573866443655653,7.6844228259023275,0.6419081508488738,-1.4811328355033737,-9.585856438603834,-7.203126341800672,-3.4463878689478804,-5.157197195965515,-3.7922973165238965,6.4358575581692605,0.2680529212869125,1.156626195605643,3.7107318240124236,3.188603897108271,-4.409239224570316,-4.955329425686208,9.668255337926649,-6.822867357733127,8.981851009993271,-0.5794669572950291,4.280654221488669,0.3183036838176605,2.8889289046065425,2.373564701341257,-0.7022980503132921,-8.532618761553735,-9.247391054597209,-7.7702221638210816,-8.066933533087496,3.059250852274813,4.9161992297750245,7.511901010149664,8.483005844985279,-9.695667771796526,-1.294716110337795,-1.7992915523347097,-8.829920554225124,-0.9309189575300287,9.89417810946723,-6.02233441106657,2.4962311870846925,-0.7396789325555062,5.234824120904802,8.129316262722533,-9.829291381280614,-4.467958707252433,-2.4539273457582267,5.1945338785119795,-4.599868061551666,9.351625588982994,3.70361369628249,9.079171683851602,9.814122557114572,-6.833391198027132,0.2669333596111372,7.535152882023564,5.421358562426018,-5.681593879558915,-2.0005772817561596,6.392626157683267,-7.988037910245904,2.1726021859805282,-0.4456673136278333,3.878699122344482,-0.6371886152849786,-4.852831485966251,-7.686355578844628,2.6894887745930838,2.0173832090183534,-6.471670377352591,5.920503435893089,-9.40823619387255,9.004829937892264,0.9958137996447043,5.932427224922385,7.432440813712418,-0.02224316519581393,4.151780322967314,-5.196773243007211,1.911346205221074,1.699181818231052,8.688269350388182,1.2542584121348632,2.3877113491021635,9.85426275321596,-6.678597033160109,1.1098749332719375,-0.03030235889976396,8.080071035787128,-8.040296114569374,-7.181107125635227,-4.333362450617622,-4.037277569724022,5.070716447329186,-7.666380684535088,1.7627813925101918,7.9386500260395145,-9.57558549209556,5.268443907903498,0.20561079801346516,-9.548674641777586,9.886455135774895,3.479109749981941,4.892895861797236,5.313221964110323,-4.697525572612735,0.24926891581912258,-1.5226206412844352,-6.670458307181653,-8.182542537393356,8.296889401453363,0.864221637164837,1.4074975814715618,9.652610753450826,-6.968130100410073,-6.226656202902852,4.155229346733709,1.8118720235412678,-1.1570154101627939,-7.877560805194208,-2.977718922432948,-2.8860393655274397,2.511165793520153,5.895322564396741,2.4425585801186784,-2.6066956298156274,-1.2803348906039886,-8.906659650543302,-8.39614242890276,-8.666493420213804,-4.890935044963034,-2.8843496331747094,-1.3437671050750808,-6.544747061779555,-8.85839345314383,3.3501644824285606,9.402372228184664,1.0402044929418963,-7.325655790324905,5.99798552510145,-1.8882452448686742,-5.869258595459721,-4.72775677368282,7.4627103749935735,-9.541958321093897,-2.575870163685112,-8.719493005156076,-4.950654905948433,0.08848538357539226,-3.2880199890539057,1.3988963564588612,-5.609427553271615,9.030286733313343,2.3456842009534196,0.7902681809769163,-1.7903624339316302,-6.8804419676899915,3.5035076655090247,0.3461834091765237,-9.824022467993547,-0.7929219562336609,3.8758226954397053,-9.885211078371999,-1.7304424002567025,-5.3872085850082385,-6.039787787938677,6.998174652623955,2.441774751776766,4.4376839837080535,-1.6860240577486891,-7.0129097289551146,6.443067849279053,7.791239594785093,-0.4879664012847762,-6.83496055678569,2.9902366034380456,-7.896207459821061,9.304743384261371,-9.356301930696844,2.3426853460581363,-3.393853685453796,-0.355673687591862,-5.514653150815507,5.587507202992983,-3.6151503084533854,0.7084336409310765,0.27270261597065293,-4.196349681939882,-9.827494363674859,3.067668700907033,-0.6816261800821994,-6.39485757015885,6.4224945469736525,-9.737414079026912,-1.2143284176569953,8.45543937025975,-3.17121724367992,4.274270699248673,-3.22086724610487,1.5692147256339801,1.0752258194175557,8.996551405847008,-0.26124332656343086,-0.6917032601872659,6.750351801830618,4.728712221876041,-9.705192559771676,-6.1842486707134015,-7.110222176703935,1.8400599336023156,9.569951464362955,7.952563628913211,-3.1851033105219724,1.4636953888800335,0.5106627024278652,3.8105727714384727,0.6043255412517645,5.523089090155162,5.698059988405127,0.21900320830654607,-7.624723577467741,-9.884131183031325,4.695398694129626,9.313999178846498,2.6066707351906047,-1.6315094915819177,3.057365691688787,-0.35027499423947006,-2.4835676606828194,-6.900613432537412,7.822472097081132,4.108209653301188,0.3610762176346842,-0.9711828693145534,-9.552435599263582,1.242862278386605,5.246149845156431,7.638295866179348,0.31204797288159725,1.556774301916171,-2.9951211525524997,0.17846510875819988,-8.610859680383694,-0.10361825052205553,1.1551003898689327,-1.3334856704209557,-2.9759157055082337,9.939134288539982,-1.2754807528257022,-3.774321518506669,-4.563083964318697,3.5771194612095965,1.8133125245313053,-6.948537646179139,1.127472193156498,-7.9182225538058,1.1255647639584296,-6.911923628153356,4.597208971621804,-5.3257747834415685,8.210179313569085,-8.218003368643409,-2.49003037289814,2.9550234360289345,7.501867490497677,4.991579231966611,-0.7213404314013694,8.911676357183037,-0.32682393354749806,-7.973561991315339,0.7378715513213727,-1.2482602596904329,-3.967084234363396,-4.022440993612055,8.048659177745613,7.726550898233501,6.753100147596484,-5.371914861747302,9.378476835696144,5.755572032191187,-6.262800399440653,-5.177749351886893,5.1603094020140645,-5.762141917789938,-4.498527782726251,3.218523722824674,-1.9861450501438789,7.73776700546323,-9.753700773717153,-4.661497774547261,-3.808804648955233,-0.1648375740275334,-2.6217859684674156,9.820852020573362,6.1053601620865585,-2.384372848792178,4.9009903796300485,-3.67272276861023,3.1637532788291267,1.9753632573856805,-0.9800941322560597,-5.492080712858025,2.8300537524064335,3.013442778087949,1.579542181952025,1.8665613900057316,9.94094112929259,-2.2902551581409325,-6.751313072481717,-3.8136888717586643,9.776849185755875,0.36906862179401934,5.661708654532621,5.563549575248343,6.252690759668919,-2.7046269008383073,2.6503274659246028,-5.114521363095934,-8.411707569292444,-5.094000863830126,6.77237306136437,-7.331155823220888,-3.7082569020141847,-6.596953601143472,-2.0691780102701944,-8.382851799572705,7.895360866029822,0.10267057570160887,-5.952583521002175,0.5589243890277551,-7.667244442554921,-1.331462444915804,4.654207956192442,8.716247146975398,4.992581777812774,2.8524750090684226,9.730814023681031,1.2483036349490746,-0.36513739851501903,6.86194024166014,-4.201129278960034,6.761318248372593,-9.22215898737245,-0.2482508678034776,-5.075538309590115,5.201402465334903,-6.3398274693312695,3.841805136793724,-8.596260917844948,4.511218299224481,-3.3457092852169374,3.21466871776879,-5.79897558505432,0.3062274485314358,0.20998170160548923,-6.5795431640973305,-6.0114934595086105,2.019095503259237,2.0183241411493356,7.406700739964741,2.4044979249296023,-5.645503913858796,-6.706242665177669,0.8481187849559024,-3.717292050187373,9.83059955885394,-8.824545896362995,-8.926397194362,-6.91852549004566,-6.832624427698355,8.084809913383996,1.9041386633980313,-4.1768978389156,-7.566642537587105,-8.123396364776845,-4.238859876935914,7.1075766420321465,3.6829361545977353,1.3581490045070055,-9.41222818630335,-6.832652712342271,-3.804176703390077,-3.000096673729997,6.443680982241823,-5.559416748387907,-7.788190748667743,4.516954042201499,-1.156403500368528,7.870784902451856,6.668400119602477,-7.980118135284641,9.321579735334488,-1.0889234500800953,-1.962678911852091,6.563319391583256,5.1073946357537565,9.449417835440535,1.2641159045076868,6.485880136755679,1.9513022492600491,-1.462275723115642,8.32870435314539,2.5899208364780826,3.876081318668483,-2.0724042292603233,0.32771505665939316,2.682470508658888,1.0560007032153074,-8.812376782262,-2.8228690013411972,-0.6732019620088732,-0.21990467896616117,-1.0381730692550946,-1.1353326581292773,7.280534401032373,-4.217871508841721,0.9292322801303943,-6.057323018162537,-2.9736057038801516,-1.2030358930619727,0.652477049327862,7.509926835569619,3.1530250907620054,-0.2686615332553348,5.309482966452606,-7.481298266399672,2.1745437259012377,-4.028268399613609,-3.3316109867231347,-9.474714174554563,0.4042664397851503,0.6888328395324717,2.4884818308411756,1.6465435761624647,-0.23172362808034208,2.276818079720428,-2.8526949215170667,7.555726401055519,-5.255377302732556,2.9799873133802315,3.716111812660607,7.869902046798252,2.7066347813066454,-3.96997090930393,8.543345232683969,-7.69867051282334,-6.277574550549751,-8.533686960188238,4.132563577527662,1.2511997342780035,-4.787015765944234,3.3384418483983076,8.996260556895727,1.6732032780359756,-7.495761809674473,-5.724555543755039,-1.7470630830663243,4.296538851399628,4.376033267646239,-4.420775375264421,5.337736706490707,7.781125119582587,-3.6940294489759884,-3.7281351813712416,2.159520293352198,5.586228848517344,-6.741664678162458,-6.82480721320484,-4.505637556494109,7.269894765808097,3.8045081479111413,-2.3331181426195746,-6.7459101036701385,-1.7132277323964917,2.513116134378633,-2.5774215307642523,-8.624361797011053,-6.478738328680189,3.7531297242193844,7.2405244721251485,1.8441680618517697,-0.42625246721802235,-1.2469671831723428,-4.888680911069758,7.905728514703732,3.845264112576192,9.842647417062501,-1.2578427457288157,0.808957390627894,0.6889378763732079,-6.88909526053475,8.919475299130287,-6.661880186893001,4.46387460495928,-0.1455745192483917,2.268094211457157,-6.842023306877176,5.693200335853408,6.44835948254245,9.332705028492171,3.0805258724915205,-0.10193347740523606,-4.153786382342077,5.131560485820296,6.728014720193702,8.68117793115702,2.488983425961189,-8.04014555007215,1.1471681279914705,9.573497952622542,-5.76328480163252,-1.5301465754733616,-4.301589782153867,-0.5088380431801163,-8.27975840542839,-6.621286187011148,-0.5011023843866074,-1.7618439195739768,-7.568630602596727,-3.5349038044059533,-1.344651611997996,9.337224223317264,5.472451111937458,2.46194043205951,-0.49342653952962934,9.307063226385559,-3.744049062317276,2.466540616644652,-5.356567809177855,8.939863957823327,9.009898255206249,5.65753077505879,-7.087924122941949,-5.706441049631197,1.9364229666626702,2.80638805265575,7.975767786393586,-4.95658267053908,2.2583017922135795,-3.968503333918698,-8.102958405818754,4.605798329378771,4.029639047548185,-1.7530365206073135,6.943751387664733,-5.03369483214162,4.840388557425877,-3.882203862241232,7.8937425216867325,6.866574664297854,4.440862316710032,-7.890200676459267,6.260069259781261,-8.299760749615544,-9.232206290829318,6.63454595613312,9.69946035909495,9.41827167288369,0.27877253650508926,3.5334594518260403,2.383098741629377,1.814184631927219,8.946011050165577,-3.950431637025371,-1.1256667253576467,2.3538741284647795,1.1218033527228304,-0.08998698084368684,-5.299033133467006,-5.318828184299882,6.477929068845363,0.2992102127715057,-7.474947979263609,-2.151341683094177,9.190320159669358,-0.28959545910850437,1.8110127303880486,-9.861970628402396,-5.749223241333452,8.811138440497754,-7.8114817437795665,-0.5918519263095217,-6.946078204956352,3.2863712485310224,-3.316738949893807,2.063121746972536,8.7338472804819,7.401203847532187,-2.6274749394322505,-7.797635915064309,0.8152489904160536,5.397269250425271,7.7677528860359075,8.989005174949433,7.016565025314396,3.9466924731626225,8.827245697023937,6.664875163282918,4.0330986345955075,0.772059594543979,-8.484766604047657,4.7706989377380555,-0.2895952215382387,-1.160458569611336,2.497442856979859,-4.527456889296606,-8.574480214950073,1.3040559286551705,-7.0872270379444675,0.6097177688715849,1.0309547710770737,3.0591100703745653,-7.873618119964306,-8.21540284813791,-9.430369351272894,-7.490975600593468,0.8738372989482492,-6.757893415423341,-7.459405145295921,7.017928685398864,7.24931112332931,-0.04802924217435667,-8.274172893975479,-2.823957683359688,-5.368744286910201,-1.709037329823138,-9.87646559590363,-8.045900714080144,4.943266048698053,-8.437132319638183,-8.781969365471296,-2.5957545558037403,2.763225902664683,1.5192351845356349,-9.140504601592347,9.426256327621857,-7.24676749925387,-7.5526002407664965,-9.62992851530017,-3.9498198937789697,0.3345886318285842,1.2759096480870742,7.843194354054795,2.6765821565030237,-4.670548538675976,-5.900011949869574,6.020348185283137,-4.962525944883625,-7.6707656677908815,-7.351483072518745,-2.11163798856957,-4.216702736356894,-0.25826929064989557,-5.1725263719811725,1.3535107207585533,9.703750803491026,4.058877096075243,5.464234732670752,7.557586765502439,-9.79106902215047,-2.9790832103498266,-8.677979261240797,-2.970161905400113,4.133944561739128,-1.1600594224928606,0.9741332538290735,8.281340166440511,-1.1032696531395754,6.927586682026632,3.646525474883431,-4.31512289669707,-5.520711017832342,5.842322947970427,-9.114320874846724,-7.208568590963873,8.64383711376049,-6.047419674139021,8.3416375820666,-2.2268378400937294,-7.620267656254276,2.8781762527890606,-5.250518991247852,-8.922555654936374,-4.708604152830693,1.8639025496878148,-7.21490776061237,-7.72349463550751,6.331023461238232,4.051646669887488,-6.058120889222192,9.885533777740118,4.196516815584776,-0.48472103350231954,-8.413944247945473,-0.6658426292268516,-3.2019074518618247,-5.649104024424416,-7.395205588969911,-3.229475159576447,6.506635987462083,-7.483084844566468,-0.23963823057183653,-5.572635329353499,-3.9408866802055176,6.362377902144779,2.06037807982484,9.894119017738817,4.714727413288422,-3.629323960776194,-8.658499569358597,-1.425095628936507,-8.668522255929963,1.0007560715535835,2.554406201688641,0.7140218819587645,-1.5180004508911118,-2.409560957385814,6.908807985644199,4.782523591212158,0.8619656808681739,1.915471934931423,3.637449911219182,-3.1219450943555156,-5.36768919875297,-1.4643244005733873,-4.194767045893442,8.106674308438105,-4.625650467330464,5.404744550618293,-8.995841305215194,2.954476063377001,-2.3411905652591125,4.441831748695876
