4.876178286244528,-5.712203523643895,2.2944372234531514,-9.542477789812523,1.4365224928281926,-5.682283567103559,-7.465064714129667,-5.042266889940712,3.5648226404102967,-8.207458868623592,9.826487505907448,8.4409298907126,-8.555523279172231,-7.380264336173637,2.921492328829409,2.918522390869189,2.457977010593531,7.264688544010525,1.7031972604925087,-9.718281871929406,-0.5540094456738842,-7.156180891402397,-3.659514958609151,0.8789288645177411,-5.598401629764391,1.7457558535999969,-7.782620691760664,-5.534808159722484,-1.5120704009612762,6.285472387531037,0.17430225709969882,6.000215923098185,-8.222083308176105,-0.30060684863373766,7.372564306102557,9.196492314965973,5.391641213842162,-5.278219349679951,7.839864243533182,2.055568328022117,4.596998396833509,-7.5589346407617235,0.09822269163868746,-0.4577086997534643,3.386480552636799,-6.872479241772589,7.555339521134211,8.034806684080621,1.3919145154172838,-5.286868310179469,5.932114431186992,-6.974624462830253,-1.224187761362705,7.950477266291472,7.721764647447593,-1.5847462778362384,5.84303152574584,-9.480905643756037,8.073776424912868,4.475808946043587,6.0750307416693765,4.769202510959925,6.444061788407911,-4.85281899401246,2.053296342942799,-4.266046507939167,9.252666617242092,-3.2918717466361365,-6.384658629008895,2.0474020230892016,6.23259638992975,7.697710093087888,4.361904694209791,4.850216765531085,-1.1965091787647673,-1.398813006066291,-2.406057479056523,5.184318591374083,-5.7565917134551325,-5.475781490809624,-1.1844856231801124,7.420904711561679,-0.8430993839811549,8.66736782608185,0.011503963571477982,8.073715357165202,-8.902882259255804,6.066333372719942,-5.575793799959747,4.7940576834329125,0.24459065706814442,-4.9441390166365125,2.303565344393858,-8.944906374840329,-3.548866279595238,7.695448278577011,5.09897999623713,4.046737606198645,-4.007038946024606,3.9636917986233833
-7.190213697335435,-5.159034365313158,1.2179005033494317,-4.68239839729743,-6.428997521696925,-0.7134237606822929,5.26672400703063,-9.516414511823843,-7.231841040892373,-0.6141078394461132,0.7562042554750104,-8.42288538546625,4.092418105877954,-6.305173211294419,7.760304396014298,-9.086478039750816,-6.985451358120489,-4.898464207856423,-6.949371628437923,6.4566503555013774,-5.811540252850613,5.528938472790504,3.919694781897899,5.3125439621834225,-4.310579536816162,1.6166882640694737,1.8421420840119662,9.04452669618976,-1.671586940226364,1.552687048644266,3.2569490775479117,6.071262493835,-2.805813125089294,-5.037370842081705,7.241551462266422,5.73112845541152,-3.2028425069647337,6.053405138184257,-0.7511608717333456,-2.3076755075119433,-9.874560295774057,2.785540175392377,-0.8126059967264698,-1.8323099293591145,5.622710857931004,-3.9272655931145355,4.596983982393684,-1.5632131670771123,6.4918819284775005,6.851901451878675,-2.8937925705380323,-2.567467886694141,0.33583490964371876,-7.109726616203882,-5.141889341755597,-9.012633904958932,-2.2453941063030864,-4.146680315691378,4.607987512660344,2.8929262807941836,-3.796431636924229,-3.577111796117391,3.0542596122252874,9.583345436926852,-5.111976337612454,8.94671256995506,-8.335845508744947,-0.9829792195913445,-5.436533208599792,6.30621771335014,9.004633262409126,7.7501568327067645,-0.0751162003961312,4.3389299036318825,-9.010935660951187,-0.9181352346094158,-5.1100589571959,-3.909776397236289,-0.3440070652794436,3.0365816235331806,-4.730145048336616,-9.090722878244827,-2.9737245813442907,-0.055227814707167866,0.6069155146373184,3.5006104700985468,-0.8096716102108772,-4.592457732007375,3.155561078533051,4.638811925291455,-4.633519033150519,-3.3217153101448105,-1.8152089633780157,-4.706104590269318,-9.73841988992734,8.05570350843244,5.76038564005481,3.2629759781393286,-7.7501756804547295,6.11050285897948
7.517483896404414,-3.3105320074797495,7.739931083299211,2.884208623770279,2.6187387630691816,7.8591747345552,3.222066847509314,5.2422408683837745,4.971136700652455,-2.9536954146952983,7.854647168260016,-9.621597731277678,-0.10548460089236222,3.1260180171427603,6.1844066083420905,8.603828353900017,-2.783099180481736,-0.3423495765974778,2.3289078526242175,5.741647270466208,-2.7750553716117192,-2.4446603492657477,-6.147543140720606,3.85412172740552,-1.7446693777360895,-6.867289300841937,2.298738333588364,-9.015788372712368,-4.875218749853529,6.092141477837217,-2.306065329610525,5.68073679520074,-3.6571208692409085,7.873101906436574,7.114625648111247,-1.842712660760565,-0.5681170137719462,6.37127483138925,1.3123163199970005,-2.466715598702325,-7.888961020817106,-3.152252083876588,8.803400517153822,-2.946546359566245,6.37910377384787,-8.81071665088899,5.528922331759754,-3.488193246673436,-5.025330496567586,-4.33183163711216,-9.760032795091602,9.072205476558167,-4.087492883527759,-8.251370075194925,2.5367429562820014,3.9629514295874095,5.459769760566488,-3.3863533766070226,7.080950789687428,7.682600145493698,-2.3677746262926735,8.249537681332818,2.6747231650048455,8.992197616193152,-3.8533964487515204,-6.427640026050772,7.944240254319798,-5.270581506427905,3.0147176502452595,-5.480268150927956,6.787556583660194,-5.513180590247735,-5.192126767979827,6.599340759901583,-8.224037829535183,8.112931278573427,-8.46915415709754,5.956420389963355,-4.967956753440459,-2.008288785856336,4.983165755168502,-4.796135229047421,2.1900769335757158,-0.5288592815743716,5.25121412162348,-0.9649120114329417,-0.7268531931770372,-1.4502721724633858,0.9165283926908607,6.267079418768397,1.1333583887793193,-0.36805484645339703,-5.660748583963253,-5.0845035724296705,-3.8868790098780988,6.648933100673364,3.798891943926977,-5.471540573035394,-9.775409478986077,-3.991744072058103
-8.467406597078364,5.556243718650212,-7.774885728824962,-9.130777690629232,3.1944515745708575,-0.8364639086945136,-9.37823674775056,-9.974364751734601,3.348823980806861,-4.317288745046051,-5.969904995514659,-9.430451784490451,2.829451438569027,-6.902382883821387,1.10507070383942,5.6684534805238975,-0.17462881404298614,6.48132849620287,9.58784598241963,8.830546338200417,-8.217213446201434,-4.28156998864292,1.4838080594066945,-7.756890974427543,-6.276245710956916,-7.950879070658545,9.12632520070802,-4.967716464859004,5.636801112207712,-0.6228990772482774,-6.168638373659173,-3.027608568792357,6.892532195299388,-9.92372763312259,2.2864191973358032,5.2657919707172205,8.549212324152773,-7.461585118845823,7.592107065530513,7.389830713069042,-3.337310741844415,-0.11133887156519862,4.451470013042815,-8.586782330537465,-8.51532431597299,-2.8843805441654613,-2.2146212090513906,-2.735208272338263,2.9472340277573643,2.8549690770496206,0.487794117090969,-5.56874500225407,-5.696301678467459,-7.930950149966948,-1.8170175641298378,9.51577398036994,-2.8344802617240887,-0.09283546214552274,1.6394688914570015,7.498884876453275,-0.9702296624277977,1.3955410957919216,2.045092202583696,7.480584466661291,0.43361868478777055,-1.881953892473458,5.181329280081572,-9.632213796442882,4.335816035930517,-1.8389324395459035,6.107380670287949,-4.093165715215852,-9.397074067686276,-9.822339941369108,-1.229641926782115,-8.64843227911459,7.480920282736843,-3.9143437175050044,-4.063412314627664,2.0431383698117234,2.9311331920951833,0.8957306068629798,-1.6674853321385399,4.966946648957553,-1.6687572717008905,-7.256262861577305,-3.021524409627709,-0.6178314351365639,-4.772307706589172,2.002043299647468,3.7476724967449186,9.889159544097378,-6.857108504784777,9.23356654207332,0.8020377833364289,0.4622656290111653,3.6289603810559363,3.5655189042374236,8.562850067769581,3.7531562154867544
5.683997023804677,-4.029559202361945,4.520236928281083,7.436049030287208,7.9775952822542315,-7.298438446952689,2.7844323169335876,-5.888006632406865,7.5485239675334945,-9.955481105397038,4.1128870800533,7.195833488074079,6.247519440300927,0.899998518386802,1.2892103607378118,-2.7126960851978215,3.8497624395469003,3.4932416327744633,-5.17066391393191,5.277116844260849,-1.1340425272888748,5.03043521887658,0.542373539638092,6.87709651157315,7.374929205545499,-4.962625217850352,7.304231395224679,-2.9641397688999627,2.2454357588658187,1.404438119276266,5.655172811317026,-8.269964131912444,3.640147417551109,-0.4242992171926332,-6.765180169264715,2.5768691443385947,-5.068842552837687,8.235740085921119,7.861789166220245,7.487043522775728,-4.346388402282548,5.172308247307809,-7.41886338929528,2.893999823971553,5.879369058950193,1.303425369308414,-6.2537824713548655,-7.036318114012399,-6.0236318333034,8.551204339560584,8.55206441785047,1.89438941027732,-2.8683657020037927,3.9827644051670354,3.213292517446744,0.5337241397172487,-2.4813194272224104,5.068156558518581,7.292243143674007,4.328724027275275,0.8503531870826375,4.854219901420954,9.39951757506497,0.27024655746849646,-3.395324619991502,-0.14783639984150376,8.549691856228296,6.533165924959036,9.947826363128684,5.270504515056677,-7.450878697455585,6.78635511713912,5.821183328040288,0.6887584479601614,-2.1101179532791665,-6.5717387769293705,-5.254348375271878,-2.743275752717964,3.5400623619349414,-4.345580739965415,-0.21217651067012966,-1.8308383473615422,-2.1366122584143437,-4.220136236068632,-9.839731759104694,1.928379955697837,-9.298389621035781,4.787881639985843,2.3688445501281876,9.9456462377163,8.298896319892414,8.929985783329474,-7.08114551098137,-7.575380649057493,-5.132250016109623,-0.10824550749345896,-0.6022639345624352,-2.655050000155244,-6.798947778292868,-7.392483453045244
4.7498248637475875,-3.121395230889985,5.784847694196211,-3.026704694658706,-3.8708893575839687,-4.636766388476898,-8.889219114335503,-5.105634713792579,-1.554913172601875,5.336345500034769,9.25794832389959,-3.504066120542177,0.5964319432948813,3.98593649506601,6.425681942970453,3.558693192783082,0.30386271735782167,2.992133016934096,-0.589928584948618,9.205566994295346,9.265347002177464,-9.60589542259606,6.756964148791301,-3.4899520796759127,5.305619847775443,-5.660112002944608,-3.178321542127021,-2.1713845023084417,-4.383444939462331,-6.354772733398892,5.961244433068348,-6.329536257985879,3.8858915960516587,-5.812012420120647,2.1496502759503215,4.197206259960042,7.666165435222048,9.13848417938112,-7.778698214625408,-1.2687974926306094,3.686825606401218,-5.4108450127213565,-4.957962424487608,6.115545342540852,-0.38843321872986003,1.361427486177277,2.7375688582227493,-3.6456420747728435,-7.652828541457783,-4.128355393030549,0.28569479543744336,3.2025471578179534,-5.836014699298147,-8.25415349356297,-2.915953320651708,-1.4200233225704846,-5.545201602115759,-5.007382226895867,0.4632437930838442,-6.301084116744002,-1.1961172365753363,8.598774767232115,2.619556282380774,7.417848016547012,3.9796289109324263,7.015498757185021,0.8292772295511437,-3.8034482461592267,-8.286201669344088,1.049954148416992,3.5425033518336733,0.5223019245765403,-4.934174642626045,-7.1487875345433105,-6.719079560303866,2.370575670821186,6.345119108718478,1.8086443866628361,9.467094514216047,-9.634247311340813,-7.793924699798067,9.924027580724232,2.637410275009625,6.450961609185718,-4.798423763128648,-6.5071329774576,-8.64138513788087,-2.7384999313602343,6.240445295240075,-3.2540665307404426,-8.07111344184317,7.639577990580641,-1.0608584438105169,-2.7298433051585658,-2.5297657102626525,-7.164653081343593,4.639614966608576,2.1674581855428343,-5.34075764252491,4.862760978394903
-4.300055480172256,6.7415378325449495,2.7532063727164253,-9.211488760332982,-7.735534630329399,-5.306405253905084,-4.600031741527914,9.724181280987526,-1.7890910868083374,-1.9665462370117393,-1.1356567339666483,2.6814895217579338,-4.306110873915115,-6.322744480143148,4.779260309169178,5.965589547768246,1.6056995493533037,-5.21028707092241,-7.756439095910526,8.585066659725264,-0.912584986047122,-2.3181334231386703,5.93110661298843,-9.496575267204314,-5.118372461181824,-7.953532086240688,5.856054971007778,-8.23534374486375,4.852012432833963,-5.495756084207883,0.13914091540351947,-9.144809287849894,-3.6266179432842467,2.1113056780300603,-0.8986840557144955,-0.8499960698210494,0.06944264202092043,-4.068018308311057,-6.172890774322106,6.021446042999379,-5.311637401690314,5.710411601636549,-3.082401490935962,-1.8517605350281325,-3.185578152726971,-0.4796782997269933,8.130734819805358,-8.761754672230213,3.493872432640128,7.1336744524115225,-4.725871545989908,-4.067208539932947,-0.45632755914663825,-5.471747122198691,-0.6882653891561681,-2.910730385740578,-2.2253902469249187,-3.0053085121291634,2.546117939546985,3.3484109217534908,7.730134566933618,-9.299275491111645,-1.391845378395633,-7.956171999271586,5.340705526601187,-1.8403264180616148,-3.207040343199341,-0.7366206141198752,-2.630035859556079,3.315273410794104,2.828846678754676,7.78086177912094,-7.0349594609207795,-8.476529979273788,4.981117561022408,1.955663386396182,-0.00954920090449285,6.629794849557843,-6.976104996545532,-7.751795769447889,-4.266521806952019,6.330909392648291,-3.131240494633138,5.153107680499932,7.901893139291353,-6.011067616514776,0.4432806388507551,1.598958135146109,-8.129597207185007,-0.4561918346252263,-9.944491395137652,2.0319865781582163,8.946411364257731,-5.503796138310837,-3.4954429387341683,-6.916458523797662,-2.8730758882028145,-0.5851113061190993,-2.127013154746642,-3.228803941603413
-8.446461924015727,5.470974465623543,4.210854363632741,-7.132812521403866,9.415396641018528,-8.808389452958195,-7.369693545049298,-8.223700178351969,-2.2312103661329648,-3.354752963185252,3.6029951515073773,-6.036072951519859,-5.5691233496958255,-2.1931998543342317,-4.806340905526916,-1.6353568868175365,-0.8903370159303297,-8.41417599375832,-8.884912161287046,-0.5916337499073681,-7.116887381403885,2.0625737448538928,-3.836964610821192,7.411943560929739,5.788329112063815,7.660737955087171,1.1982233904387023,-0.6541144394781675,-3.809578855906894,-4.916171698435874,0.1327884597112856,6.861891762893116,-2.43375655346751,8.151814873956408,-8.05270593840466,-4.272961370599897,8.76669739496101,6.756856819388933,-5.985189220225111,8.586344827064213,-2.470456353041075,9.155264714044502,-6.036512934515798,1.1537368269644066,-3.7810809808515655,0.24073224697758633,-3.004616669566788,-9.789261799648441,3.27643378719271,-4.196379674722756,-9.269358615384146,-1.9077670508867666,-5.825625041356178,3.058900421008815,-6.202285758849055,5.277270599325378,-1.044064665569282,-5.4380905675513524,-3.927132055909972,-9.962155938270044,3.973608990221148,-3.736116212692089,-2.8153802789782816,9.193413190464224,3.6715316718601,3.7070090124290935,7.176505778650398,-2.5724724265542225,-9.382356547608303,-2.1310741710183745,3.896577407575908,9.682294735358209,6.760691929561034,2.8542358509096832,-5.725466284034944,-6.570530312381379,3.5234019415652327,4.727322367856537,-2.192867856645851,-0.09747017216629317,-1.1660675307585286,-9.383082564724536,-7.168888564421456,-8.685426989065721,2.6057585422081573,-2.9175223063446936,9.091440592036001,2.1631533821131654,0.3512793590175214,7.14364754918887,-8.110951619859597,-5.540184602927725,8.165399647257694,1.155832692577503,-2.4244807765668313,2.839831172133893,-5.233942691258728,0.8948202948501418,3.9417965302826055,-7.016924032926042
-2.8288169635194667,-4.571753323532612,2.1707737068156003,-6.666250265220217,8.808807574972551,8.197448165604612,0.6468354565608685,8.716070211402393,-2.94965672343894,5.636966719495533,-2.150283077219772,-9.859591530194034,8.165015850173447,2.911136892223354,-4.487872168455736,9.734604699149838,-7.2209694751783715,-1.2741029952650251,3.813908835585453,-0.11864492052189846,-6.922060423072498,5.325659294175999,-1.5459058510581674,-8.55157052312412,8.63947074552241,0.4344412565688405,-3.215400524664622,-2.3845531593618485,5.13377792386388,8.968102296060053,5.1113217897705105,9.475735210787626,3.58012142289747,0.11120577821510658,-6.5842012262181075,-4.184768482897534,8.319994417217814,2.5180909875665876,-0.1414458523377622,1.7272963989700258,-6.1551749969982055,-9.139319739398204,6.991223966102936,0.14988220570435296,5.777373870302968,-7.791893065662592,-3.591310710090334,6.389619393820038,-1.2181999049255428,-1.6358139771672686,0.9016346407654048,-0.9547742625368727,-7.095751305178806,6.679491994696846,-9.22569164048223,5.462422511899952,-5.926236375303788,1.1796205804905782,9.867425202388077,6.25309975229651,-6.007102127886355,7.605080371909455,5.741603982418823,3.463925430712436,5.968226251508176,-1.6063361356703627,3.493548410434679,-2.7700750985686255,9.862588462991098,1.806467842091255,2.1804004235009966,-1.5856886571437183,0.39184958593285657,5.652879464439222,4.323091245992259,9.399485323279539,1.2042079788194098,2.615566826006175,2.4051879716083704,-7.386361624348153,6.577049628518736,-1.7766415341997295,2.364877374438553,2.0718109278521553,-9.231744374858046,6.0899010603097175,3.943833629687539,3.8633337475568936,-5.263580910347272,5.041260524529569,-5.70254691789536,-5.689188337086271,7.101960741279527,3.992800249354868,-0.6095134724111144,6.645769084840879,-6.254899186560272,-2.480647570788655,-2.727149592597322,1.8732411988456494
7.098011827427534,-3.695843197630955,2.097193081406491,2.59269530361596,-4.574827364875267,8.530221612641565,-8.591574641163271,8.795109449498135,-7.0717737254266915,1.394871603323649,1.3315942969057044,2.048230734334391,5.412409667856737,4.841510238421744,1.1481608669938392,-4.8506151946509,7.430657021321348,-0.8605211537613187,3.5367569793695157,9.057622107111658,-9.027390604398848,-3.4068980762319594,5.9493151912800375,4.34775220748824,6.805875776165141,1.8593846836275354,-1.2904891207880347,-3.895018595094961,-9.371808125385016,-0.14005312222817778,-6.357362802311737,3.6791476523647297,6.845483778404468,-9.129560643422037,2.509122969854694,8.829740299606165,-0.9996309226115141,4.202427136870977,-4.593899588201465,4.255170364564602,0.4624937804899272,1.9492785571582782,8.459702082862435,7.505508027317877,-4.299412484643348,0.5553525733646332,-5.497270609398342,-8.664665388637276,3.497657574852429,0.23785675619183522,-1.9615298879401681,-5.295589548511222,-4.37045885547104,-8.003584945041302,-7.942326710298224,-4.17303160021381,-9.33339129688217,6.286581857355344,8.44810232350019,-5.721879422144673,-3.2423300685789957,9.537709941206177,-8.428457378225467,-8.43098215445037,7.009465060552561,-6.327425310919635,9.8953434982688,5.576419479985091,5.66969396364718,5.180587362268799,-7.681296541430848,-1.2558872107623724,3.5505877428863606,-6.030060584197063,0.13967116370774946,-3.035955223066029,3.1468380277952157,-9.98181890835667,-2.73874255481934,-3.7503822189588787,0.8339091016193656,-2.3658696425329424,7.351097816483691,2.896747429586245,-1.9255769760601833,-0.07275487904383304,2.0148926966116125,-7.453875779743992,-9.632268367112008,-1.5044324133469562,6.931892475343968,9.954130911205969,-9.81559198157726,-0.3620997156566812,7.501145179438339,-0.8588973625338152,-4.951783844956292,3.2620648753495196,-3.4911539725706975,3.4717185381766775
0.06229199407958319,4.955347272124904,5.47513938816399,7.0133217307318,-3.1862533516556564,1.016744257103797,-5.178758575025737,0.8085736823844236,-3.4775708246862163,-5.152904264074603,-5.471612704703124,-2.04165597695458,8.856725262209636,2.1773129211568474,2.3759522361683256,-9.781010204431784,-2.309080460538169,-4.8740789074721524,8.533700653329422,-2.6985075890090666,7.582465168885658,1.9499812569238824,1.301076174051408,-0.733600313855785,4.8336913639515995,3.59864763705583,-4.280963969884748,1.3031993719576391,-4.043170150563798,-5.391605491513229,-3.0474783083214207,6.087109644224611,-7.574802257837272,5.206867839756278,-4.452849715013585,-9.152559670010643,5.203241287274681,-3.711947007284535,0.7020267753081875,4.074290703786678,3.5489913243767788,7.384554306944192,-1.2163653537705095,2.893013482264937,1.7090098825917615,8.76531917770129,-9.189505741750843,-3.869549330063964,-7.146625021178574,-2.5828284384125073,5.277660820138641,-2.4268013860852182,7.824957019313182,-6.25544029648146,0.5428621766019077,1.741425591858297,4.799228313149182,-6.105800037431736,1.8211362394922368,-1.1916440422846186,-0.46626617629343947,-8.777580851963531,-2.376192045581158,3.4666034657010734,-9.805672285483652,3.0930356750909205,-0.4120820735400095,-6.499552240203155,-7.926544447420527,-1.127163785797464,-6.473301728000138,5.833189348311457,0.760051469956295,6.1831837573383375,3.800479547831726,6.81761916670483,-3.455231968743398,-4.193572736234669,9.927180327754222,-2.0643869918779174,7.307536473442127,-8.486848970113476,-5.862735645926684,4.645494333697904,-1.2569913034342655,5.570834174617572,-3.5895120235381057,3.461168232154428,1.4788732856476745,-6.657855558958565,-5.040859856216551,-9.390406478909473,-9.967404030484278,9.766799349198894,1.3460049417408726,5.720701137721868,0.02879003943956704,-1.3796352118900295,5.174039560858105,-9.333390606833287
5.335052998115199,-7.9236558610272105,-6.17810207258247,1.0640716626200373,-9.25097296313086,9.132295477007052,2.6948266798029223,-1.2512889342927664,3.3808415068230673,-0.6858820685557703,0.1567269871150998,6.321749203338491,7.3668774277158136,-7.582950987158464,-6.722631748914525,9.346548351959992,-6.197158196288011,-1.2019275610025844,-3.556091609685237,-2.9986083631144567,7.9070790330370535,5.233405721857361,9.996744651867541,-5.888012791043167,-4.845809065393287,-8.42611408523535,1.0851974548311034,-7.988723630906165,2.9286212568930647,7.371279348560449,-2.75063335553837,-9.448466692316305,-8.847155151963179,-2.1486745266209084,-5.243645221651903,-7.318055352433368,0.7600851143552223,8.249487696217297,-0.9095393355376817,1.4598424551575064,-5.322205688824637,-9.158688340004122,-6.815582321881372,-4.5029180290875415,6.863405813828209,3.785694058310881,-7.538835363054524,7.578195710043417,9.485409784785912,-7.288710940656937,7.402893528395914,-0.33911711555630397,-7.101417722302045,3.3252929240291067,-5.176689396237071,-1.4483704216802433,-9.444476229042483,1.6890473978875882,2.8098436191345506,-7.629395697434978,1.5573887616252886,7.743182788696437,6.047911961876601,3.1171159457225173,6.405847915697535,1.7253074854459864,-5.004903701419288,-2.9177487937291513,6.596583733768902,-5.235858399827629,8.971693155487134,0.7503890230052352,-4.417664292899266,-7.433227470432568,-8.347001702991566,3.2090450547135045,7.117772096494498,-4.448415535336004,4.4960419434835845,-2.8921887178107735,-8.47376356414945,4.240428519099236,7.140377592492786,4.297487718075528,5.099964928811698,6.358208309915344,-3.4259845859410483,9.607688611251824,7.000634643540536,6.833438112741295,5.3683071663561535,4.852563352447666,0.5851515018657665,7.097266925343892,2.2039068132063058,0.6701194159633079,-5.3485183243084045,-2.8724457104177077,-5.057502458811007,-8.947512575818193
6.057868666199262,-9.218546530447917,7.345926820389522,6.522660235543327,7.9129647822541,-8.196050389612804,5.615611486647584,6.56860296065334,5.26722288068563,-3.6993048615534097,5.015656375277333,-6.541757835804245,-1.4569006512444318,0.9961753560413769,-6.0432583180049875,1.8847507697605437,6.576934290382397,-0.9839509415339229,-3.6972121529728135,-7.696275749032459,-4.907331521726057,6.286320092947523,5.223674790117261,0.2636631963179852,-5.046176935778915,-3.5538398611538398,9.97987788037625,4.516988955764965,-7.963442967346235,-3.134920824822567,-2.6677785496294426,-4.830120414470008,-5.560363486428159,-2.8316276096968167,8.332131465908539,6.529222832360901,-2.261252787466585,3.1569935557309474,2.7019659964452636,9.896407034160038,7.730078799790274,4.622918847732292,-5.184345470343937,1.595090913370253,2.7355255382375034,-0.26729757620975647,-3.619712616684776,9.639955029223696,5.480508602536826,7.264028564188983,-8.806625346655268,-5.62294287689189,0.5173219807888749,-5.619947081173038,2.2167526207505173,-1.573396022663987,-4.337442267624327,3.6160854096811423,6.650625772530109,-7.888248755878582,9.763390834299045,-4.805982355372256,-7.177371238897539,-4.102207504492528,3.7882666860446275,7.892784211662349,-6.589497087774716,-6.065776560687198,-3.260950659627035,9.13922666383825,3.3969123453672943,-0.35778371805457354,-3.643266903754345,-2.065722118203242,-2.3619088391055403,-3.3249554123881175,-3.450615370837644,7.345255439363129,-6.83660182281079,-4.945351301148053,-0.745472713953026,8.367540459932172,7.751958299218977,-4.878464521215418,-8.215315570507167,2.9388077275297277,8.371372436631617,-4.837430302020557,1.2722182308308305,1.3527921261699678,4.757623237087078,-1.7868924025021027,-0.343117348549951,2.7896844613473775,5.946029314154265,-0.6720842883143607,7.71078088680154,-3.0782749556776645,1.9960724868505686,7.847734778471999
3.409410107586254,-9.110134397556731,3.5318081463821223,6.428397406176028,4.821235763807586,1.2891528768461313,-5.026697121354539,7.498996786277704,-6.819558781599726,4.326165179737412,1.2905171645597857,7.170209298284206,4.437723693255691,-1.0242382141992579,-7.052410161547971,-7.396493927889796,-4.567031651151989,-6.798673469544307,-9.826628116222917,-2.293655562242318,-5.672501656112983,-4.998569440792917,1.080388109018159,-5.0564215193395405,7.715847221649447,1.5765504809495177,1.5084662341270398,7.965536661875731,-3.5630940298538727,-6.648656999131404,-6.449732909496166,-1.4915273622135334,2.921814971548864,-4.73448618194764,-4.415773785554258,-7.447358902467755,-5.692973269641719,6.350249424419868,8.281496525676435,-5.374221644323005,-7.086878007659527,7.138370849175274,6.956640112365832,-6.104206459118393,-2.2664703097171124,1.077298019169719,2.369084911867672,9.447162161902625,-3.8601564570357,-1.879972734844566,9.905371958400394,-9.62916677884418,9.024205283456759,-1.6067229393795657,-1.622231168801731,-0.7280183344779534,-4.776484296433241,2.9079914374132123,-4.781925571950396,-8.19928184701144,3.193968905998485,-3.404187787897765,7.9026437925502755,-2.7701101377260917,0.5129493003236227,0.9054892907906051,8.9203620737781,-6.027302688684253,-7.230310792227548,5.478148387081912,8.168649458508831,-4.969961453344689,-9.681854234706362,-6.434414948223004,6.078054753151189,5.314248198403529,3.3093757468237364,2.7089058980971625,-1.4137354342088777,2.4478483883571993,-0.7632573231649413,-6.62462560305144,-2.8463101017973003,0.33226992852125825,-8.263770654706864,-8.89373241991817,8.863183952339888,6.735446311443006,-8.131112165418656,-4.333309077065128,2.330111236196924,-5.704075687941819,3.1821624874335104,6.377869561581942,-3.0691759258986835,4.802134585001882,-1.4626813971311758,-3.5108991838834562,-5.454911665725543,8.048797385080551
-4.6371948595108385,0.9497669441098999,1.9443596887195813,0.47447689948732474,8.736083584436571,-9.22129837240415,-5.953892881876747,3.548648037724366,9.62467932499447,-7.290411045743708,4.74466669918441,4.596485753654278,4.741685186166292,7.500945279703071,-7.188133788247519,3.34324575011712,3.0160000482157976,-4.83948167987359,3.2161872073175513,-1.1218126588320292,-2.989838767124482,-4.668743677194396,-0.5365712509685174,0.703863339623716,-2.6108355161168273,-4.85617471681123,-7.286375803980089,-4.240274978181116,-9.085261508499226,1.7260242936446772,6.642417446130107,7.94267123648811,-7.091022621915199,6.558394864192085,-0.28235229285622054,3.682247444965995,9.023022972613905,-9.662567269475241,6.562903629320708,-2.6935461918913024,6.594724242985524,6.7862204532342005,7.345625318832685,-9.110834382700446,-9.888826575041136,-9.375382657860767,-3.1619672623201716,-8.884656284693996,5.182538061469264,8.915337645138017,3.2103717578280957,-9.373585581149445,-9.985282015517932,5.303110413839301,7.267382759073797,4.7994524334145225,4.913499295421662,-7.05313977579636,5.71833883878613,-7.603490230375907,-9.261697392341086,6.022721192498036,1.973014722519892,-9.17535351249208,8.352994344278152,8.20363205044142,-5.515997463479174,3.758902124705921,-4.214190489615522,-1.1628647201575166,-3.0689076642582824,1.7077061784832903,5.163811846259399,-3.9654809826316946,9.802063950008815,-1.567422038007864,-1.3897976396809284,3.06358815658448,-7.63545184290368,2.3121966633180158,-8.640874118986556,-6.914512848452206,2.1338484916921665,-4.826609492655772,2.4112440720254096,7.145189820137357,-4.170929029262762,-3.908554570723137,9.713415367314731,3.3814713994405885,-3.4131980506464004,4.243023589509702,3.3663280683834618,1.4538082477221064,1.3318827391358319,9.279832725241622,7.395086169058793,-5.51619013219907,-1.00493441627507,-2.633046483739509
-6.854962691539739,4.547364521916155,7.940795337358775,-3.548057459269012,9.499940969966737,3.9856480442528017,0.16580777746191444,-3.5878187858645827,-8.038636027181944,-0.5971107917522112,4.334419774560104,-4.713127881382089,4.443482208150559,-5.2771629541490395,-1.1013437029783208,-2.2022816040179123,0.37251791585304517,9.898666129603676,-1.3918918953488237,-2.0450409884203458,-2.630823407564648,-1.0107444527897727,-2.7470735317480237,-6.649434951788143,-0.4632437400996654,9.515131856495948,2.6692349768344297,6.84262935024238,7.293468648554143,5.633263831723017,9.599665537935817,1.1346094368184652,0.8007637870564004,-2.1333274713456873,4.393158586832275,-4.575226415667535,8.935940863371854,-3.511005579934297,0.7246158980845845,9.343618622183548,-4.225310599260787,-9.995526046481238,-1.6132551816826393,-2.35014778925591,-5.680354720529763,9.603369862410386,-0.4193810510868836,6.909695310708706,-2.677895009464047,9.169198090166962,8.102131116266204,8.109086597809462,-4.69781698239631,6.520529758351369,-0.7109951132895915,8.378548072959052,-5.911186675948452,-4.640810505236049,-9.882262428055412,4.973506508650967,-9.443605308333929,-4.0391273288332386,2.2076719149936412,-2.767560334973367,5.196349393086184,-0.557844045832427,7.4850375848666815,-6.474910662072708,-0.992395353739413,2.680045520105214,-2.593684987834668,4.477875158534717,6.038680982004443,-5.687575139556054,6.940657591059196,0.256742430730462,0.03241698350315403,-7.493072784299029,-0.9586319324075472,5.199674775251854,6.172191211524435,8.925350016919268,-6.519911823306456,-3.6932902626250064,-6.889770157161383,-5.528525135160585,2.657509733680177,-3.9437971822029194,-3.3825782684810957,1.1565175169931479,8.315194385387837,-2.7512365160423435,8.483493610659604,6.216820896707397,1.437961956046518,-3.7468505956664693,-2.4010951045796336,-8.137038522740445,5.304150251584701,4.471141913682546
0.8505946446990702,-2.5835315532795793,-1.6929764101906901,-5.615339325578821,-5.841890327962991,7.700842153741149,1.9647405538324563,6.129153416808183,-3.4878440804067967,-5.070739278608687,1.9855735152741527,9.475025927815683,-7.430935969677179,-0.2893561586070277,-6.738537209217805,-5.244835001011074,-4.6971693236537,-5.525206103642701,6.9778330610622845,9.280389179864763,-0.484956164175145,3.1444785395536137,2.9680589637414094,-6.1664333985277935,1.3270439186607597,-4.513273798099686,9.88093489928577,-5.54120714639371,-9.71101428766833,-6.5946459329036955,-2.42316791374831,-9.024147263934399,4.776223332852359,-4.571489800063302,4.499464110188455,-7.937342069654467,3.046963811007723,9.203030214666942,-7.322739150120443,7.159708055392844,-3.968727217750569,4.752052174237216,1.173420280990447,-3.5641648356441618,4.793911168720841,-2.170186443021138,6.539066624309921,0.6143353584863753,3.3936446476270774,-2.6715766514252586,-5.871959473816046,-6.159649071238043,3.3089687957721843,4.062464577383949,-1.5673359078542006,1.6048196637643102,9.884622798925019,0.08863969142269923,-4.65629391543265,-6.3927341515435,-0.6562513654721069,-5.978616676103863,-1.6429242060667804,9.452249864060171,-4.87347766752289,-9.32549483839627,3.591777158427469,-3.455601651298414,-7.591262309815963,-5.9590316666328995,-2.0066641565186494,-5.505990609318447,-0.16377603788420458,-0.2676468633217244,-1.138463723795864,7.785204192370042,2.0289773269457676,9.722214964843605,-7.407023807389144,2.475749853983242,7.1878118629354475,-5.899449146398082,4.667378955873998,-8.628413268951975,2.3382138828014742,-1.2446496414806507,-1.5059891671955512,5.286520834858257,-1.6875618194280122,0.14038220759576703,8.560821555476533,4.768317671067454,3.2004664064995545,1.2501564160098066,4.378962760616345,2.613963457850728,-2.848203747459963,-6.337035914085791,5.801590251947935,9.69084759200926
0.6405634000102705,2.200671489344902,-0.2644275477827307,4.6051262250242395,-1.715712780866978,7.138061118320767,7.9062180823800325,0.04592841195892028,6.4737984084944955,-5.470074186638567,-2.5339402025471935,-1.498807811285495,9.235075163384021,-8.526617153484077,-5.539840990408176,-3.6223783879402998,5.441597680691267,6.682885007948354,-8.707237805342062,0.690954808979054,0.03405435173615068,4.488534951753639,2.0995804957202537,5.880622552323214,-3.4417222285118187,-1.0196284709022798,6.708383550510121,-1.4153363666268266,3.516359141928536,-0.9210874017855435,3.5819217391541276,-2.2590539290146205,-9.581151242506376,7.548113532533058,3.0149094187018104,1.8903115912150277,-2.401361866550726,7.167156235501498,-8.126768804026689,6.858818464694828,-0.28223967440675324,2.2148662707855635,-1.2481431967084422,3.565399205947486,7.5136807050508025,-8.060449609286572,9.917046186433595,-3.0897174058797683,-1.5056633562425716,-0.0701561024778421,-6.8947272126312935,7.5929640970725,-0.6285062705978444,8.729315913861416,-9.019842959433678,4.203339465833366,-2.6167637601077542,8.368839948648759,-7.9507382708459895,-8.44697251281362,-5.442059547302714,-0.341634614394037,-9.859157619035852,-3.166157859191072,2.611298569529911,7.389778438399638,-4.344876503742336,2.5755720067520897,-1.4524705796898871,-9.735768328105546,6.037182565741052,-6.183019812261563,8.485339309014925,8.174396450263266,-9.360533111490092,-6.842083536731436,0.15867787068740213,-8.375936999903853,0.1448601312603408,-4.370300673326444,0.5465729425245787,-8.86332788646865,-0.33368772184912565,-7.050934154650818,-3.434500057789598,2.086274319445245,3.4762572568062904,-1.337020255220171,-7.159713120939699,-3.0768970570106235,9.626829705812899,4.83072405867672,-5.426326230355523,-1.4678588666961474,5.914622617313874,4.72187559016705,-1.0392267074174661,-6.213009584960163,1.1145884804338628,6.895265372566598
8.923143775531393,-4.3990391819693775,-8.52498897105872,-2.068164585702263,-5.634257225174792,4.799732112106712,8.68334156440476,5.811808353098794,-3.091401224105663,-5.025188031697237,-8.583061067732793,3.7082245675045034,7.959869866422274,-2.371383344286471,-4.830919520133097,-1.1530377886020595,9.846621151634103,-2.8988010681540644,-8.654698681368473,8.136175321460911,4.8795713745638345,1.81435010739661,-8.069855455609902,7.872377202994027,-4.535242087222007,-5.699514958565803,1.828330549301187,-4.297400691025408,3.1742057671832242,4.8583997834632555,-6.730463818204968,7.2755590267673185,0.16215897429622217,1.549237811078834,4.099570336856635,9.508642527419102,-8.28858122769911,7.2650224626807045,-8.342795071013915,4.567757340166425,-1.23790520759359,-9.614301367976166,4.3655049384028715,2.504438646031609,9.991805155558321,1.5930207111968002,-1.0313020130448987,6.20864274701497,7.628773937089669,5.86460543046651,1.8480432336784869,9.86655525489908,-0.7170126193153905,-8.218638503679646,-4.665153647953781,-6.850090529500539,2.9116350591585967,-4.006990245354,1.9193892483381365,-1.2705024128036726,-3.160849738440188,-8.380931307990089,2.822402284713025,9.415943948361424,2.730703943439723,-2.383298670367524,-0.2405066162189229,9.341466568264948,1.02938024911996,-0.6452735019111078,1.7546356104442147,7.293861710033035,5.076119274015063,-0.7845306254090723,-7.381418512967941,-3.7003424910227807,1.7917946048282563,8.816775252620733,4.848164199515217,1.562670573313536,3.569679332040076,9.174551621531421,-4.990035287649299,-3.0407150486193597,-7.075962564830569,-4.120023564741755,7.663202006067497,-9.103164605555484,6.161174858262719,2.7615972053039624,2.6324577157518547,3.8842175867035706,6.535049693222582,3.500062000223421,3.538265716945526,0.9242867347609405,-4.791049081787961,-0.6796078035720896,1.0755015260971525,4.924997567718153
8.753780563009105,3.2443169549276636,-1.0139767409755134,3.5653301967251245,-2.507752714359068,0.012812927169997934,1.1020241210970116,2.1978006595243667,0.3030878612908232,-6.822522272133316,-1.1979530982767521,7.05543285043629,8.855974773843847,2.2206089036860295,-1.792518745843644,-7.558822323833474,7.897197326269513,-3.858998680336385,-1.5474455270979366,7.75321598669958,-0.6406508281469705,4.0305366506720866,-3.5111964867410306,1.8818722115869946,-8.509761390063254,4.510236067259923,3.614368818419493,-0.5933787460657349,-3.409164945441219,9.688971685191255,5.380930232278171,3.9877200842160825,3.3737478599935997,-0.11297011765240583,-2.5164664490248985,-9.212229891818737,-6.41422787469396,-2.8010927719075784,-7.9383928645386925,3.2637234086070226,-4.036105206914831,-5.381684707453389,3.7024083857448247,3.8356931816143494,-1.119648773140252,-8.268417970754058,-1.7544656022207405,-9.214862039000458,-1.052507983049015,4.939758546245002,-0.1589567133267611,6.974369507918972,2.235159586971406,-8.171307896692097,-8.858077518544047,2.7775355908077604,9.128915748485372,-8.752275276796631,-8.959803888541401,3.908931299152238,0.9410019865015542,3.9497901057997495,-0.9881754042666309,-7.664256074435796,2.9225361278311617,-7.016036112742954,3.691595351969891,-5.422161959898983,5.559072012318882,-5.023571192238991,4.094928871173,-9.812731395166413,7.782018027124472,8.82545587768115,-6.654107239777495,0.2223956388098678,-1.5910825197679674,-6.20906954980925,-5.700644080153636,-3.10399319543812,-7.573504736624304,-0.5451580296861618,-4.567914935319721,3.9107151825654114,-4.4583139101108475,-0.6273533677115211,7.884805202067653,-8.339200586796302,8.96400319696415,-8.882343768449958,5.616986788349067,8.110756434716162,4.823510478606682,9.908932078317932,0.2828915560757963,8.758192164256279,2.0637609998557913,2.906197522572036,9.659164764933514,0.49372349744542277
2.1186811842415665,0.7098523258018101,5.516785021523315,2.414787003731293,9.563842988352025,9.050269929065752,-2.1008123638053444,3.3529067279682163,2.306978339061807,-2.152490496530339,-2.19000197644184,1.771484824926139,7.59794700166081,4.345836426796655,-5.520346206034703,3.5634383490372876,8.678178814284998,-5.557199641654165,-2.7712129977373685,-4.589835337412724,3.850463172494724,8.15568888518812,-8.69459878680354,-7.721462735980018,2.978465681788972,4.912578582277906,-9.228212061506634,-1.5667216162693087,-8.76759458567943,-2.2081669567654867,-6.69910826481299,-9.825778964247005,7.106093515943201,5.845114937554065,2.9216911443564353,-7.706154960122806,-8.802886524015898,7.733335202101376,-6.078121440694169,-0.9906294179781749,-4.8878172849396195,8.922828130332011,8.473769862498479,2.535341551974412,4.564774995405866,-8.739879246259779,2.3674981702086466,-8.276481335619554,5.734590564664284,-2.809918150646034,0.5983393318864483,2.7214888649261084,4.812784475513878,9.948101597924122,3.075949218869143,7.67707589582303,5.690138944855601,4.749556893737575,8.671548262319877,-8.908306403858152,-5.744216044253911,4.826731343495451,-6.913623146286431,8.437312397231409,4.140930517951315,8.312585464816863,3.1831681609332527,-8.957540561589873,-9.38219439305222,-9.833101666662348,8.08706658857231,-1.048873249449704,4.46445501241975,-2.5869480467480566,4.199244312787089,-7.303215525456988,-2.183451586634604,8.444004585706505,-6.58679044433751,1.6152727665072497,0.06668941526240602,-7.650498914250439,8.996897741228079,-1.9721426337929575,9.568255951402275,2.1282065335044145,-5.700370459572386,2.5745994198432687,-8.73766186211045,-2.831993794012851,8.676811948739058,4.609538359181391,8.307092572885477,-8.360026732253509,-8.30390001419586,8.273691839348032,-4.352887498352629,-9.462204097291602,-4.2370992961232545,7.460588897710519
1.0634829156941468,-2.176709091082638,6.614115673274313,-0.031624252755165116,7.450712720679128,-5.4782810946463485,1.5956272413501456,3.179391394244755,7.803765639844048,-3.1606994518002463,-5.663686027986763,-0.046222733115111936,7.341450847736411,-9.434256903677758,-5.180756922949459,3.5189893004939528,-2.4045092956474123,-7.169505377947864,-3.406319668806221,4.1743653174761555,7.823484838732284,-2.095303099129242,7.532022906489772,4.455459064679081,-7.944575675801941,5.966696262193604,-3.0059237692508933,4.741207557765293,1.2009425674442262,7.601203295737982,-6.898609572962702,-2.827405941051846,7.464440434063267,7.719911912919407,-3.9815007526024964,-7.120274462097662,-7.5597806431120045,1.4810865881490543,2.2047437326246033,-9.536047878576376,3.771446618693041,-6.692864550875561,8.518537846009785,4.159793813323509,1.4051214359521076,9.005196354639736,-2.865050513662027,-3.714460996744167,4.872067735900709,6.697473367871403,-6.171324278896746,9.011323599087667,8.170618895576439,1.6038067601961803,3.4677309557816294,2.809180624031967,5.4730138152043235,5.783775027987058,1.7885628598062056,0.4206114090620705,5.706986951150796,1.0097294898357703,-8.510041280270555,-7.1044439437403,-4.74624249292658,0.22764462118134432,4.511282286054346,-8.428634851606196,6.945698653615903,4.852953792883168,-6.173383661448284,1.839385161128357,-3.5094550091074783,5.119582897482198,-6.245873427974871,2.468643388106674,5.4149015031121515,5.08533389384716,7.398434749345178,7.159784904105322,1.0695712126158305,7.601656948839789,4.796583497861846,3.273219476794795,-1.1908841649715463,-2.755483545434152,-9.518142448962339,-5.527082227477287,8.127501079599991,-3.06486684799615,-9.10566681522595,-5.572522593598997,-8.860171123295615,-3.458353088420427,7.753612567340397,8.638265982936545,9.692170170940777,7.8717262311503156,-1.743027905153859,4.897249770254415
-5.264567430079894,-6.806262217396042,7.061443264250091,6.375336677421,1.086832950121586,6.265908100588653,4.275244121317565,7.440697177540976,5.25484223694011,-5.665426098599015,-0.03268324359666508,0.5886774085238713,4.159117917908425,8.461069667015611,4.716060539872126,9.995611611948455,-2.2278493110628155,-8.28844476183258,-3.7118622402167816,8.015115999792183,5.2091752248236105,3.6844023175057217,0.3364716100744207,-0.048103115858708634,-2.6554979119723043,5.189115253000304,-3.089822246642912,6.617352929334444,7.743302133216272,-4.3855249204918305,1.7762215172138411,8.56859906565266,-4.66648795263257,5.99913519517421,-4.104654264266207,6.959381677387576,9.300297896263793,6.613206480180072,2.425148653965527,-0.9667739928031409,0.36892271289586454,-7.245846867645492,-5.705052843545937,-5.979866679299983,9.447780511042655,3.4326393948140925,-1.7835445267123706,7.816817613201334,-5.814579962541144,-2.894070316985493,8.210921791514995,-7.387456541085915,-9.539945363552235,-1.1206484721304228,-9.104277744594715,5.652338190488969,-8.490446361612705,4.383490053003975,-9.71798915121311,4.838317380855667,8.343131693555389,3.1284237451482326,0.4925377612930717,1.4006995253677967,-6.01248625999006,5.686759420266657,-8.282752927274286,2.3656819996701763,-6.623277492309487,-3.8033535404466434,-7.178294470741813,2.205895980595102,8.688547654820091,-3.0669971672080942,-3.0051451687379016,-5.818936476483159,-8.178988038799949,7.597543953242344,-8.205925279163957,0.9710363338409103,0.13067990544945296,-1.549551155323421,1.4615598293240915,5.893501329838696,0.053655239762024465,8.447840606177248,-8.342023139410621,8.500838740695112,8.921508623747513,5.5423661974767935,-9.064648834777627,-0.5003862665087233,-2.0898226752752365,-3.2648123872967183,-2.285896593530559,9.396210130537646,-5.665195708355735,6.956081671081009,8.832492511851534,6.036394060780921
4.929752768238524,1.6285371571991902,5.208819458029179,-4.967241509772511,-5.467511004295185,6.678013367344725,7.070133233801144,2.788897991012483,-3.8963352517148575,-0.6044917495161712,6.377323150918318,9.333759289701376,-4.007683034003562,5.703809533297758,4.712025613737342,7.248162194419898,4.658983514733988,0.8151425859595882,-1.0440395977628398,-2.1963885698819325,-0.560158257745659,-7.945791773125343,6.749988974858894,-4.92492553129779,5.410248906850372,-2.087735059564368,-9.897404014184133,-1.4803263994269038,-9.421727939443688,0.05711704928419259,-8.670250225048925,-4.587373252021436,-8.256929034410103,3.8806004881532665,2.1399792908756172,-8.437620921011126,4.540040603132372,-9.352423927967067,6.803868545708983,9.948164751144631,6.823329406915757,-1.1055014573625694,2.207220371393859,-1.2750173114831007,0.4119262204281089,5.986325322226776,-3.6512545192896155,-7.206188833150202,-4.437128848481581,6.9688054487882845,-9.327757697930213,-2.27319062820059,6.279017600748208,-2.9316023314361894,-2.637262033977297,3.4741021805839782,-9.32569552993053,-1.3502502956255888,2.063388697973492,-3.5222516174947565,-4.165437549540785,-8.419650033016632,1.9965509852261203,6.887321943648448,7.131749513218132,-9.492597062795149,6.429336812284802,0.6225572888470339,-3.850341944671321,5.010001184453142,-0.6874728643427197,-8.909262326035062,-0.155256490868938,-2.9677427880047524,-0.18806250248328382,-9.709454172803305,1.5541861020088028,-5.7103279155422175,-4.201036558443096,8.079753818964413,5.532404353144608,3.684187906405958,7.10235435019532,0.6766418360794386,5.273569035969906,-1.6221546861344383,6.884103241514829,-4.519981167513096,-1.6576460821480588,-6.815197215854623,-9.696698750333663,-7.371677505200768,-3.8092920426399957,2.529953425390655,-3.5528276613630183,-0.1703207083840912,0.7031619536889089,1.2403046633338164,-5.065680976174727,-2.2497369695217433
-6.2300657330930775,8.290424769852379,-6.409700226237862,9.112811416740712,6.98300309338407,8.824411418921063,-3.5891371262782634,-6.160400937313277,-2.4306519825867774,5.432586750176165,-9.694530472174813,3.2058121303119975,-3.62832073921024,-4.040995165407879,6.8461440038057795,9.491618131642252,4.529631544898876,-3.958273841232316,-8.086847012883272,8.549255998915687,-8.241429673903955,7.239691335064418,4.01688927654153,3.544644491393802,9.908604893930338,-0.8955448073584762,-0.3652531613643042,2.120061585252383,4.577981186516457,-7.086445550109131,0.22956635333581943,-5.034824226212091,-7.086307064047597,-8.993458537634428,-3.09110120574889,-6.404383526907893,-6.330549254434654,8.77436196229732,-8.401816944867385,-9.36975611752872,-7.425894572011,-6.448079722891262,-6.955461773870766,-3.7394388550267514,-2.1254014483083106,1.8852216559931971,5.138531084313778,7.696013727290282,-1.2542618350524837,-9.409420972853134,-7.011755632579469,-0.6912342940333929,0.2784577317070678,7.412126038381203,-3.4993890069787703,-2.4253114348406264,4.041748962333395,-4.299637771793288,-7.542323228328507,8.08685494559165,-9.778329241292067,9.478879758631177,0.703639009587425,2.742020179975821,-4.442862829739784,-8.781376078203971,-2.5768449126449156,-9.814214748556697,1.7972376912283714,-7.369209504483393,-0.4778352779865376,4.07684892266095,-4.105626619013343,7.484569481101129,2.0549795291712325,-8.612119558340037,2.9502350776566537,-8.335453608159513,1.0235976070103536,3.577372710771016,3.029412810257366,7.608604510939358,-7.22815292552248,-3.282277368143478,1.5662700063664907,0.6738072360867804,-6.427881301377787,-5.372150091878607,2.447028016644584,5.067982812731703,1.9650498991043452,9.309532854453092,-7.512273300196288,5.563526780367617,3.893955861722471,-6.6226160882741025,-9.434288991951263,-7.658280245813867,-3.618355976683187,4.084470595123102
-0.4168269518164536,7.203405875886993,-7.398015492946007,5.458201591556332,4.531145724983681,5.532392545523354,-1.0362708294548781,-1.2844476307794928,4.020154938228458,-8.149818119347504,-9.854854775103307,-0.020357124378948654,-7.813459074202949,8.5511706349263,7.097206683361609,1.6773976754784652,8.494761256515204,0.584294821731028,7.5623568489044715,-9.086544167742103,7.79387120523381,6.017270302328612,-0.06142108086967113,-2.910271714081487,-8.947098905435773,1.7479780668830713,-1.2103836158169798,8.829387565339527,-2.651849986580757,-1.4783716463721,6.1016348285961755,-3.0352460077066272,-5.199189463025393,5.292531544797081,3.68473714941212,2.321334676953901,0.14421241457854173,0.7918414392867774,-3.2850027459601305,4.417982792432241,4.070825868895824,-5.622657085290303,-8.169757383414522,-4.429062488707112,-5.630125713614755,9.288598945648552,9.969265433470937,-2.511703079604506,-9.49173177375078,2.713995672170155,-2.875780952231903,6.282642450376137,8.509870373236168,-9.312677412112238,4.71291281048549,-1.7644713884929608,0.11140675724511162,-3.3553839661394065,-3.041446737139612,4.689613918942637,-9.460341708890471,-1.0087943584492187,6.053546545366679,8.841031546239453,-8.821566132313505,4.501183669655823,0.6385367350976363,8.491325792162495,-5.693852400583652,-5.010359088656784,0.4349727129368759,9.936085906822278,3.817382077283291,5.859736148597667,8.05765838229015,2.6456538984111617,-9.339489007372055,1.330800598243048,6.165113301423844,0.8936282224106495,-2.4971742140575293,6.370686416061137,5.988550798066017,-0.4855904427536366,1.647633661598661,1.7000455666386909,4.36014743096967,-2.6565268682393413,5.965940925840048,-7.079286239276225,8.764451999515739,2.8671017209306804,7.27240661992084,5.736759098906852,9.362653201586998,-1.3558494168290736,6.264661275219712,5.393638520683602,4.497221489610311,9.327314894511712
6.683927857689337,-4.375216341615276,-6.606986793359868,-6.70983923155257,-2.2184640696992037,-5.041993982308188,1.5998243300249708,-5.745677274082319,9.037500924238913,-5.199433653749097,5.762470103982338,9.235816205417034,1.9031317741878073,5.256497696406893,4.912450458012216,8.386526446223343,9.35673617959521,7.521695932435549,0.8301323407873404,-9.803465290009779,8.694380147519006,-4.796734735790409,-1.3093958397810823,-4.0127915495403315,-9.534264106537904,-9.305029826793875,-5.804405169330877,-1.5304694700656505,5.543101768379067,8.2851463737775,-2.926769313393063,8.459108913473369,2.7559391680287693,-5.574662263935009,-7.007842637156518,-5.229687833394769,-0.2605440736134632,-3.5969262020291914,-0.2857652901227752,0.09617455601365421,-3.9971163290896143,-2.0755568030339067,-9.55830111679676,8.663310495783556,0.9693292768150137,-2.2716902882695633,2.198383298196722,-1.3169578857458824,-5.082140615890001,3.4335318821726073,8.233808830518072,-1.349725224299359,2.012559657386035,-5.574343329229674,-1.384861103257684,-0.7964707271708011,6.883729643773535,5.579403907243561,6.146012371458305,9.480608564640061,-8.773932173363526,7.891658414333591,-8.027738959828902,0.43229272294039056,6.21551759525509,6.161019237043675,0.6485686445661365,9.249197832300641,-1.1892981155449878,5.804299253529667,-8.05992606473784,0.894421812927721,-2.684094608419123,5.964062758947863,-1.7347449779607942,-1.5189594155652415,9.543954072203992,3.1629983268898183,-6.307914539463637,5.516719974903195,4.271960353910988,4.411449751114988,-7.526703486807773,-1.459129744507477,0.7532626477318889,-8.588547037009373,4.814545565751597,7.400352097171318,-8.586129842183936,6.44816787671332,-3.3141748743798,-8.841876439478868,-6.488627731031369,-3.8817331650127507,-0.883703513652689,0.5249412473007187,-0.003931361560027824,-3.144176690754712,2.9738280572826863,-0.5920014139046526
-8.142923007291913,6.081801743776804,-8.700184719190073,-4.627204591538949,-9.705239046647398,6.2146184006311564,3.2017422817226873,1.4132837819505362,-6.485531722359159,-9.966785054104847,5.82826791859911,9.241664276432939,7.361564946985784,-2.9766013509869316,-7.280216184973245,-1.8540522058440452,-3.768136762989382,3.951933248193919,-0.6268799374761613,1.2266944245886524,4.9620094214783546,2.070566070093152,-7.0273179925834945,-3.5753418717368195,3.796991301346255,-9.538626652749114,7.8124809151573515,0.6483800042511607,6.02818434508238,4.735072510766562,-3.6581999978242123,7.525761967337495,3.82747198285343,6.280720707311371,-5.97336427280357,-2.9585864373995374,4.548339157540564,-2.64862424289751,-4.680835720213901,0.35812528639420016,3.3635207853100937,6.151944581903088,-4.878472757839194,-7.298755783019965,-0.8259054139818005,-3.2643888753109573,-0.6453324744233218,9.299222882420676,3.9135174474260843,-5.470279828918345,-4.14826158765675,-7.184704293854907,-9.384745267127848,-1.6387216248038925,8.850903491261843,9.92618238933667,-8.06281072693238,4.753358503591272,-3.247136270301601,4.95922474629916,7.827916567725449,-2.5970737041482517,8.059493806519576,4.349618731135191,-4.045593241575616,-7.136442462603469,-4.135706571305087,4.574757624375472,-2.4290046351473666,7.979468520581449,-0.23908008692805183,1.4611015127283355,-1.951584614719028,-0.39695361220262804,-7.887192477541012,-3.1776037967825914,-5.9093218757472314,-1.097644220838534,-5.629470667766947,7.994952164549197,-8.99363587810769,-2.2025990033221827,-5.901879679924007,-2.813866157638034,5.886789763491709,-8.900960206141523,2.7651629576898813,7.251759461550261,1.813722390957528,3.0060976953692276,-9.095024043396592,-1.5655334341147746,-4.532614499558399,2.109334985836126,-2.4854244889896755,-0.8413753645369297,2.1661725695264735,2.4856963055196815,-5.7625917457992015,0.15150890471374368
0.5164351263079396,1.8067393916427932,-7.682911227944502,-6.060061033841944,0.35081156508756983,0.3248692970826461,3.767406776205796,-3.5782040092020795,-2.2846993775144187,-6.3535739593978935,-0.39485150539863234,-9.113441709520227,-6.655112710706012,4.016940846990263,1.9842016050451932,6.071107614274954,-3.6287703126800803,7.402349762068418,-4.271725400246062,-3.686509537103417,-9.150847314845759,-5.431708672213262,0.12736833917747248,-6.15770737890232,-2.328498525830833,9.393862148959393,9.618236551935588,5.58997892467519,4.503994019442615,-7.861349226091825,5.508333061097957,6.877662725619299,-9.20849138250646,2.185132089984325,-3.6662445625946427,-3.389337321461417,-3.093974454316177,-6.4571736443896866,4.3387844508004925,-2.4611833358571733,9.509553593844299,-6.234503158790259,0.4564832152784497,1.0715127917967457,7.06071178618798,-1.1277238029472088,1.727738577700105,-1.4609947985171967,-5.654543062782594,-6.940582003967377,6.078392870857904,-4.558757371396029,-4.923278244398091,9.335192925931445,-2.1579613956897,-2.0424883438042096,6.307337042712582,5.076922376295219,6.776162861151537,9.041745486080547,-1.636896782838127,-1.8074457789489013,-8.530648183562645,-9.427555598096662,7.70882155620162,1.4054458167545434,-8.858474785149482,-9.795640519521594,6.231651601500257,-4.136767073631886,-0.003188920301756326,-0.03193712113128733,-4.1823544362272935,8.667626565379322,-5.520959074849507,-5.107826590296954,-3.691635406962006,-6.483233719086973,-5.817316386122091,2.602810445378905,7.8059798535031995,8.931391031282594,9.984960811732872,-7.7146599920824155,8.204984879785464,-7.993902409745026,5.975031184560811,9.83464829698994,-6.517376193569153,-2.3215593870389313,-9.850538192077787,-7.095029741064598,6.487881177317348,5.732021072220448,-4.5491062172537085,2.3560762159584048,8.663194947451125,4.331016728337882,-3.5074313249330435,-8.655073166033748
-9.582815136019411,4.223733422247877,0.2049684707113837,-3.853968876419815,8.092361671931432,-4.864306414129098,-6.3748931939438425,3.1102443693252475,0.18503604338557622,-4.581827297792538,-6.152393940066423,-8.928358514222523,1.9172456418698225,-1.7438453920494528,-8.66536278336972,-8.433859813143519,-9.54929590647028,-5.916080348107002,-1.7338205030263243,8.014042345218076,0.6999291182034195,8.710617353165816,5.708004377161242,7.898722856902957,2.3781203907453126,-3.8654747815682917,-8.005997549023313,-5.028273997227322,8.89853020969252,-4.791056972675545,8.196588362562885,-2.2804905514725764,9.597510737590934,-1.4500297300578318,-0.45407126344878357,5.807687929042547,8.445171128300075,-8.015377841089224,-3.5027064741308456,8.665935904031361,-8.31388349518714,4.057132453351235,1.722258834911507,-2.959577731386789,4.71073689447212,3.0619750910660404,-6.191308910919644,6.337758006494862,7.806919230641757,9.200067033129471,2.6667551697960317,-3.5201394073342662,-4.47864836324499,8.856787231371609,2.150295598050633,-1.2881608825667747,-9.344566507701892,-7.38013591347614,3.8765895431897253,-2.117976943856683,0.9364609097195107,-7.920212858541584,6.891017653592758,8.681183034071921,2.2016299868899054,-2.2755679255673256,-8.377632506505124,-3.3914895585700267,-0.7278650280257075,-3.3272494343709624,-0.6176683005992079,1.0715521030524187,-2.473881261054829,-4.110219207974026,-1.5967509293521829,8.6331492273322,-2.498365924309118,-0.1904552938368944,0.4359323112921345,-2.7938862838616707,-5.568317329209956,6.68026550005867,3.4190740139325975,-2.646359677970784,1.001065236017551,-2.352212454305713,-6.7626724387265424,5.493714778247362,-9.828639536391353,-8.729220240031294,9.34071082907073,-7.568371106074836,5.215872145891838,-9.118167885270482,7.27984042606106,-1.7447730894730782,8.327825804346869,-9.05955747372397,-1.6004754223879196,-5.098656530764201
-1.5664604388874146,1.7558590284436537,0.16751804661118896,-4.494815797096923,6.6417299527604285,5.966814249812932,-6.404730032926997,-2.0744497942982942,-0.5037081960925676,-8.662934644469438,-5.933316655358252,5.175420081558709,5.95032111286757,2.9637434660034767,-5.684699906977735,-8.714092589984897,-4.150998645085684,-8.061402284114912,7.670988010370571,3.3146484104204106,4.172386891427358,1.5716110639599563,-2.1163307242547873,-5.025184072955069,-6.580191152656704,-0.33606700511542975,-1.498055190355359,0.8147369537941813,1.7648007570535569,-9.50228458310823,2.9002897378786248,-4.201052882521006,-2.836419188454622,-8.882276151301978,0.9824830297732099,3.6033316496139207,-1.8948306084891424,-7.166691154611677,2.172451991868778,1.3163791393155364,-4.567191748399577,-0.40546120183828016,-3.5875856289143275,-5.148707591757818,-5.308320360722916,-7.279572451652454,-3.7797367928384347,-0.16128603995540836,-3.6950142178180627,8.923446713096578,-1.73934986858319,7.932839413312955,0.39978371888300757,5.964919367278881,-2.586994330203143,5.7887360331441755,1.3717653837900983,0.30485519357067226,-3.503181664105874,1.969124588796392,4.671039194736295,-5.850059517320796,-5.310106152290577,-7.590391958706981,2.4420837832097337,4.856211639145327,-9.109335565319805,4.255258616672508,9.867365456047235,4.806122555260044,6.841655803600119,9.124387033350661,7.121511153062702,-7.504434371312261,-1.3087636162959786,-4.728406639059546,3.230504772840259,3.6134322544718867,1.8956157548613444,7.450418495038285,1.3769480505457814,6.9606502876392256,9.320698218683482,8.61487626374571,-7.735387530272996,6.3429272038904685,0.40387294122859174,-2.587261774688196,-2.271314014274221,-5.118474296200994,1.627525918168251,5.4613851881403725,1.0937458431414733,5.327518310779016,9.221975199185838,7.337578800302246,2.065213334482877,-3.8688859485415605,-8.465984596642569,-7.2072992791531165
-0.14146429866479515,4.181066579731507,7.626682634016223,6.308869424718736,-1.0213330020067488,9.013606609433424,-1.5679476621650874,2.496559260478108,8.52664309406034,8.266820235796835,1.3036663240053237,-7.64214230963643,-6.983370338714394,-7.843445481892346,-0.5285285929988461,-7.726064990887307,1.2630857027043625,-3.7562695844173426,-8.994042680543071,4.189931329611198,-6.866500864834794,6.169771460519268,-2.095339746367415,-3.4619500154558374,0.01149424352107431,-7.932251189145174,-9.64162823621515,-5.974825175928569,-7.878183270289765,-4.133814081623262,-1.7511742424857442,8.270667939030403,1.7942708013316278,8.506595319025582,0.2395536325370422,-9.305406752681433,4.431900613514369,5.784446963382091,-9.402437157821614,-8.374652263463096,-0.7832691627238457,-9.734691368095682,-8.93756272007968,0.9391961271126874,4.267692151794849,0.5176873837674734,4.071296093649462,-4.6255035661819965,-8.444401145537812,2.746612035181803,4.250504517453598,9.69272025632717,-1.1381791801126955,-2.4128448061242747,8.123058017127963,-0.2702256320425249,-8.268505123346317,7.668332667655502,7.460580504942882,0.8000915045996742,7.046892332991373,-4.006425739433251,3.1362970477728265,-6.462671325047802,-4.02813139361192,3.3862745460238237,1.3846413944180451,4.833507070521787,-4.7670806696122225,-7.5936856262156915,6.836805983772152,-8.775935344270637,0.3052182859182633,9.413631906073096,1.877956624909185,-5.624915695245846,9.015678798585299,-1.3936255550762375,-7.580719630548862,-2.273552184755678,-3.4492347072340612,9.76873121268892,-1.122559836081205,0.6862119546896253,-5.800921422434724,9.07715204972628,3.8332010531067677,-1.3302153650960236,-5.795741811707131,3.3752893432341313,1.0884104679176083,8.42477216508259,3.7526819179283386,8.900762382204608,1.3217282177986345,3.3618815230486625,0.49314983107881893,2.6541651090997487,9.088919046332972,-9.660688148467138
-7.4707610896833,3.7441284001801396,9.324340865636252,9.453184465355516,-0.950560161563228,9.892643252709426,-4.926643509251747,-6.634802370504341,-6.2630630699043905,-6.245372208410784,-9.876647258651783,-2.805514125770099,-9.855657429094533,2.1313238026041574,1.7592333052369025,8.824522866245573,1.377859814955901,-3.292928195191889,-9.716977544314243,2.223318201092077,-2.2095620671665888,-8.997278537016014,0.2546495567339324,2.523860291492232,0.7426814736869112,6.889779540737223,1.8717269055913999,-1.794671276729062,6.89151599770263,-9.98670004507847,5.149302833858016,7.122988208818192,-6.293287700365946,7.139359867416481,5.739356762193806,3.042307760746052,2.316508019061203,-7.170359950212644,8.678951511433898,-4.938234672870414,6.834747835393664,5.506602394219495,-7.1978253360688615,9.718273739078636,-0.17008270736669928,-4.271576714650611,-3.5294384505058662,-2.657049899548152,5.4679973619542555,-8.655712160276153,-0.5890447371324399,7.926124145675011,-1.1049992250204905,-3.72656714979966,-9.200849463321708,7.6385749574521355,6.427133518010308,-3.8090684493498905,-3.1282382884032245,-7.801325306915823,-4.049760316132673,-6.667211159780651,-4.450291486926212,7.7042945637915246,7.209768445021179,-5.505341660658214,4.450744945976854,2.6111749807791327,6.53641359991396,9.312646013204219,3.655517441327243,-6.199716281392627,5.058923636778852,-2.2288549973732996,1.003507273213982,-3.6722555425144314,0.09818519438793416,7.712791940782843,3.4570671282858214,9.031335385730163,-4.241475962765751,-6.463413318331175,-4.059755424672076,-1.041860053129966,0.2504430203767054,2.7741411713560318,9.772219995849245,9.652287310716602,-7.729643303248787,-4.531680177246602,0.9686295228866726,-8.297448990403284,0.9962243697041995,-8.352398970082886,3.2541902461428442,0.6023474519951293,6.221979345668679,-5.108123030063236,-4.590902674453837,4.162971538244255
-0.42677743240865595,-4.223796717679371,-7.32730679336721,-5.658308992221704,-9.142149588363456,1.9632799699779735,2.5642895985802383,-6.166223091848744,4.576313132069437,-5.417577151136714,3.003962655959514,-5.538988824451987,8.242670529507937,-4.653454659247567,-3.711883324009131,8.713655378682258,5.023251967406194,3.2286918051509836,-5.480827990666106,-1.2234455272410205,9.906912441049478,5.724560026672517,-4.9997796455594745,-6.183929989022632,-5.732325013044215,5.258192639695697,-2.6164328144736597,3.781123092339536,5.760349816691011,3.7813651995719137,9.901475836489109,-6.57804245635724,-2.2016598972682537,-3.127097010695266,8.421227527855319,-0.00720462533365307,-2.8945678434858113,-1.34302843217381,-0.29653858019487345,5.562029858048369,2.948552319356576,2.604615136147002,-5.248620475786359,0.6452211098408007,-3.990990881933474,1.8466980071454948,-4.2230369006938595,8.166600414535289,-1.475882940787681,-5.603856519894485,5.444235531180709,0.06969654258938007,-3.827973294036884,0.8129311317170274,9.262698777116235,-7.734839719543016,2.2137707123560055,6.182213875673398,9.213197785514438,-3.182324636525089,-2.792590238241388,1.29479887479002,6.620867649745389,-1.020069274490318,-8.933185442330043,-9.697252639546946,-4.659670613950788,-5.346505340291565,-3.2415573092595036,-5.193043657616077,-5.3520709583929005,2.8580917376010806,6.694407814544153,-2.0641967500956664,4.364584968107458,-9.460149642529739,-1.9481119688630386,6.1445387814701355,-8.865684015713795,4.634231036423028,3.384650247869292,0.4559369601301615,-3.31722486104751,6.560613787691139,-8.965516791553936,-6.3639248726501,-5.7720293789971215,-7.924435027971864,-0.40559245500754315,5.627324901656856,9.784565842026474,3.575003289459813,7.354032097219697,-2.8846095707899995,2.0657676472799142,7.264193754931597,5.1281372060332675,-8.564023879357093,-4.156280214083967,1.794095922465111
-3.6632123997901944,-8.802869562586729,-5.062715004536644,-3.0309841122569647,3.16307628532031,-4.476914872737132,-5.829400195066741,-9.749154797009618,-9.166010019407274,-9.95165288090481,-0.9598363809905042,5.171036451944248,-4.056718809815985,-4.602272930318718,1.7543377428578388,-8.785121100077404,-1.573274069977904,-5.965399298633621,-2.5054739845111236,-0.5702438025443879,-2.561348683764857,7.11176003796594,2.811799383946937,2.2709490109978994,8.314563846527172,5.888727514312308,6.0345959365524,8.863330397056849,-1.7168896155206497,-7.560349943557114,4.642258555538243,-0.7870561914731624,8.639757546931051,4.6644230482407885,9.831514860510804,-9.166916909344936,3.168004329013696,1.7748745500030978,3.0006259875415324,8.19650698082566,3.053864062441045,-2.1187379656693643,4.4045102381568775,-5.167176450540296,6.198743818349971,6.735106608576167,2.8006828434022086,7.027019424396862,8.450682778746224,-9.179303480722167,2.6579697268048914,-4.4112925452271075,-6.079976704507793,4.032875402342233,-0.7751376051978589,9.627135548704615,-1.430650453366054,-0.15830144538444202,-4.639714102030805,-7.543095171696319,6.387414104507933,-3.138476657650604,-8.969446352834353,-1.9975613398985104,4.472561122579075,6.4299967569759815,-2.0774308013754794,-6.649212617290243,6.226701813929829,0.17550925638698445,-3.0613596673843464,-3.340407891712525,9.580184321044428,2.8596931577598603,8.443726790362415,-0.5629089406797139,-7.6507280485487765,7.6460301689569725,-4.87804197174003,-7.85764980296475,9.096111887291162,9.950109749995505,-6.590854155595114,-8.757243048710386,2.671309912793973,4.215696023231425,1.6009527475237384,-9.271712709864772,7.957323092559822,-6.419324949616159,-0.19119866297093502,2.081488868356786,-3.4410960830057125,-7.810901818855069,2.563939606190308,3.6808946102936773,3.8488691502310513,5.244225691866511,4.032670929774284,5.393087493327261
-4.780563958993884,-7.880682064480691,-7.479634910676232,3.7052964785330573,-4.902043988057776,4.801167464882761,6.886307676042506,-8.448849008963691,-6.889561666429465,-0.39892264056216575,8.129788620977507,-0.7676034880223632,7.002782579772784,6.866516848893113,9.59496349497763,6.195510132366039,1.2416260348696966,9.96331472863061,6.406874356488206,-6.361710168256634,-0.5004292617413313,-1.7765000778097768,7.886281060146523,8.666668846364878,1.8122333936797688,4.214952917953415,8.047760963021574,-5.023879496347932,-2.9056961995181085,9.172811970474424,-8.87002007858497,-3.0895035550903804,5.096219099679203,4.809662653300819,-2.04470428784054,4.299762745389508,7.155740914115338,-8.98993922369934,-2.9428957677456307,-6.41187530136647,-6.657699434054775,-5.072775579188584,0.3755020583725326,2.686029222154211,0.134855595677994,8.781551309541765,-4.820565517251647,2.021564453506649,1.1567197426990816,-5.527472438006664,-0.7105346664683498,9.760299075978736,0.36510791386494823,7.489391942397493,-0.05644426882924947,-1.8760146221107057,-1.0587734833890234,-4.903633235966498,1.0187755492659978,2.9590513390780693,5.4444224812786,-7.071986753195825,0.7491951021342977,-4.017315118306863,-2.0090563678302686,-3.840635766447429,-4.534957363229266,-7.5808272139443345,2.951905876507725,-3.408395723807942,1.9670792176283154,3.0006018905937726,-9.16541754818525,4.3338883649593,2.946735104366665,2.164663631483826,6.891717963156914,8.471796755625512,4.405291335688572,-2.8785406459233194,-3.5329275784304937,-0.7190532008058028,7.315637929570535,9.821283364144765,-8.815141554509417,6.797744004130003,2.807914403042542,-9.564165996004812,5.798805079146101,3.1119075504320577,9.089165897364381,-9.931256273626678,9.39383168041649,-7.008979225490273,-1.3206905659751893,4.247854490568891,7.890207869549247,1.862874596311375,5.981666827410805,-2.530562740514128
-2.775597356755717,-9.515635887659625,8.486001481513568,7.203026983974134,5.486297656100156,-0.8753895402894063,6.922202118230118,-2.319342631612507,9.203120350940267,-7.535010158542931,0.31042604560535203,-6.272617465956194,-0.6580429090140036,-5.742021454388095,3.1624333746601874,8.245425741201199,-9.612088149872498,0.2272025168908165,-8.18136640794922,0.22494180566699562,-7.7864670700067755,3.6244192821041636,-0.3499508887619722,-8.663231502589552,-2.8836058751213844,1.0352801277423058,7.51746949536151,6.843946749976585,-9.268926570674928,1.5410610784797285,-1.3821074516226233,6.353395418343297,-7.788288564214215,1.7574927301354766,6.965310827821018,2.9770566953994475,-6.261665001769461,4.871276274098516,3.1877456719057307,1.2389609504756827,2.885971061037244,-1.3009154919972445,8.91726241646926,-9.739336119153561,-9.511134223359035,7.470055663665228,-2.3462732847342966,5.495933867331164,2.7248321568580476,6.061997862603015,4.821100713762863,-8.427815161967471,1.404495322375947,1.0560013119511868,-4.040200581615996,3.065350875536282,-3.7005332699449394,3.1454484749764067,-5.308693948582956,-9.07792646552452,1.7340499082847636,-3.9197763452566097,1.045556039391439,-2.9350907559145494,-7.805313035429833,8.533537778844355,-5.199190158470126,6.8583712152025385,-2.031690845836298,4.41606341157499,-7.475518897808085,0.5591902382774059,-5.531348407377534,-1.742285140666004,-2.6129673761703547,6.813561028158375,-9.766625516538738,7.676241420450122,9.249821565332848,3.0974752534318206,5.5446224401602535,-4.679743988491801,1.5759897468438844,-6.098173547263864,-8.225966809743044,6.167403648144273,6.05082558051879,-4.4023441275634205,-4.3300073889978785,8.850212384532824,9.110910474446413,8.57536058311824,-6.2040454296530045,-7.68695899629212,-0.49935266720600424,4.2202337411183635,4.437519265647257,-2.1394275181345073,-4.522779434668172,3.2608756871483173
3.482434170835413,8.809852339243502,-9.051174039439518,-9.644792457382906,-8.128789251551826,-6.03915796338331,4.339352056953224,-9.977284479550622,-4.0650061674731415,6.231765690616669,0.40885377402085865,-8.95524343453072,-1.2603094241937143,-8.112420548142419,-2.339927866894307,-8.834582288278812,-5.828649285696878,9.784672484370308,4.925506866322074,-4.818422431297613,4.25629577360019,6.906863316350208,8.157912711619364,-5.369539769072372,8.971931445424893,-5.962681070141469,-6.438791216194808,-8.56679400684715,-4.653705303935238,-0.8227653766758003,5.565381867358832,-0.19334491270623388,-7.761689314165889,9.097815966323203,-8.52568099205596,3.349463603034547,5.552249115673266,-1.6626395754017338,-3.798847908479182,6.972970580222665,-8.930351278771681,6.60281564040508,4.8041709711262115,-8.40422381581089,-2.0331095075986045,0.7650480799336901,-8.736319431591813,-8.57138716501523,-3.2461104001330803,2.724258903872574,4.98818513747219,-2.490992463477671,-9.768679902432627,3.481393053234907,0.8508070543725239,6.421399428313993,6.531570411458535,9.08268897145313,3.5936652564526597,0.09217870935232675,5.462747586969751,4.293469907324175,2.31187717632036,1.7460426354710652,-8.102092913579195,3.583317590538895,-5.258814951490153,-1.0934858775793366,1.2613383062650652,7.691369932682562,-2.174788264877348,-7.237136957749439,-2.52874966666041,2.207050806036344,5.0901875686369795,0.029302036739684567,6.92401031559179,-1.2886648331426809,-5.68222044835758,-3.0222650789416727,-8.081531256460456,4.8243102492403604,-1.2442763414714193,-5.9679293338734185,0.13565998383318956,-8.627945420628125,-1.0463508785076279,9.808778518775533,2.3602981395809692,-1.6925608532874943,8.383477451854677,3.593019219099121,7.865497788769371,9.886173296519651,6.826480701450343,4.348457875619587,9.500384365469312,4.184649372458614,-9.89463866049599,2.4402904118518247
-1.5655598937131483,-3.8745352767653856,0.9604635910465458,-8.899532139277689,-7.898683413982946,-1.7909853089993728,-8.615495263595331,6.841583921970621,-8.945199141815856,4.761443446481557,0.4346320684714673,-6.719746986433051,-3.8830857231766602,-1.2684091974779257,3.0478722983917272,3.824745606369145,-5.896611165272104,3.3531681493838903,8.827948696491468,4.442762957411233,-2.0842148008715604,4.613900460346699,-6.757021953729662,6.972288845519138,-7.45931282161181,2.240283278980373,7.238305965890774,1.4122932303526845,4.760976793610517,5.444102207372445,-0.5334225178630767,1.8184686027181396,-2.996207729200256,-8.929564813614357,-1.8389672768961134,1.6432134749810245,8.321034953782362,2.7898483802469833,1.422731250910994,4.863784435264169,2.949681347489479,-8.493948792497841,-6.137257971197128,-0.32449468860718156,-8.067890737544086,6.128438708573274,-0.9610930542871507,-0.09784540120575969,-5.26054188782163,0.5758473122791141,9.403591102678092,-7.982082555745187,4.177337797194054,-9.325706649399091,-2.374991718898169,5.629251639972587,-1.5884961995151965,3.4992251600013624,4.0044455458485615,-6.078728779812703,-1.7428253565555494,-0.47133569250427065,-7.00504681759864,-5.9561861829092955,5.799930909031385,-3.1417187351886273,0.7931490408605697,4.862445551704226,5.462087335678589,5.040725767842339,-8.178205995540676,-4.96724187191345,-1.5363457981705047,1.3479381662040257,1.798038972494549,8.35316983236234,1.0625689392508786,7.402092579603433,-9.889018673662239,4.863456367529821,9.824306472985608,2.675608340292424,-5.376581758087147,-8.377339497082609,6.030631487551716,-5.161295597550479,-2.4475397384092616,1.463277346977348,-2.0453842080120355,-8.16147026167318,2.9529227731177503,3.6969316721421492,-5.582056659489125,-8.951488481382768,-6.708959335254692,-2.8222312994617926,1.582117321808166,7.09069674749632,8.309062601212396,-9.452661874792554
7.189135606524953,8.540779709674133,-6.3701118330088295,-9.294106392988667,-5.291635209506862,-2.609912572622834,-7.286701169861969,4.135783177180695,9.180226442068246,-8.99951919825612,-4.269797508680311,-0.337503287987051,-8.375077226913774,-2.204244483361297,-3.4141394924493396,5.0029203022557045,-3.7794551281802047,-2.0174378850420887,-1.5985413342530723,-0.5368639062642284,6.115437614717212,8.48355784752852,-7.613170827156209,4.950755909944833,-7.24881636549261,-8.483009210158212,4.866739673104522,8.46678330401204,9.986228728636398,-5.895720540959526,-6.325984112907528,9.121736347616114,-9.38024389831532,4.59150862901059,1.0202694298295114,-2.899578160213272,-8.092125832354737,-0.2109666729714199,-1.8719963512731415,2.3196786108598992,7.904252975401032,8.943780125216833,-7.521816624679292,-5.369636812950292,6.447030429018362,-8.546785167072965,3.218388246094456,5.245233909471285,1.3734319825787793,-6.926898653929392,-8.219249185210343,-2.384597691499466,-5.743754012947635,-2.575127224825038,1.4165482633501902,9.738310384866772,-6.296320796732129,0.13695859565069135,-7.795570317873102,-6.589997746780245,8.783334283514364,-1.3522765993413177,-3.0495386771926842,9.064168044659318,-0.05509433550047582,3.701327123858986,4.972799903085905,5.643522927946631,-1.2531359375114413,4.803065115024044,9.253599593510902,-9.58526466420288,-6.635655094896624,-6.4271583224879585,-1.7500703310447996,9.041980789640242,-8.692537339727641,-4.858022198599601,-4.29509997363861,-6.58061687331786,-9.571143368034098,5.848391419317009,-0.024688614901586803,4.560742161856544,8.958927584665744,0.3366781566313861,-6.782923464750938,7.592693076932033,-8.381899570777707,-7.844957285229905,3.5040410634687618,1.4549189017799335,-8.982782643280656,5.0489369292921555,1.521295800716544,-1.979413577824161,9.804258021343507,4.156411588980708,9.474982057447686,8.930493489170846
0.7817852724309766,1.377991171180227,-0.016027745763778967,0.4013677438732728,-7.2179869103400085,8.060280319069367,-0.7504010829981311,-0.9679158599340028,2.3206003079159956,4.074451793413839,9.109459610893612,0.07947108459010721,8.580831830513958,-3.5336191797082055,-8.699189035104416,8.354581279624512,-7.689996508365809,8.941318182914042,7.352243169683735,-5.432693200132905,5.112993267163752,-1.3228488422846691,-5.9626758852866875,9.73437135628577,-1.0574930233140218,6.900269681686545,1.282810500121359,4.267328070662938,-8.187961165069964,-3.80094590393308,-1.634775834474489,-3.2445767796943015,1.0538420754461093,8.347386764705025,-5.869919852280365,-5.377840226435071,4.8223358716407905,-4.254768486760067,-9.045909758030998,9.366800638715986,3.6779437987491104,-6.148257375948603,-4.125490090280978,4.878906124560773,-1.5216442001085895,7.115280889216724,5.680572031428543,7.292039822840458,2.6524499751493806,-8.902724704929506,0.8224536406338459,-9.863943224879279,-4.3408711262413995,3.6906522940074673,-2.25218766222286,-5.436300816861051,8.48052087136849,7.215357357008244,-1.390833278210387,-0.0782336969956905,2.079636721484256,1.4523956391747976,-3.9729266732070156,-7.580709815728475,-3.811745239444255,1.7992122561435497,7.924788083673324,-3.3948619939426923,-4.666603912971096,-7.901995242410289,5.509293098313055,2.4443363799334,-6.614898183675657,3.8613691910583032,-9.93806734780974,0.4016572282022608,6.572515879784195,8.666905399827304,2.575293129251861,-4.7242330959461505,-8.540419915936841,0.3687817454026039,0.5268874357432516,0.9605351365079144,2.336782475729894,-0.27633654765245197,-2.0497436834116023,-6.277723847095402,-0.2657347758001638,-9.997721072505648,0.5648254139245026,-0.18847239766723156,2.04865132067631,-8.104262983762482,1.6699566129751773,9.370573426834099,2.5677853454493356,9.1146145199506,-9.57074690252431,-1.1517575158322408
-6.318076274581282,-2.5892394164350696,5.801987662966717,8.775037043844247,-4.001796477730329,-9.951742678218789,3.052692495332966,-6.58394742814245,-3.716357574647981,3.9257465335424016,7.359192094713038,-9.138283768579516,4.949438931450638,-1.055944028252398,1.50151051028784,1.0457039203804168,6.419617612165112,-5.221516459654567,1.3854818904770294,9.784900707984278,-2.6549179557173623,7.549053198790535,-0.30774868702552816,4.210239067360867,6.443138948949258,0.8793038926238399,-8.786120687802645,4.992648842518918,-4.331260686699549,-2.095121309751411,5.6475158362589895,7.913033730030243,-9.109887799293867,4.99968826553744,2.253751768454828,2.1283426389169158,-2.5382305683981716,4.796362117430766,6.577656501530424,6.7711121932680385,-2.452615571702319,9.173174504001953,5.600655558062249,5.416802438057864,-1.9284412274471503,8.279566220596514,9.879493705874964,-9.374313359916108,3.275835380308747,0.4122691214713292,-4.149344533429065,-0.389198819791698,3.1447817603316395,4.767815533865074,2.3431058177832202,-6.730597972752439,-6.874043584590323,-6.321666788618252,0.11277353442657656,0.6402808521037233,-5.112862688229551,-8.234973928920112,-5.470476404832388,3.7278167256264787,8.133139530579875,2.3162077640726153,-3.49110654891716,1.5065899471587496,-1.089453042243651,1.409179654842628,-0.931760552312257,2.252556075201893,-5.827525895991446,0.34690064864423675,4.964952776093622,-6.953956064551514,-2.975574809138073,-9.245250339850564,-4.820371826297927,-9.52037261656699,7.700432321063282,-1.4681188929029059,2.7284949957099887,-6.3457037867034005,5.370320654237474,2.0116317963450374,-0.27125882689436764,-4.8344600713112085,-9.16122124134394,-5.654157024772168,-2.561157194630688,-6.680447003330833,-2.8387516418207266,-8.823364172240087,0.08717194130352368,8.219128993658845,-9.26587378711756,-2.8354890912486415,6.759025119192508,-9.200395092718018
4.276354150437452,-1.6396737402943913,6.863753001565559,-8.525609146008604,6.042241459946045,-8.568207841850349,-1.5861036452697892,7.443095975826427,-2.0470829227167364,0.06112198619913123,2.025875339275899,-7.581381936792512,-2.090526896249485,7.775507365050657,-4.714257955879669,3.1733383415995693,4.30409527248351,0.7725753884607443,7.822381235998112,0.8080872989064147,-9.715667964864775,6.256596277925503,-8.29616380872655,-0.3464131573979081,6.658705964592741,8.928267748907878,6.157246579372252,3.303434969619211,-3.402812803334796,-6.166072548867323,8.450026043824003,-1.5930309533638223,-3.00855431470395,-7.047157289345809,-6.730977699609879,-3.0658907161475906,8.352375449828052,8.423319060035404,7.947174119303973,-4.842492230505204,5.650840173776793,-0.029532521376022913,1.8001601078602718,2.844409394573873,-7.747921868590026,9.668278747537084,6.302576687380228,9.805005985053633,-9.05654905597868,-0.7369155758142014,8.396845269394404,-8.091740429549786,3.6607160168842494,-7.167977348773813,9.77892946938751,6.774674749586506,-1.1126047604644889,-8.926157766853953,-5.313452707532951,-0.2795635390026252,5.009677312467373,0.3645324406636732,-5.626876716998956,1.5519627331810781,-6.060364122122792,2.0542600997625,0.5483929906917133,3.842565082831996,6.377081987453018,-1.796197397497119,-3.142750803659286,-3.152354387737333,-0.32551637358166907,-6.2424113384218245,9.666504070542267,-5.456341168724228,-6.443977671709387,2.084293319902507,-0.8554945905872593,-1.3039161890801445,-5.2916117112583105,-6.182098226445141,-7.977415314394398,-9.022426857464541,0.07252933120763849,-9.249485203843538,9.823696037718527,-6.759778004883124,6.246415248305212,-3.96818940027321,-3.588948931550058,6.453821988656941,-2.7044079969697687,0.24398618423742313,2.118100904295762,-6.67585653777097,8.125127494676022,1.7191904777810247,3.834523328635802,5.35484675031541
-9.456973296645181,9.167698541516359,-7.1912461823032015,-6.477040056443304,-6.86176840482646,6.144991202906908,-6.135906118050729,5.84927685233388,4.573048424577266,4.195484480562543,8.712361058885342,-6.313765090384691,3.528939897263916,1.489455797036694,5.8059546661106705,-4.387942376148965,-8.368761006230589,1.7519357690949455,3.7970711382490023,-8.403087048923215,-4.239857517127151,5.689976363088913,-0.5098558995813605,-3.8395044936931395,8.18514225870953,7.093500252762052,0.26531795301068684,-3.164977976594452,-0.6258634219318964,4.13482019222306,3.9422101960067817,-2.3956111130606184,6.708254750703038,3.6250694700032113,-7.294770841819609,3.766198780541309,4.208736110849243,5.0753563915979765,3.498362212049429,-3.9117224541939155,5.019701041196532,9.47947071792171,6.638006756777571,-3.616030060391042,-8.294005793661647,-8.089981397634675,6.610462689559569,1.7202408494237726,-4.691735147767362,-1.582083332542453,3.5211980757052785,5.389205552121471,-6.999109333648739,1.9654479201455217,4.232908765267005,5.337639684535766,-4.494622978367893,2.0910085247946633,4.136066910441878,5.781382974479177,-6.957189267643946,5.216825093203219,9.392301584784054,-5.437048799993979,-8.083157620269631,4.220271743778625,-3.629385214739509,-2.2512895846957326,3.985456879021335,9.002688267944425,8.313697053167012,5.834599976392404,-9.484024179455115,4.982860568280383,4.711981175301707,-2.6450817531470623,-4.623661666175565,9.591596749027797,3.3247228274706604,9.361108029462638,0.45346039778344505,2.5660040055996944,2.203455265584557,-2.315979007820161,-5.7252440811255045,-2.052429592329082,4.218851393901378,6.777227098613402,1.1810723777245151,8.075058739639331,-3.451384294808433,-2.243767143561244,-6.301774611513496,-2.4959642270710436,-2.4221128964930116,8.18294379256023,-3.267456036079217,3.122635691601248,-3.877329549225516,-8.70042713790357
-3.3665290521418605,-3.550824474768688,1.6967212820643383,9.120134910746305,-4.384345333199871,-7.268027064519302,1.1342662327995878,1.9734799651898207,-7.107330778623391,-8.83604096107305,-4.043138537151821,9.584550997134606,-5.13186963227419,-7.106834010998513,2.6369201015093147,4.6593604509235895,3.312770537498972,-6.109206755722127,-9.49368266775511,-9.39397213352635,4.589733672435321,7.091597589393462,8.162360503791472,2.176091229093638,-1.839570446826313,2.3007747813869894,4.458853547158752,-3.8946387327960945,-7.9620934761102635,-5.49425073650527,1.2687285153496966,-7.552318698033202,6.093160881522426,-3.345501258805024,-9.452949644263573,-0.8065223445557397,7.042360391887069,-0.37243975257755224,6.796424178749433,0.19876727352201762,0.19245928267721268,-2.899372714831965,-2.6432449104879385,-3.472332139632199,9.929783298829925,-5.0677642016865825,-4.349991440926841,3.4681999264781265,-0.14381377682402707,-1.818397794448586,-1.2534566200014208,-8.466297078171303,-4.919242954485572,-9.433614550425295,6.144886969764837,2.1332126371331572,7.120983392041079,3.0710086625174284,8.403398296248366,-4.903409183695366,9.77581010190558,-9.053686753279312,-1.7517718974212535,7.852381272241903,7.399787042563794,-4.210590712399518,2.5479902334935005,3.6613198193343557,-4.489952014644509,3.5075812377329907,9.857122860260475,1.3239991161369282,5.339956859704033,-0.9771498212697267,-6.995047316518224,-3.4500606800686544,-5.8988391816595165,7.31831887293405,5.625814563511746,4.146729360843766,-1.2817660689382127,2.82575370225568,2.6604525989183987,-6.896764109846947,-8.78824329777534,-7.9843808590010195,-2.304595856889982,-9.157548229436355,-2.1751243430223273,6.355542989177206,8.76326409255206,2.7442222885317697,8.373614313992473,-9.469456445576352,3.4065376905558047,-1.9748994562720235,-8.683444146778868,-2.5235938037487893,-7.624972489910274,7.107415938069227
-4.5020847016582,4.675999629955882,-0.5962114897451425,9.450343948050111,0.8395658561233006,0.6285448724230402,9.466678996176526,-1.9185841528376475,-9.724556278817966,-6.090811676449159,-2.289605200926273,-8.154912293145289,4.053258334980164,1.8119420850260397,-5.036839038978211,6.665402616005192,6.750877234883383,-2.9640364119875073,-9.818695221261372,-2.879210233840017,-6.532687910911095,5.804480692288205,-9.52632217967089,1.0981506287860014,1.8857298075130622,-0.34208052863819205,4.404016324999823,2.979451476962673,-8.323138125171152,7.147966518893632,3.291381784802997,4.939057051124024,-5.407559456661426,-2.002967943262588,-5.78512200913937,-4.837674576585716,-7.145564050019764,5.7077161205540055,3.952665372674609,9.532130010584062,-5.64442173549468,5.565797269312839,-9.153519709483042,7.9116146368773315,-5.429007952213134,-6.37495768016808,-5.6817949690216185,3.3212772806855035,-2.2539636463244435,5.646336524112938,5.756427842145651,3.0583733219732885,-9.35863245123616,-5.966915360161562,3.2009063259600463,6.803118790519257,-0.6229940555763154,-4.638991340685246,-3.865383155981224,8.12041400915485,-5.518741939582281,8.392382759551701,2.6166903736675984,1.1805938659900441,-2.3423990083804043,9.689743039844522,3.968360855261361,-1.4185767690602873,7.814097943873705,-5.099307512913606,4.351191161476365,-2.023886298921158,-1.4613149230656663,9.120915842473298,2.945703537346649,-8.640597137513321,6.88081757137515,2.7461855699698887,-1.4396872966480778,-6.076187094127732,0.0944870096679562,0.03005092963696221,-1.8198726670706868,-0.13806987863717168,4.59737280496098,-4.874654045714141,8.159298767497955,-3.3394141876198358,4.243477498492549,9.765777667953198,-2.1115087440805684,4.998653055929916,-2.663217967429614,9.731299892619948,1.3692697615217604,2.238701475359404,0.7393819352469038,-3.7005705308312153,6.063601681688738,4.874132561513347
-9.325271274128891,-0.9034835950656372,-8.738639587081636,8.419967639815141,-2.838943059176078,9.596235149236367,9.15270977619834,-0.4091942917814091,-7.023553828603282,0.9497726325800375,2.3194007430173222,-9.857780987303688,7.492153753158753,-9.873688372638266,3.9711333648142073,-9.897739873952677,-6.0882668951619685,-3.598566874257328,-0.1458159665464276,0.22089980114452779,7.259212792430361,3.9693418587594564,-8.11350797822788,4.490646305256643,9.561086108795859,4.464685323417811,4.52091030895955,-4.633069373265368,-3.272696249530222,2.8724285873697717,4.429873901797325,6.329817093132476,-2.029740627928904,9.347379260842814,3.21309633347472,5.8903157253315275,2.8575027877851245,6.030670643571469,-4.968615732588915,-3.8435653085215504,7.868271886300207,-3.6213792705030983,-2.352710890175178,-4.373419652254342,-1.734998542125055,-6.595713675889239,7.8120475078778036,1.9855855595369114,-1.3136486966961503,9.646863011474867,-2.2383346058513105,-2.2136023302651875,6.012238741234565,0.04649733093609498,-1.2769704651110132,1.2159512897991664,4.422046800746564,-6.001224140436488,-4.533267085149639,4.836321962987478,9.609143603629917,7.1557344303708135,-8.695469733269372,8.193313312958693,-7.29614076426742,5.104890889346265,-9.155295061439293,-8.140439608791432,0.5549570009811617,3.3801853774577353,8.727226157681635,-6.9960105274930235,7.9548314479395295,-8.93715374734915,3.1051398353265824,4.66013853628418,-3.2842184398610446,4.609914473152228,-0.2898527477797703,-9.806701845723456,-5.920894374291176,-7.875104455365383,-2.457883590710244,-5.853400075138073,-5.020710378654485,-7.91471779887337,5.93898009093062,9.926221381672043,9.367810604140491,5.2982391788540895,8.38556408303472,-7.148001456591613,1.8081662326986159,-1.0755909680258,9.174366954934431,-7.646230965650522,-4.007352188473043,-5.154536058261304,1.7954887709445249,-3.126095459242011
-6.858549667226395,4.656053849839738,-0.8031478238466434,3.7230579924395446,4.32318909892571,-1.9050008782953665,-5.366307603832738,-8.69867606466956,0.912721929647752,-6.541682794708916,-9.481820044425366,1.6840642289976877,7.18113804692857,-8.65046021664682,3.791264709537188,4.830370012973788,-9.866158726022627,3.0382470234734864,1.255371130060599,4.833509721032147,5.484209943383663,-0.2836291404866884,5.131421257363753,5.19999629914998,9.328729006368224,-9.375451610905984,2.839010061409496,6.136097375275817,9.823475791668386,-8.833048800071655,0.8334426297045958,7.233769148912263,9.327453158890314,6.884855123692034,9.544358953742748,0.3277493944976566,-7.159620379606189,6.047671534918738,-2.6618100957343627,2.9706088374865676,-7.842063719477508,9.467341662926579,5.460722858861065,8.230671871831618,6.132113961531754,-0.14704432409931556,-3.5704987988409815,-4.505987953256579,4.13986562928244,2.5642089754450446,7.875064090351131,-1.2856978305275906,-6.327220789269974,-6.7035429421555515,7.869293743729784,0.29143161174194177,7.013948768910833,7.189625775725325,7.6583400518416695,5.687274494792597,-5.141285532048094,0.6007462799783259,9.42603212702641,-5.272618450104467,-8.426635924334281,3.9834074724202946,1.277350034869535,-8.921297443364164,9.62848456529943,2.4237962267587214,2.503002600754858,-5.876422702653976,5.251646320301022,1.8017192605574301,9.239052174568606,-0.8437945797064828,1.1963306013095583,-1.8718240873883314,-0.28225210672646206,-7.23804360068812,0.382514596181057,0.5980984624564645,4.893027617231898,-4.7556061902282964,-6.162923943118397,0.19967659852955322,-3.1722833348647477,-6.723844053663757,-5.388501526217038,-8.824724464044927,8.641178075630293,-5.349050687833341,9.515673644753576,9.962134696822837,-6.050487739257219,3.085303986071432,-0.3358581362422335,3.319836321841162,-7.500542456420478,5.448107356186103
7.346701036088717,-8.604748331960852,-4.180422873583389,-0.5153459133642926,9.760558806790534,8.785923226267496,-7.8636070042817,-7.335512646186528,6.586162860162233,-4.100043763643244,-5.7687213343103245,-9.597870766923663,-1.1808291116687553,8.238402439093733,5.389151815374634,2.643654524251005,6.3341178840711585,0.4967536167499169,1.8123127256390141,2.5453948575381187,1.3265737065288192,-4.026089677974706,-7.88987091950016,7.003991623756512,2.445623339149545,-3.783928820145041,0.06524545756051126,-9.476396714681314,7.774654945608972,4.720912750021359,9.33309818052361,-3.728763571269189,-1.2930905061676157,-2.890662100718126,-2.6746567095081764,-4.154431084307538,5.235690608242107,-9.242627527923775,5.709806899466987,-6.113040421969971,0.46790706281390193,1.0237992004060779,2.1935643798655953,1.863308419721113,4.426404396364468,7.7532563685704865,8.877098747844599,3.310614579511901,8.226054205534183,9.953856860071088,0.2324983548180981,-7.248896953529225,-3.012602119127184,-3.59779573092867,-7.773678120319916,7.682203683394697,8.459466864942563,8.777995482044279,-3.839637982636763,-8.933189433947122,-0.9205960739637042,-7.368281584662224,-2.2694961126999402,3.26532577176307,2.016090493066656,-5.844742251548163,-3.445033416558325,5.1752105290632215,-7.074373828629341,5.652949046731383,-0.5084593283749541,-9.370279259415796,2.721961092982415,-1.1030470642844357,5.239463104847308,-8.474356745674108,9.70938141907666,1.1391963143349173,-0.7502795303046454,9.516443266676873,-8.777767007172146,-1.2601028735739277,-5.647915310434146,-6.971455242879411,-0.896640661867945,0.255046665682638,-3.090876545721388,6.727881867140965,-7.264620637304664,4.050671073433957,-1.376138892256538,6.9740770648093005,-7.959126784629387,-4.002195411273444,7.479872018181407,2.1092024260625024,-1.7208230715191135,4.6218305809408555,7.570029053741962,9.229875358724119
5.38387709274442,-3.387853947372621,5.7481695036391045,-7.716972767353578,2.754492846987235,4.447086759065172,-5.311010653373929,2.763100951805148,7.9209082352806135,2.879474767289363,6.613874295578345,-9.774646375095067,8.376673915106885,9.147872010895988,-9.933254230255898,2.784007648959399,-5.726632442621247,-3.8396286873614365,-0.0486741010607421,0.4067794313562505,-2.104485726147008,-7.062063962317184,-6.304277954435991,1.8382310261556878,7.83647811795635,-1.474793274469386,9.820724472829127,-9.32611627120073,3.877413824781705,8.34699530306576,-9.14721021491221,-2.114447948699338,-8.977332761484204,-5.207738680278153,-4.991018472941004,9.125275433694501,-1.435306344378624,7.1663345984328295,-7.659041495851204,9.344140212051315,3.7453308381135955,-8.350043134236131,-1.3020538881596124,1.0547175362836754,7.599576603757747,-2.1935281695125974,9.470999612395662,-8.483045454613862,-7.503143548065849,4.27802987112176,0.11179608764132354,0.8311933818930619,-4.9856705466609474,-9.832437898492383,-9.940285482939435,1.6512182105678725,-0.7285501623205608,9.366109780591746,-7.481010990753505,1.7726890249019043,-4.9844955875394925,8.753020041850672,-3.6825241238998725,9.296127247895576,2.2148413732477295,2.5579015381201042,1.3677154129199227,-6.768956229881596,0.561954512062794,-8.91020747435636,3.573571550048186,4.383526475702064,1.22100627991529,-2.89949143123581,9.227265163590307,-3.349469553854318,-6.482054882969532,2.9178629432111336,-8.951251839320754,2.423497952647134,2.215659577467221,-2.2422150081883396,9.885303901715147,6.631136623203211,-7.002078716067588,3.5079148978426424,-4.92873730385808,6.68440767085546,-3.8966360869125864,-4.049140477421864,-1.4109038322600256,-5.174063416920271,4.657315047512949,-7.224070876064941,4.806729384366619,3.07705931347866,-2.5206523261176734,6.256662476093133,2.7256466472358216,8.529546448360396
-2.094159350774647,5.575880798050079,-4.775064194890158,-9.35012881376945,4.625938955815929,-6.027676085705602,9.144273134826701,-9.775936681097823,-9.707079128060506,4.84870529755595,-4.027360005627609,-8.02456176027377,9.235572035930595,0.819180828162624,-5.27743296047082,-3.038111144318256,7.195604150288148,6.008587982427919,1.6844914163955078,7.422402066727834,-0.4797880932904359,0.16006597512532394,-2.4733471213937896,-9.99587847450902,5.461668722306063,5.371689141539447,0.7088927691274556,-0.27295970173779693,-7.960129548430284,-7.813044826374118,-1.3258624849423057,7.6662468190088795,-8.704876995900685,9.409556729040851,8.71001775273723,3.017336903892394,0.8256112929074462,7.386730637677726,-8.325087864845866,-9.081816227723696,4.916866728692188,6.152700989669576,-0.44527329625368317,9.346730337927156,-7.524546021049348,-0.17030058825491245,2.2012422672582606,-7.095255266489808,1.8008222746932354,5.9625150505346625,5.71476264188377,0.15294290634917473,-5.850510900575465,-3.2930187131639865,-7.06456171578375,9.829862015733891,2.680717036933702,-8.875377188245361,1.774973811137377,8.307253643744733,-3.565062424254526,8.074557928627357,-1.7512493640290785,4.413731304833629,1.544329444492707,-6.970142744413446,0.07112344831408635,-1.5080500057452646,-2.3962358509791155,-4.809717177723667,0.2288980391394766,-0.905310574586558,5.395235760259904,-0.288260630603812,3.20549795792812,4.067398357708321,4.405335705282095,-7.0829476137066365,7.114158420544893,2.904646740274014,4.990163303922495,-8.576738732544156,-5.114272237915893,-2.827122154591722,-7.935655361538987,9.436667479976972,-3.950100620962898,4.292422267847698,7.128405798265476,-3.209368865186968,5.541789794007329,1.3171393439613226,-7.306121464733746,-4.69005387278401,-9.217585441478551,0.005387752103905186,-7.710898740822445,2.279249671226374,-8.284683142874682,1.1814557831879569
7.941700398674893,-6.214231798638048,-7.39550674170559,-3.2885291176858455,4.2751874605075795,3.507044835183393,-4.481079632029353,2.8310720225941246,5.246108593012615,-7.5232900401077085,0.5301480042773754,-5.241299202111165,-1.181599591918303,6.5344024249350525,2.960324382508242,4.049261079794448,0.9984503767447972,-1.9978788206546287,0.35210980723465113,-1.6607322317284545,5.063575410080379,6.99000151340957,2.1939226336932087,-7.330131607845214,-1.1225309365955543,3.4789197378583516,-3.952565867407438,-3.7204607579964577,9.921011064569765,-3.4114382223842865,-2.8898612183458265,-2.795677141162008,-0.11905461176894683,-3.0902268951032656,2.964025531639365,-3.8058060899114032,3.7131335986886853,-6.956107695838691,-7.599830096874676,1.1125704797709837,-6.307057836339995,-8.18688412101439,9.034728918151867,-6.301082708530517,-1.0721494205172277,-9.824368746574077,-4.7855989827338785,-3.884325250714154,-5.404409317452363,-5.287817019898114,-1.0262533601493118,-5.643604220309511,1.6248434637537414,3.837685722422389,-6.546405531997319,-2.509457867518763,0.6052544925806131,5.91457281603711,-1.1404940046618588,0.3884611300815308,-2.905086709602866,-9.260742282609225,1.4246422431586083,0.5677611622651408,5.450044238917908,1.769363132471506,-5.673230199673418,-7.995210340114307,-2.262370530916895,3.323713770429549,-1.711354535996632,5.815130523064552,-6.489256415999134,-4.056751221074453,-4.739237160883814,3.7257180792221227,-0.556429891938393,-3.5863257288296087,-0.3008172339596893,-5.214605925724758,-7.9430752252305865,8.48594527158754,-4.233933783300201,-8.903664909320293,-5.007708416283149,-1.389781232531604,-5.311366346440975,7.440331102575378,2.2687270412836185,-4.526861050501079,4.094137517382748,-9.128190791406752,4.771275033489026,-9.612991119461993,-0.1527010026240596,5.84704006698213,7.545913309947597,-8.535762341151766,-9.301600601601754,4.642069491751329
-7.429954257582445,-7.000172602940477,6.153852623434641,3.392197348945343,-7.622461783128429,-0.8364962279431687,3.03799353757654,-8.48089956238172,-8.95591155783877,1.0141652488202517,-8.029015463414755,3.3001542079117634,1.7698751671980766,-4.303579178193663,1.432730791077116,-1.998267520249117,9.41331174572284,9.861555028081355,4.795358431520695,-4.140916408194348,8.522558133793101,-1.3236776844053733,-5.125976720920438,-4.033906572951929,0.14099459411287896,2.3882287953105354,-2.4316031091426353,-0.986389295713753,5.88820701278841,5.824004224973326,-8.422476097136574,-1.831541476377069,-5.8407224713952255,-8.880278467914263,7.435242401041222,-6.325745305755152,7.089321528792382,0.31017496378467513,-1.2842449622061949,5.482169332396936,-3.8113721729905166,6.726715774033462,-7.49687107304293,-8.018264677075864,6.642161855319905,-0.6102058243767203,4.578035910574306,1.0370954251014304,0.3777150290805764,-8.611568807520502,4.082318941111865,7.185225263980609,2.2197674863003023,5.231279967711346,-3.2427297671510686,-8.720996803956114,-0.7921851053351716,0.29568437628250877,-2.7681035397556775,1.3019226035058615,1.091812067151814,-0.6733103329936423,8.157006486107235,-4.038448070370048,6.744629622831159,8.813122889868307,-0.4475587139984878,1.6145832219782186,7.4892865315426675,9.968314508975848,7.579812832390612,5.384486134609464,2.0743472162995875,-4.201364818981837,9.72058638388732,-9.179919557777163,5.691350322594772,-0.7306137901711747,-1.5785697498790157,0.7885597894855589,0.7975783401950309,-0.2889924767156433,2.724478327313795,-9.367663220150025,-2.0129050999238025,-5.113002596787826,3.8921618058972225,-0.3064632104703726,9.893272036675864,-4.005083734750723,4.751112845651308,5.818243235772297,-2.7787350820766,-0.6251535319527726,-9.816076227308624,-5.651212235644563,-4.259417484565233,-4.079587362423038,-7.877735053324136,4.753376358521544
-7.226529135106736,-4.258199262394919,-3.1971851066817862,-2.912056684086693,-0.37026811958095607,3.716419687413289,-1.6265419278077164,-8.264850796532597,-9.564686585628001,0.8612250385930125,-0.18543623415234123,3.5741456593325402,-8.804043270919713,-8.157740755687765,-9.438823760952022,6.2082440455968495,0.5047855406448658,-0.11625112293587847,3.9235674556275413,1.8213007712809155,7.66689402921503,-2.0059865542178956,-9.688844221704603,3.047691501435839,-0.9661911273290809,-4.507745515150859,0.7162005928265796,-0.3105306823977507,4.516965597324871,-6.01377108868224,7.262287089044936,8.701798893788602,-3.5137703357393546,-6.732763034137497,6.094297316103283,8.659262098684316,3.514135384247272,8.623177571394653,0.5414469762987846,-6.504635232652982,-6.146349776413826,1.702741250942477,3.7700718732734835,-2.8690496400090826,0.45893323254857954,-3.3849024081359396,6.799368576334256,7.3218088158558565,-4.8781501416141975,-9.913143482926838,1.3485886581591906,0.8595882353838391,6.916509499148045,-3.9348911284509303,2.1569438250292254,0.027276835793664134,-0.9613946872486956,5.857498602548228,7.106844023180393,-2.287296238603231,9.939447038828117,8.44007259264465,-8.792601721178263,-1.804879984769359,8.830306512059355,-1.0618574234178837,6.994618462026253,-9.573997191671442,5.708497016251634,3.680334249131608,-6.752802450327713,8.930744815812378,8.813300235958202,0.3811600818430865,5.304231111065246,8.665935796692068,-0.07613125731629111,-9.055490252177831,-8.317741867546735,8.579825699741654,8.574567423866725,-5.290526990640014,-4.04944112964799,5.225453726289084,-0.5014027983734497,8.584718398647237,-1.2269845818860254,-4.125825171930968,9.750580188283827,-4.8453472275794685,6.768985998536376,0.09447642543785761,8.891224248420432,-3.032650654216143,3.9571090193024627,6.050705173913574,2.0929114307836834,2.859393584417395,-4.41071607727382,-1.5845918482638233
1.4417703491283334,-7.982946170961074,-1.046050743945857,9.445982372740843,-4.95468234530454,6.701729632517811,-3.654874188942456,0.5944422609358941,4.821151056427702,0.7918891788888907,-8.69721557823114,-7.7957719580975855,-0.25589891898007977,8.709290194659363,1.9834611081445708,5.671189831086526,-5.3805166699825175,9.622428259916177,6.44949438674924,4.623658228167869,0.00016328868194470658,-1.5004012870223598,-7.5122942367339345,-7.006302239682489,-5.035969026423672,2.020449683280834,-2.088768257856552,-0.9504650403398411,-6.0185257413705,-7.9469596441122015,4.54856269138007,7.9448448151870075,-6.65090787556726,-4.097480842834347,-4.360914733602213,-3.3035292290157736,7.937402241183456,-0.1897280230450722,6.421059072613772,9.667947513765597,-2.83937857013024,7.023996762983085,6.304505797938383,-7.480359100015717,2.669692218229841,4.924061010360463,-0.2293737822032238,-3.5795920547573097,-4.4257594157753255,1.7645915987557963,-4.267783373499148,-4.883799857066662,7.347235804131277,2.8485894594596672,-5.361025256822174,9.75770926544499,-8.490122511508439,-1.0962381045345602,3.904388958411264,-3.7555477392303915,6.670860961054007,8.798749189777691,0.8940369988976204,-0.3033780874396612,6.787061360255784,5.367443109993587,-8.628110296046966,-9.884222454922751,-4.530550063776333,0.7463473143838755,2.4741325593299877,2.8012970999090676,7.238883996487793,-5.365486829415418,4.262123589944505,-5.620867736334434,-1.361405758391836,3.9583421763492748,7.299659879185249,7.940017170930126,-9.647509999158675,2.7197391708996115,-7.654601804025136,7.539069193670386,5.405893000078144,-7.634057072036544,8.855154714936624,2.243091019400733,9.345311265904371,-4.962736597076569,2.771812371318582,4.556787217281887,-1.0502499908951446,-3.7495212658385686,3.13146393936764,-4.922552741408017,-7.5447272135695975,1.301559273000132,-4.821241186668934,4.410648634001884
-3.0022940860925473,-9.220247459422017,7.002947403012364,8.580692611264677,-8.362344218624102,-8.192548987672314,-0.2404875154123367,-6.048952979880918,-2.051347509321431,2.4842493926622176,1.0314382906701383,-8.397745218276025,0.9338485481219649,5.392974234696563,3.7925956562641367,1.3562489106647941,0.7225447300412782,1.2801984453792858,-6.141783968178737,3.859661574366557,2.5044044332403175,-4.085551506498102,2.111245226768286,-9.082165998219478,8.685492327218135,1.2674360863442438,1.079503414256628,2.945363635477513,-1.0856802966585466,-4.336067391646221,-4.671905179218796,6.3784907100994985,-9.680229220766162,8.03638371527492,-2.692522810126297,0.8673527697243895,-7.495769869903118,0.7261193621628479,-0.03608481326565638,-3.8086569883591093,-1.9172957815737348,6.793626651847909,-7.291048724623206,-7.718747567103943,7.630287134133241,-1.426359384769496,3.2633896218999467,-1.5587618434837722,-0.6405502176464282,4.722230563499362,5.186663694862659,-4.8480042023763925,-9.845325786413072,6.875028641404825,-7.428062431026978,7.718026670859235,-0.5644160965978795,-1.2805193167914055,-1.7987503785860746,7.61483408514302,-0.37333382887790023,9.012969830394248,-7.868054102566764,-7.141388178782984,-3.95999767703064,3.731986689861966,2.3600443360562195,8.55166246601907,-3.4387992466182844,9.5158383917231,1.7460373374351121,-0.08490268057281725,4.926357364057699,-8.791121544778875,1.6355608459491418,7.390994570034614,-9.378179334866982,-7.302514895316938,-6.153356026508792,-2.4886273812252373,9.656217066710884,7.483767652663026,9.158649186192665,-5.922366390328873,3.2371141377059782,4.489951935949865,-9.596614184400853,6.689601433230777,6.516579496763079,4.762109560649577,-3.348134798680009,-1.4275279808769792,7.449084463244869,1.1710713218234918,-8.889513085494329,6.508684937065905,-5.266191685973944,-6.577598659172623,2.0139551655961903,9.535915722315089
0.13471962456672593,8.403320985330197,5.102958362633096,7.860149709855428,-9.447136868514336,-7.507352375591456,-3.2284409888563737,-6.321505223802724,9.183963063349335,0.37692704900888785,6.309776012428824,-4.241577565527774,-1.047691184044444,-6.56821474898573,8.14518505713174,7.969501273419407,-0.8838329156030298,-2.3872113200237948,6.003407918917116,6.564792224770013,6.46441945720564,5.891466472145003,8.539998094827766,-1.9028201173761499,-2.454652516734763,2.118179494573276,-6.830334646387302,-9.538558570537095,0.13280353546096357,-1.1202404435333602,-3.175157235657089,6.561333217871354,4.247107409977545,7.574553921871747,8.29271015077136,1.277662609090374,-4.79898781977978,-3.6471196011126246,2.503384524500266,3.247112431123691,-1.8173097046155728,6.714651345691998,9.240174389621242,-9.500006879549614,-6.463988721357947,2.9061810799589196,-2.945234183125576,3.630117925145358,1.4023328532746397,-8.393836816893822,-9.901489794296705,2.2670099072596184,7.8646235810090985,-2.8501715158925816,-6.139375334501398,-1.0575605341377887,-0.9273046626838433,7.326362920707478,2.1275906900369197,2.0476965145611175,9.039849298179547,8.539291943096895,-9.371773784463521,-8.589155791527096,9.057221147899451,9.66781586530404,-0.684481815598998,-5.800989155079974,4.980410135353527,0.4084148345379006,1.9950845397951085,-7.961489758319371,6.88676746935942,5.8254357550353575,9.183287828763241,-0.37583922111753054,4.166910358699079,6.039753986230053,0.6313721361291478,6.654726520518139,-3.282783742333142,-1.8454101712080213,-6.100086769604078,0.6296371166508212,6.302299338506543,-8.83972925084545,-7.48727836794788,3.427225969587015,-2.233321832921284,0.0523503566936121,7.328501619011149,9.401247604160417,-0.7739778638531867,-2.659100334705286,2.8173164914153794,0.0909853540394785,2.117199022887613,6.494245910805553,1.020673476556695,8.286789935622767
-6.2978645038678565,3.4337125160820605,0.9259857731569721,-6.726288349777427,1.8263557614822101,-0.15134091008837736,2.0784968256584246,-7.893198149575646,7.836314364468986,-2.200489063509665,5.554815381227877,7.298309863680469,-5.4084611844351045,7.03141876993428,-6.651671526159748,0.7598512442832845,1.5998258463185202,5.832078230241409,0.809735909497995,-6.525958163141585,2.7257054292657266,1.4567700425862533,-3.741825513443528,1.456693990186908,-2.3927042444851505,-5.860587773320731,-2.6880211708752855,2.62629170246057,7.158368617500631,4.837604470449261,-3.9802679125196523,0.03530571487194756,-0.5083933782991146,4.691560477294885,8.949732821486098,-2.1867656195160556,4.717200626581349,6.059046474458182,-0.4354242098908081,-2.734982784383517,6.660124691661245,8.407721430996194,2.205478988009009,-3.840322224076451,0.27382616316980446,9.468527758669044,3.0151757378977564,-0.8217106945699282,7.153236751858135,-7.415229852703775,-9.27004242237918,-8.047500194668169,2.849166195554723,4.161204015810153,-5.39607960965697,-1.8668285000787783,-3.088475595763822,7.8544093210303245,-3.1444562849425806,-3.1004943864472123,8.425708564885333,-0.07339108766458757,-7.04951980107595,-2.966002107177257,9.068534731417852,8.45240884670013,1.3647724098732787,6.465909581650273,-6.4798648093354405,-1.3127770990526813,6.750390607913957,-5.057380499069715,-6.155866699133239,5.246189700407967,0.2051672849729833,-1.2902573625311646,-5.7745519532796274,-7.57555504916311,8.980100318309596,-5.850193267180739,1.2226785064487764,-7.171998460714759,-6.330603590622276,5.12583181467846,-0.3064870554350918,8.356899392583344,-2.2894468320355443,3.9887622851852953,-4.593297085100437,8.783460001430413,2.230884530972453,-3.553738568136522,-8.958802469218952,-1.734839291205379,-1.112688499664202,-7.3427939798741,1.5305657626621088,-3.090971522958201,-5.682582220713838,-7.569734930025403
5.720434338585196,4.8854765174758175,4.619341472494947,-2.8181233613224705,5.269736590320024,6.855245520904138,-6.012860264372466,-4.806924591478436,2.371518353904232,1.5238604062258165,-0.6115576593308152,2.867942669897923,-3.231850818213095,8.303411839978356,-5.166351950332826,-3.113371505086757,2.4386538069648758,8.982252410490034,3.772434791323164,-1.9276121132348845,-9.340670552797825,-7.933899717806494,-2.3084822729861294,3.6344687790145507,-9.569792446926135,5.583554604440902,-8.425746752656227,-2.8309018786876567,2.626386835843906,-7.117893854161053,0.8604548574071273,-8.458536654284872,5.593643870053363,4.880458440685976,9.785354388312935,7.900825113927905,8.418078136742128,2.4605445373090067,-8.092760829488215,-0.721100568049021,1.0218739802674435,-2.0680210551513962,-5.383570207481525,1.6885680117218271,0.40047160758240885,-9.482630720615731,-1.1207556153103724,-5.1831424993163715,1.2889265654522575,8.002644914698621,0.12271223397824826,8.893410496995461,-5.254296163774804,1.5366041293512556,5.673970410889726,-1.7307723056285056,4.222955846797147,4.786219508411346,1.219107415000373,6.97302889334096,-0.8693818739632526,1.9293681321589435,2.5344106481581736,-3.2854915411454177,2.6246334588631015,7.905291933342898,9.190604662024814,7.677212915393955,0.7674479965602927,-0.8203860813150055,-9.133021882105087,8.568972110052485,-0.12619019064231018,-3.407376440971386,3.050342185188663,5.525132456548359,2.3716961382485113,8.581669510212887,6.223686354811171,7.070643604265701,0.3860854165681751,2.4411795430048855,5.048203529456297,3.4460414625787124,-7.077473899994495,6.142889016437131,9.56802748685508,-6.17552638786268,1.0718433596696038,-4.978686268438288,-9.073513188566748,2.8423387603174106,1.2878294643714145,3.037127974275844,-9.778064564610311,3.1346407963831275,-1.2251136557007634,-6.554018605764211,6.301644712601426,-7.267777051548546
-9.436179896325985,-4.424846165378393,0.14135868380712502,-4.760091600251628,4.32656558895663,-5.308390212763543,-2.726654018460202,-7.3533872845851445,-6.789056295448301,-0.9198403520094942,-6.652684461620582,4.738709857080179,5.450538386815884,-2.1095528992541057,7.4607206884631125,2.3436168425437423,-1.6392693403665888,6.364037424860641,2.083980417461719,-4.524409402964706,7.824722704876326,-3.0990067158228722,-7.58410205235136,9.331860866572065,2.2705720268755076,8.818436599692227,-6.130167733702474,6.828968066108189,-3.184655527315874,-9.632747089281622,3.4205155173488073,-5.412552278983305,8.53446334210225,-5.673981332300997,-0.8230633847306752,1.8366033093916396,3.4903546329193986,-4.456687232403713,1.5968496911451862,7.354412015292013,-2.284557501388777,0.8696925553639936,9.498816711394479,-7.738920210218014,-2.292064264013618,3.5835960888991956,2.060775568494577,6.522580518846116,-2.9442121677676703,8.654433847906354,-2.0510321730784264,2.8849453358161696,5.023494240682613,2.007981118583537,6.063486071066663,0.1422986527009673,-7.724709611092564,1.8961937935841497,-1.6218149697233493,7.672269960649004,6.196525470394764,2.066030514046801,2.248813141187817,8.697107289458621,4.739378782352507,-3.977036914220051,-1.5564218399454628,-4.590784458194657,-5.3829774791591785,4.233002337177565,-9.548027737458963,-4.3557089668919495,4.76184104340307,-4.071860944994334,-3.1017937166783653,3.904781254482188,8.527211642481767,-6.9324997853298465,3.048733242478047,0.8574251560104145,7.746378174112397,5.23208605452851,-8.922527847473686,-1.0768582276115204,0.8692499332010524,-1.5248434160815965,-7.780485309587817,6.366606880793942,7.001343340921721,2.252640299503918,-5.103392049630702,-8.836279372374698,3.9716036123826637,-2.5026117254480145,-3.6758419266773963,6.54509746071918,-0.6615812504305687,7.143892912536497,5.760014878077346,-0.2554135880833446
5.548261427463771,8.11006572548062,-3.7037393646116374,-4.889248923942211,9.044911467861027,1.745994321126208,-0.10538133649798809,1.3506955614585117,1.3803069218815605,-6.874187507913703,9.126060145155442,6.3473988827404995,-3.8681175660844636,9.864883190284331,5.652857248455838,4.634441007192457,-6.781798644291186,-0.06264201971713668,7.360484391617497,-6.26257699506422,-4.480679783147183,-8.170233648490417,-8.931879871811873,-9.476966304209517,6.26728739945548,-0.4271674845717133,-1.0779252909858208,-9.91871317844107,-0.49575185442405,3.2644227555617213,7.094068745558484,3.5891690734532737,7.555987645237103,4.910213977441661,-9.804738246935173,5.474369344552677,5.918663077861762,6.630777725621726,-6.864446835222788,5.075912228455206,9.202647724342981,-7.531557069519652,1.5361158541425084,-7.341416307606989,-0.4606914712806365,5.992034575191891,9.193519202968197,5.2706206834290885,9.053951191264147,-3.5541897362671655,-6.272461766736894,-0.6657548334933043,-8.380165606955483,9.049320424420223,1.9916964240412742,4.760953899621935,-3.1821914214379188,-7.168906505114448,8.110839473606674,-0.06004391917206142,-4.1171346856004964,-2.506489940182419,6.186303701079826,-2.328938727632954,-3.444648430369506,6.8887162414449605,6.678679381412994,-4.303024204343162,8.34097937248018,-1.994537978766843,7.624923724423155,4.10322828137404,-0.11303272174867551,-3.6118272821803004,-1.6495203585600002,-0.3213858711375561,-3.8665119820840443,2.476111672751717,-2.572307369683415,5.0796287621538205,-0.6935495486035581,-9.824161894831935,6.671090062374219,-7.2517717085788425,4.673770429220525,9.025095837806703,-4.636009022024896,6.336193346604219,8.590233012485381,6.284797865292099,-8.674918947615364,-2.02283260733987,-4.994792622053832,-4.2317255447076345,1.926478349730992,-4.899455623990794,-3.2191365181071285,-3.8057034335511624,-5.73188441990909,2.502589893287208
-1.1344130646370765,-3.308765368463014,-9.617805761588354,-0.0203973332188383,7.103629542010449,-4.407593879585335,-6.248792047625593,-2.5386078159653653,-3.710291528685934,-4.742512139646459,-4.772088183760781,6.72411913027409,4.721636658855186,-1.529228044778609,0.7106836352755828,-5.2820905761023695,7.705938987601058,-0.200995792877805,-5.838621359190565,9.515609297657733,6.044900575562838,-7.4726624628347,0.2814357645360861,7.576961532774263,-5.709805191619659,-4.336294090154913,0.41368171524230846,0.28049566437178264,1.4528560085882312,6.928500776905786,4.615977797326154,-9.94257716769792,1.324038280433573,6.797291398512371,3.94724213479172,-1.2174211970506796,3.52853226210949,-9.974191090866249,-4.370499551027716,-9.171811781825284,2.2489847383060066,-6.182218799758907,6.376301966492555,8.841490415116425,-5.869655700003513,-5.5349325944909396,-2.6657867038195775,5.476291755839451,-5.3542423511960635,-9.428129176363981,0.30507353486403943,2.830419177562142,8.492326344433266,-1.270221239090226,4.203618841229629,2.073392737962468,9.684979225767822,-2.68358801102222,-8.967213410119172,-3.787476589746273,0.9966424851938793,3.602492511549947,9.733609550032618,2.4297747724166197,7.442898417303184,2.469155201530688,2.1801504857454823,4.0605033085328905,-0.578718935755365,1.5388376857099555,-3.8729792414519526,-2.7418514600955675,9.009707928302255,-9.227539731709506,-6.510302729446778,1.391594779078149,4.515844878793207,-0.20728254838849658,-0.9876757408289976,3.055421699507427,5.850946543903888,-9.138412451767676,-6.308748642921467,5.920152120755752,9.764716406964624,-2.1364213130769283,-5.510391887920969,-7.095486549398354,8.34244592086496,-5.978584790761108,-1.7161206429926494,8.304703107283885,-3.931180598878445,4.634110557021167,-4.2121537806925025,0.4939401393104692,-1.1132440927137761,9.212706919160873,4.414041695298446,-5.22887155430356
-4.229856820406363,6.3015138851546375,1.4690092996791808,6.576065819862556,-6.187601624133863,-1.6965048141849675,-4.235587421321759,-5.044635675004374,2.875455921228479,-9.883646281587241,-2.6752319659751205,0.14372883356926636,2.704874743886501,2.0346454362275033,5.117208340047167,1.5667209228297896,0.15081851545020442,-8.419001613474473,2.335828375072138,-0.8685529173618107,8.598604302116517,1.6866710195168295,2.289342639432167,-1.1584602448343535,8.557907319517064,-3.7606702550644933,5.726453156775124,-7.757231834406683,-5.8683416957117025,-5.211397416878425,-8.409096862596428,-2.674427583067356,3.487507491836819,7.471817694944104,-2.3024485220110673,8.313909156679145,6.856927245806013,3.009516114790596,-5.857236386215387,4.247407390844229,9.696127211793364,-2.017787193134124,9.840335974878258,4.3572753618518085,0.6606645109362059,-5.781614371120465,5.249894454523115,5.52558046600112,-3.987462761235376,3.309687606734588,9.856347471304144,-4.5554963247618385,1.5251756582670417,1.3053392184055284,-5.7613124431266005,0.839778519282298,0.8680165695704272,4.340202806803477,5.5797948676030735,3.8824006032142258,-7.874385505595374,-2.9034943708285894,6.299479675280242,-6.972280466306557,2.3289649451600454,0.4027240134912944,9.505139843046653,5.2699598151129265,7.856467667453927,5.001787805281904,-8.124650005830464,7.5041996548380006,3.0488218229675557,4.0572787103125325,4.4339472789618295,-7.899251423386371,-9.638572766480081,7.79909581342822,-0.11108136557827208,5.283626617606139,-4.610841805633418,-2.369262691904403,-7.098621534582323,-8.84552084999514,-5.590428851868787,-5.920920977594244,8.667559171387715,-4.189727878137646,0.5614524117939226,6.910429037712184,3.396141120413125,-9.120026734294234,2.181693737494701,-2.671343326578617,6.668033456539245,-7.249465010879669,-0.3086940230899611,3.5407020677271195,3.324324120038648,9.074218481388105
-8.589293100278233,1.2980652249286102,-6.678490163576911,8.373548482142354,-7.584632550664832,-8.863893226343961,-7.905163353107518,-9.127762829083636,1.2357167744873472,8.312725667050877,4.709113111947429,-3.350947656771548,-4.646303491569606,-8.151737658775781,-2.368989199748488,4.945684328804687,5.820810072547349,-5.2861223332319485,9.464641043817505,-8.567904426754644,1.1504736303608976,-3.428815013794104,7.907058910345839,-3.1284944339939162,4.14298573792909,6.751674453509555,-4.003673409385606,9.090670184199247,1.104258879554978,-3.678142987745363,-6.226109036818077,-3.2091987245329134,0.9158443021141398,-6.456237066087431,3.86385832803289,7.975856661549578,6.219096379143863,-5.746184214134534,5.211910030531982,-1.777198742104222,6.404362025924211,8.32987710985979,-7.8951075471784975,-7.968287759056702,0.3188206653749823,7.2609271346723325,8.432452216604148,3.320558794954195,-6.262564324840591,-7.682656769456044,-7.378948355198185,9.654187076776392,-6.067365853352868,-1.0704984452811743,4.166433304539192,4.173642614311353,9.765024993295818,2.355948104969084,3.1499060060032864,-1.3422764906522069,6.478517395361322,-5.833442183113564,-1.5375224740419426,2.7592455175151542,-5.2068971740591685,4.137622182871404,-7.832692966032642,7.868087813336743,0.40084458034329806,7.1181858752499885,-5.213790805374455,-1.8450361742748118,-6.98827114165325,8.2534209135329,1.5032533460921051,-3.8834712445965858,2.1633209059095826,2.236400542775028,-2.1160296586271983,1.8183899848362515,-4.295281553270085,-6.7609820209760745,-1.1249757595883736,-0.4347911816120149,-5.375730512960429,-4.362593110879523,7.956805360547161,-5.671457618590587,-6.423966914661669,4.340070534100491,9.558537126131156,5.322512996040658,8.943065034286168,1.234993680846161,2.164473782463139,9.885054771031104,3.1559940635607617,9.887298375828863,-0.77902927695642,-5.530827715311224
-1.3927645714483816,-6.527959212005787,3.675129226701042,-2.685396893391749,5.8237012071128476,2.246018530449799,-8.864015923159286,-1.4381610304880095,4.420115036059846,3.7312049939642034,-5.865471477495352,2.1831365378006424,2.9447394501784636,2.3431876373426075,5.981714681363627,-7.829263963445252,7.823532627393721,6.397742473784788,4.2993257429781515,3.8649414930437658,-0.40174545731305855,-7.537117605578585,0.33023286409200026,-1.1977695228688745,1.2327048179884876,8.701889363929453,-7.793522497387169,-0.10018566392110628,2.744547845225064,9.455998126594302,-5.188005928977182,-8.462518072931509,5.066161061030137,6.4584853909751985,-8.505676716514062,4.400478430745222,4.723078807458442,4.160869917122119,-2.1723024416556447,9.594182213715982,7.4780017457252335,-6.549574124747628,-1.8026380828613053,1.7099579225699308,-3.111645399459155,-7.496011377818867,-2.324758479039315,-5.126434266005697,-2.7722870622255353,5.713530263245868,0.9748621802072854,-7.569146484861912,4.3136442105554185,3.806622040129895,6.536471927165842,-0.596686503857871,1.3314763097155247,-4.771763418389838,-3.812960500228426,-7.932767168194282,7.909702866856293,2.677004501688284,-2.7487475649694337,-2.2710463056825825,3.7667478033382586,-8.275343610458625,-1.7957693499587162,3.761164346504337,5.13912304362718,-0.3509192014727809,7.554175067513967,-1.3706036373315165,-9.30975668907692,6.385584388756918,-7.40877202908117,7.744039846775841,7.588714890873337,5.6978159115897995,2.2412121403452936,1.8643300228330268,-0.03365144847728985,-7.589725621771457,-4.450703963615794,-9.662255255159947,6.73125634444591,6.482370595812824,1.8248177503023104,7.966616748565819,1.502732080390519,2.8782206568376996,3.120236011224705,1.5888749965659308,-9.306597098211398,5.505232510856748,5.354841754484099,6.721272808966091,6.484798338076743,-6.41991888030349,-9.587236418711198,1.3880437616072623
0.572938470481537,-9.854670728859718,-6.027092726554393,-0.9534160736439556,9.424011530554342,-9.366322024043052,2.14068669834138,9.004565863872301,9.307276991814607,-4.824976081392151,8.749714475227599,8.53183970796091,-0.9695459766070655,-2.0890546492136997,-2.2083462330419508,5.0702320860701295,3.1849092775904992,3.8692973053136583,-6.97133052863461,5.519034510315802,-8.012102352336099,-7.779343298799191,-4.5382534210036045,4.84464034628391,-2.097273253268826,5.664115895048758,8.154287605071644,-1.303828864291809,5.77754523693395,6.935444216642999,6.890320683276286,3.395232759831689,-1.0596620650842947,-5.086953720644047,-0.701964435579157,-2.9328071013470236,-0.8360760096515598,5.572441517078762,-1.4923098636004646,-4.740296670657154,2.894192873480419,2.39023820865334,5.870685653538466,3.502087150093132,-6.48822242401452,-5.076050342789252,-8.239946198331346,4.516940097837534,-9.498468980301523,7.920505410608914,3.3035908146568804,-2.6307254692183157,-0.8937616778829405,-1.8572204189054595,4.900896678453439,-0.39422857179248894,-2.111385900373291,-4.482891325825942,6.527828636341152,7.2306100036097405,7.31294722032392,-3.1767963965224517,-7.355100313507126,-3.9612730412301422,9.590982267108302,-6.020662150530796,0.8425366984219345,-5.371715769093104,4.864241079869352,-8.752476738227308,-5.173099858862886,-3.1351266016213053,-4.740137519652463,3.550923039438814,3.958284704316748,-7.251133056786118,1.6760669078717498,-6.486346432253338,0.9540794960068837,-8.32389583043378,9.174583181259614,-2.3120532119859476,3.36334220251992,8.996195453556794,8.785276537861197,7.282989187398023,8.156111561201943,6.996499643819703,9.294586506866274,2.6641097051201683,7.712637378723166,-8.461670396360264,-3.5039865961703542,4.192400107061333,-8.775756167357127,1.4741040140489918,-3.9668513122859395,4.155611792496586,2.213829492000947,9.847982971180485
1.9202292215955392,6.6523893282615845,1.7142329119100133,-7.29943813868802,4.7280644796851625,9.174332323373466,-5.563439528774989,-0.08478970603562352,-2.9466776199387823,-0.1636203669515428,-3.458613621618807,-9.559782922329184,-8.075898002031401,-0.15712303149856055,1.8665835353235245,2.18349448662849,3.466186602470886,8.832912308554125,4.239250261464502,6.0543617992896515,2.3175246926073445,5.759128411707874,-7.9299937669966925,5.4169875836620776,8.009993566810575,-7.813888101391456,0.4892864498173424,4.891898630146567,4.995444925043277,8.374027693931797,0.1736939952127603,-5.037055524250327,7.56405290084092,-3.120063631806442,9.889477669756339,-3.3263209494028096,-2.9929075351124856,8.21248893474143,-9.591060499773308,4.939350359856727,0.7756416432422064,-5.972228117856398,-2.64032295919983,6.9709033808472896,-5.00393520211518,1.6720835601751425,1.1247405085704294,9.911813374251782,-2.639284777648263,8.680252028956968,1.3323444168025311,-9.66596913118616,8.504609489147754,-3.6966472132563517,4.846859794192781,-5.795094656337305,-7.530015127681297,-4.6568039136158035,-0.4323227984752993,4.836309933563545,-7.498722255525394,-7.412743721624189,-2.449524734447321,-4.226321685446712,-8.261093117779643,0.2627679975786563,1.722649458116745,5.980653082626834,9.954867136853657,-3.0801290628385747,4.380055518026637,-4.239133608100354,-4.92869788414422,-7.892945431095555,8.838961233534654,-8.448371436880484,8.531920944329702,5.098864454138511,-8.460984130271868,-5.302202615598812,1.1004334255854182,4.301920631834502,9.53594330164491,5.5982449118294415,-1.9605085418373989,-4.743812529763344,8.885865674402002,-2.8276819166028355,4.868736810464657,-1.9329634558361182,7.389971987464673,-7.699053660726887,-5.521587427681425,2.6477436029590393,-0.7135817191724598,-6.726240186515751,5.339535413507452,-7.639290033858477,-0.7665601267977351,7.428425157611002
-0.6123283611348711,5.739621312213936,-6.873815947756825,-2.200060530784862,6.718306819063098,5.596966599649328,2.4202193726989982,-6.366759173951713,-3.3888359329696343,-7.610003458838193,-1.852752463828871,-2.0427488736501758,-7.587426421942012,-4.866518942729576,8.068890454509692,-9.875103535372103,-9.7581013594332,-1.5901486966540794,2.442083405442169,-0.4371441698962748,0.990755388204267,2.7720648854243493,-6.754844231371349,9.863453618239,9.311490803881817,3.3361459233640076,-3.786398407584766,-0.12365127241502094,9.954150311415159,2.3894421382401667,-6.989438392214799,-2.5658738013780047,-8.550091124853044,-8.825895059474401,-8.801974914388495,4.292740914434807,-1.0121890934908961,-8.20127603698382,4.906500116314994,5.216200184990182,5.9293309379547505,-5.519967368848027,-1.6178289706037514,-1.5698176138944469,-6.875787642405196,-6.5465471249691864,-7.587055883737817,6.620262239238151,0.20172044195310335,2.280667914713918,-8.176240960119909,-3.544372792090038,-0.6290060696541779,6.36362826215024,2.515029175282855,-2.096617715012812,-0.04715938919916063,-2.1503882546462787,-9.543468810399618,9.39737602592109,2.042018353965611,-5.431628296679378,0.37111050791020794,-3.3165544291309734,9.81424974785494,6.935955269755819,-1.4862748520886626,-2.474712616446764,0.7932453064348479,-2.8767874942333123,-3.280821967676692,-8.065491862082146,7.260693590170408,5.952531801621529,1.61014945585476,8.479377857350666,-1.1917430478703483,-2.5880401183469477,0.26560545430343474,1.885616278264127,0.8742483481456986,1.3125040887400168,0.3435863668824286,5.408084506494948,0.08268382189520018,-2.081504655694215,4.457983322336629,8.533447183585242,-6.067212654427663,6.384064208333314,-0.5275757994661117,3.132568932187045,-4.5881009643248305,-0.7920244801890757,-5.936107547635052,9.330272288404938,4.762879284128349,5.945351041931598,7.452731572817516,-3.6603805789345074
-0.8518499754898023,-0.14418965468357214,0.4187080360826574,5.918951432733227,-2.3041437018388606,7.710956763071792,9.207586110925359,-7.307232464264281,-7.7111446892790685,7.942688033581341,-7.375522390822981,-3.002763796202343,-5.911476473015433,-1.7698996099732192,9.190835951156487,8.554849789689097,-0.962707408206553,-7.567487151652388,2.356893771196649,-8.094893146922729,4.302566006918976,-9.248504831754378,8.071246667093913,-7.971384796865594,-1.8350009752912086,-7.193672600227654,0.30008451196803243,-3.9045581641821725,-1.0874936377166229,5.704528112009786,-0.41281810626481175,-1.0703868071967975,6.439114778063807,-9.60233976127461,-0.8026048892960738,9.843262589148111,-0.7232656676420586,-0.5826979837000437,-8.239300450059373,-5.524077442813537,-1.979442497472645,-4.162364539448118,-3.627053777221887,2.4148984541479184,-0.24737348702400652,-2.522688167991687,-6.717106115568081,0.39412251985603497,3.5430233477196076,-8.73597538710394,-7.113308194921755,-3.245020488355004,9.661727810010468,-9.780358452063439,7.806120986776737,-3.7018425423510433,4.259077286101366,-5.579879836246282,-7.126998842351537,-8.828075350008238,2.740374017888607,-7.122977854454664,-4.446493748029605,9.61217849362135,-9.51535066336197,7.351078803779217,8.164723809265904,3.5766333538286883,4.5423673601573675,9.51949133083447,6.591823006825042,-6.101394211293492,5.735857774448139,-3.8511118794738186,0.9042093177717163,4.369061642340908,4.626138392480199,-2.8859328883447315,-8.009658050367348,3.355025654874755,8.110360897632098,-2.1119167013127704,9.421505732048495,0.4242272246864136,-4.113721469026153,8.589767978151567,-0.33425725444438825,1.1800177017523623,-3.8472394198181785,-9.592446727861088,-0.5227335881905937,7.623513658066791,-5.3494690507916935,4.307947281650932,-3.51472768584504,-2.854113595148653,-9.157444846887364,1.9352866725462654,9.31974889177351,-3.681125923180417
-4.285820396630142,-5.349969442733857,-6.707009281001561,-3.4047458842965694,-3.2754510813181152,6.951265072161906,-0.03484492771872283,0.8346461705282966,0.5013643873595246,8.349570107963025,3.2874564814230602,1.6934572980283988,-7.582855737899257,0.38334729287199565,-1.8144024355197104,3.2512096036459184,7.368867300123853,9.830353677652791,3.9641421045105716,0.35794138733567493,6.688307094255894,1.139160592944176,-7.92069120932029,-6.638300680749283,8.06962469332295,3.3090601446481127,5.91108947284865,-4.583829400187822,9.452634468938793,-0.5825875221657846,-4.146190108428851,3.8823074702473335,4.913688465058275,5.591104513260479,8.925596522504275,6.347108171952488,0.3428584650454667,2.7961899998278277,6.070448892876797,8.777954708165016,0.060603225462918076,1.068144853457591,7.9386947840815445,6.7180279129431995,2.9844959392910493,-0.2568125934781733,-6.385215251746105,9.547328255632245,-7.671188360503399,-3.9720872851375555,-9.06672914833231,-7.69796593762732,0.6058242462247989,-4.66532723862954,5.231628119414504,-2.1231171506335116,-6.5512591664140585,-6.124940963768153,-4.327014725965876,-7.562037795222869,-5.84560353140197,-3.889777322312198,2.293669031734506,8.495032970554433,0.24090973790009684,-1.4628700540966637,-0.3463249496066094,5.693368324953118,7.039629847856187,-5.590449875253634,7.511145704593826,7.488699260677642,0.7872609337930783,-0.546996925457691,-6.322539543648952,-5.451046294053503,9.285607972228341,6.042724216318554,8.497137480154436,3.860536077066044,6.747885636774967,2.2824935179847845,-9.972769021906476,-8.391411341283197,4.384163795160196,-5.248478979032494,-2.1648639637177887,0.8684683175236767,-0.72395389404595,0.051387860336371105,-3.905238634625043,-4.987271232590366,4.854521069688623,1.588115844613224,-7.026946902860736,1.6608950851601794,-6.575934514648409,5.679319583048933,-6.7156152702478655,2.8772463072120598
-5.560468617218528,1.999268234858425,6.424647748079352,-4.17842709160293,-2.85850899532697,-2.0509776675436537,6.631623697408475,-2.346074147526407,-3.7828619065486135,0.2883585811863085,-5.052275328276467,3.807237591973575,-5.333591708836667,4.977240176391906,-9.63496849174547,-1.2204421762943056,-7.395978689927977,-6.709494117991239,5.684131676875015,-9.216292707376432,1.9987953854357254,2.994982201995292,-2.8791862408148328,9.864913200725113,-1.1173925015456128,-5.383745101236257,-0.07195352904613372,-3.2567100712793025,2.207283906348316,-4.379130077088709,-2.724657414944782,9.571162483868811,4.095189048123103,6.730485821941162,-5.439354749203136,1.0120215496482068,-1.060358438059266,9.770195607241728,9.948423671067971,-4.063478343568676,1.1497798450105066,-5.185474962623678,-2.8037916159151894,9.964714183117962,-0.46401795846000304,0.2437087627698915,-5.819558515005374,5.960891357879248,4.534468127260132,5.237232873892431,7.334018336191029,8.620218104710368,-2.335104720547756,-3.848490623469882,1.9924649960411678,-3.7215537333167177,5.370948323059521,-3.949315545165386,-7.133223809527345,8.302473683004713,-9.715874624202385,9.448323771186441,4.502297868494395,1.4519664108554267,3.5608393338128153,-8.972337506658647,4.4474314543542235,8.170115766474101,4.854652668989569,-6.816979566268642,7.06751116300271,-4.19370389216027,5.3921735597537275,9.149955468896383,-2.1732048798429204,2.0430443846852917,-7.161982363544112,3.044529095987439,-5.168671131737397,-5.073457476588121,5.443948862330547,9.297922624063816,6.415819956693603,-6.104074084902162,1.325723908049989,7.193556767937476,8.0961163907203,-8.270530537045659,8.139121890227926,1.9811015360909323,8.462919731718653,4.2532366335970515,-5.466481601812399,-4.822092488703353,6.398850628412241,-1.5217127798549956,2.440337665126183,5.822142202330912,-2.810969687995339,5.9068932040533255
-5.886687722198105,5.069168530538944,9.539298322525806,3.3509866740258047,-2.335500342125676,-5.662526938357315,-0.9945071658118039,1.343734686868066,-8.703636127109814,-2.469206910293183,-1.8428378006071267,8.316144495434816,-1.2759160714796618,-3.1492189611738812,-7.254636811800241,-0.31051585585727004,5.81382510962332,-1.649874682178428,4.35223144965172,4.332488963630306,9.098438135197014,-1.3579221251849933,9.53630041390123,2.071639704917075,6.861591403656767,-5.947856177091007,2.1202019858569283,-0.796791123677016,-6.985626607578224,5.201530954370213,-7.241177796321123,4.10351360870723,4.625246435392153,-0.5590553478620937,-2.548898215400433,-8.517580236593075,-0.5361695294355311,-1.3655555231131888,-8.886811577068812,3.6724901836957695,3.8859093693470186,-5.382838067464926,-5.508943265879789,1.7415262503186533,6.2634910057876745,-2.87992594840323,3.8416464453945345,-6.239727166139504,-2.4088449044303246,-2.4649024993546025,2.0978898507979657,-4.948016184037039,0.4024895081828088,7.190826968112095,4.203525163064423,7.535411669506594,-3.7201022924397247,-2.314025912766793,-4.955566598138792,-1.0252129543563786,-9.758085079924378,5.992146178355856,-7.613630821854221,4.630773829481038,9.667062341228153,-4.271134740005915,7.794620599795856,9.3419243890602,-6.190545532998517,-3.5774456773497736,-3.050127448270521,2.8515120383211574,-8.68588823102317,3.5506551381393354,-3.503436024913218,-7.903495490302528,9.45281494837679,-1.2059918708197,7.526360075442582,2.4341568129107127,7.569304351319893,-5.707981077929805,4.730688815538544,-1.181783003401753,1.499087059108387,8.015059298712035,3.810944765044514,-7.082499966101481,-2.8319641507646542,-3.2863154016881406,9.466675219269021,6.001778853518168,4.7269087335292355,3.093605850186126,5.14293874912129,5.520405547055452,-9.503375537032602,-2.714124610155153,3.4488487153018745,-1.9037276479621852
-3.941282541518092,0.5282522172348934,-7.874423521947989,-8.211696599445881,-8.634468609920301,-9.723129500057672,-4.3706787247778305,-1.1203820654070302,-3.909267187845396,7.7355695661556325,5.172630994023869,-6.5319013842865115,7.495060926737526,-1.9727964411648067,9.969080171500739,-2.1586963432826467,7.2770853715061214,-1.2336033514479023,0.650880194842161,0.4853827368376642,1.0312457929025207,-1.4583986223743572,6.580294680188729,-6.370271271265986,0.9056335298178197,-5.971361967654893,3.099637112485178,2.8514739795921216,5.113044643917714,-4.726011220525623,2.0666676781516102,-3.2918761820269022,-8.582164722497916,4.70593402598138,-2.7408440993305483,-6.19921012663146,-6.691330586682387,-2.311037050680847,-6.0649524246312385,-8.82327315068675,-6.323333261413378,-1.650030336874762,7.4999365485583205,-6.2451091731901425,-4.14234027889397,6.549135690315314,3.2370584661880386,9.081385795491613,-5.804716424738398,-9.620319979157568,-0.6435392726764384,3.6701812419336743,1.5385234483513894,7.466286438385641,-5.255711056183534,2.963328399204684,2.0545439527775944,-3.4387568526978773,-8.853081035795702,-9.170972167538523,3.352763705055427,-7.28919566659064,-9.276872384744038,-1.0628413489832589,3.6870359109142186,-5.137245393328063,4.7825332323765135,-1.1258807403089381,1.2425463972870947,-1.4483998902879947,5.313325712683037,-6.461190237972428,5.630142533737374,4.8313614725331355,-4.214188070258791,-7.735333755228444,-9.123526382859783,-9.792875594743881,-5.495302714637349,1.7180786259124954,-4.102891290801553,-8.651931173935374,-0.8282386441659142,-8.688284415701375,-6.134088557258666,-4.144950728134247,0.045729504913731844,-2.832933489092369,1.891100803934977,7.869663107683799,-6.704950187170001,5.436454999513792,-8.92160588399758,3.5714709964167994,-2.5533593631858515,-1.1469547374307805,6.506412718703803,-3.9508533717587984,-0.15754105953981146,9.372184670975233
-2.4556660882868986,2.9508713136492037,0.795931549773897,4.295739850817844,-1.447502990136302,-9.633069908006721,6.8890851386844005,0.996129506655274,4.99793934095508,-7.758576259748442,-0.9600262146010117,2.9992030786222017,-9.433678257451458,-7.245902018351766,4.800083538240292,-0.8269218982594708,3.99266414047192,9.828083644061198,0.6726187823665501,1.016677865973655,9.988293709622656,7.830448077786002,-8.12945746235981,6.773257553747488,0.6577439471852138,-3.5923829121239574,5.436482951372245,2.8427473034103574,-2.550103703990178,-5.031019462831128,4.713599751433403,-6.181679974574119,-1.3972797586590264,7.335661080087881,-5.217883815358066,-5.941662338397558,-7.670617142739009,5.501434565195867,-6.220491405178903,-5.418655799283975,-2.1963062657494863,-8.289394208619203,-2.83358560245198,-7.536404981543656,-9.71342314682815,-5.351897249167914,-7.9138969865345965,-4.365691338110313,6.648434207783108,-6.978189607134071,5.489325082910408,8.160392557401146,-9.902815705098774,0.4124169460527902,3.8396847587260403,2.7106062304226857,-1.3570897518565257,0.22334968155047363,9.672508465480536,5.814228968679437,-9.200277405557046,5.664088076028795,5.833569424245148,6.284469291955386,-3.955433317825346,-9.02152856406964,-5.492554065336195,3.7616986500766565,-0.19469206863912092,1.360655907414671,7.05784125060168,6.197471600434781,-7.778756663493523,7.469647356269288,-9.645829621536832,-0.056907818431799484,-5.038732962393697,-5.357667584352144,-7.876748638971305,9.275588492463921,-8.985017498475848,1.300578824806955,8.966779550635454,-6.169446506501335,2.2979421666810786,1.4231593533111901,7.234840748523549,3.3961862861066567,7.503954998220468,-2.5145420380790355,6.26005006946156,-3.781465567866686,-6.158873156439794,-7.501133429194202,5.774676995835799,4.194191609671076,6.223771811957267,-6.111192512187571,0.5705310432129735,5.463505291152353
2.0587784463617727,0.9440853737676651,-5.8086761417914445,-4.320467392693404,-4.417701730653492,2.7712582077777093,-1.9844656201090327,4.104042565465427,-7.8170750987432625,3.4570271394809833,9.420364113574852,-6.892563781102541,-1.7154516792895294,8.09455804986073,8.473007557458242,-2.0915108333776082,-1.3927890099300715,4.13567834275786,-3.1104819934056893,-8.345867558145823,1.1062734322605667,9.377042435483489,-9.480660370857501,5.286445279830108,5.256682849758992,3.715742784961318,-0.0020452895853964037,-7.991317159537104,-6.571549227977924,5.525018342407584,-4.416499385281096,-2.6654706515041564,-0.6567942086531744,1.0322440879575758,-1.1613879815165582,7.819033696225187,-4.610878364865714,0.7473043009598435,0.2066129735020219,0.45305787951754084,-3.5962085880627592,-8.116909075660496,6.591391151853113,-2.7284228727130184,-3.033087687395522,6.6269323021506565,4.522503887088124,2.653554604907063,2.443624437742045,5.98121801813776,4.6150816755005835,4.27557302387507,0.4642653053429022,8.565497865544241,-6.76890298880542,-4.28467837311866,-1.4369618068248613,-2.0807856925147643,-1.1219941434448177,-3.1784286551847973,4.8647666241202785,6.5319800453315295,-7.461382979452857,-2.0347764601808045,9.742191111538997,-0.9580508841851572,-8.361444436807625,5.121797630670805,-7.170248252257963,-6.266334451298981,-5.221308488588066,-2.3851437065414594,6.325568768131838,-8.017637389236121,-5.45532863354749,8.889403222068111,0.7269833691183507,-3.458221171339977,3.241384621505933,4.927746748689357,0.9293077450173559,-5.517115351760776,0.4900831541689161,-6.458812376051608,5.078819927311054,-5.1849765836677,2.043651367828616,5.045109312617219,5.647806361067476,1.360241398060122,7.743093354018352,-3.7216164029558936,-7.1789210694927785,3.2287422812416082,-3.9687742190345876,8.607208401351883,3.871298568726587,8.698839867818048,-9.69518064849812,-7.72093977819162
-7.24288419330521,5.928331675357176,8.197587775527587,8.26277067767662,-5.477572744974135,-8.280506146898137,-3.894612851894987,9.63481793180721,-0.7226887929649166,9.272998348218405,-6.158044501985646,-7.644337689631402,2.9885012948168566,-2.793690573281957,-1.4346314886136273,-5.425683967019599,-1.5950391983543266,-3.4103940739808447,5.28078711914757,-6.6562584206867985,7.225302056096744,4.485924805595776,-1.6992006299614353,-1.604530584852819,-7.166272788267705,1.462136205161638,-9.611741611514987,4.17944942876054,7.581357694379502,-8.284283191269338,0.46455068838037405,-7.038073206479629,-3.531376226020133,-0.5103074450766076,-4.905660891714629,8.088365177350529,-2.085823691082142,-1.0029583767235621,5.8896613900754495,5.125152653464784,-5.960398611527598,6.679487894797063,-4.124169476200617,3.4998863853894164,8.684314935876646,5.590079104332631,9.73514173245297,-7.101621302715078,-0.4004685828743568,-1.8248938257067255,-4.524681556918708,7.814185669917279,1.8136272614512343,8.714106465891899,-8.983830759314653,-6.957975447712224,-8.880628177834964,0.3218211571810219,4.522384599430431,-9.99908468244354,-8.811666934555982,5.394527334184664,8.867422722570318,6.488228347831544,-9.339706124173661,-1.9563942405646362,-9.138151700733195,-0.9576083769988646,-3.598018289956997,0.4184696411503612,-6.208471831100686,-9.624236676362658,-0.139705861647208,1.2547317834323213,-6.187877837766065,-3.282863841287984,-5.1969525028474735,-3.220929977812119,5.9015097349268935,2.621961961040027,-0.3298964990187301,-2.225243329161774,-9.485822874314637,-6.4794903252078395,7.132476925691908,-2.3177549760819467,-4.713787029064703,-0.16089149557644689,5.640564900671167,-3.231579436676646,1.9764355340756534,5.769243219881533,2.3587020859904957,-4.286932746128995,-6.119530006461826,7.1393031086414425,9.777064145822752,4.591038157392518,6.945217538750697,1.379992104775953
-7.78555639890479,6.70616093671681,-4.625289510958459,3.323658925653044,8.827439902662626,-7.945488250168498,1.854843595867539,-3.430032397267948,0.9481245806613963,-8.186680339194671,9.005873863616888,-6.710748542084817,-5.707148959882291,-8.132063599882336,-9.329356280038903,-0.20328678647539178,3.339267829330037,-5.259528458999587,3.799902225590859,5.552320023662867,6.949421792845772,1.8665058415390856,-0.5324608676099185,-5.748083837155891,-7.028095674540302,3.9464875424052046,-7.154709659836218,-9.626006522426088,3.1151763737259053,8.139996244519832,-1.3827807894118482,-0.8125002953158749,-2.655941339009436,1.2730614876222006,2.1711745656710857,-4.237832105691033,8.803854871497563,4.135558787017889,-8.645063424561918,5.943310733966836,7.754795457100059,7.02992252644848,2.1599341306727275,-2.868207805756409,-8.62411324844178,-9.99127929653545,9.039726971325365,-4.910623678864967,-9.409293556690308,5.989277226295078,1.9120292073134433,-1.2277117173276313,-9.059116262847532,-3.142485264597024,-4.893671055065576,4.735228208061027,9.504607022318897,-2.0950731597963905,-2.4056715580741272,5.472635116235287,9.285921655891233,4.974767545020766,-2.406953469331656,-3.932877718133736,-2.9965363795386075,7.2636055278633265,-6.873706997307886,1.5661341544405278,-4.637473735311768,2.302395690591565,0.6168577367146337,-1.5337002409295266,-4.504916477563583,7.6952482046627,5.976049498245331,-4.01683677234415,-1.144749887974836,-9.213367184304238,-6.50901145300814,-0.4973403247721553,-8.41180875358159,4.355002523763334,-2.6411080991620057,-5.768016681609989,7.047969686456572,-7.534585656295361,-7.181681759143328,-2.4105398514355914,2.7689861581217645,3.6903143681726736,-7.165497106549211,-7.769550163597872,5.343884636247962,4.098025582633227,-4.203502991342647,1.145300204164334,6.959597029059509,0.2639324072646225,-0.2804691688901677,-6.2061824012856714
3.5478062519749702,-4.890068673891341,-3.4417134829713163,1.876929867630837,-7.648077441068287,8.329332760199502,-9.130758170849196,8.48133647773966,-7.347418153125171,-4.936063980078447,1.2061836498396445,-2.172013519980169,7.442418369790364,-6.90931156928233,8.620008258106893,-0.1759046557545183,-8.25929363615366,-0.7238531234007297,-9.04619236631697,-0.33864884553532804,7.411992082670658,8.250624566779997,7.296135577276878,-6.764327159203216,5.078802563203251,0.23009272766595146,-9.725815764135437,-3.8335258092836355,-8.326782729276875,-8.057196633946733,5.920300046716374,-1.5033840158044462,-4.436637860549693,4.970337554904825,0.155275637102525,2.8125976397970813,-5.027826281416543,-3.255427914351845,-5.121029932325505,-5.540115432742462,-1.1636195946579058,4.17238733716005,-2.560065977741317,-8.272461466692532,5.346294667603399,6.158973630980466,5.018378788198561,-8.838357082257664,9.121465993939822,-4.88744514067853,-8.757439211928189,-2.151167797618969,9.483248650210882,-8.446687117296957,-6.653822215815934,-5.613048784415486,3.427722757401721,-9.915949264561002,-5.100063397189909,3.5082623843200267,9.973793210789164,-3.1860733545347664,-1.2235978332142778,-9.126459953850432,-5.562620689568352,7.184967421919847,4.874939798846608,8.215423994856355,-5.026735855927125,9.198467254312884,4.951123616160567,9.402279483691075,9.354884493369877,6.693213727772729,-3.7669486428026406,-5.994486324502553,-3.188148245198999,-9.810027305022173,-5.525833801564961,7.11045844672865,-8.190531767825318,8.873015976252994,1.6537521501949932,4.430442225316391,4.788919074352634,2.3959588586728042,7.32645364701029,-0.98116906826845,0.26612166624955336,4.95158058906026,-4.081915563983376,-5.674351880553878,-4.286539441247166,7.839735682427538,8.560182168228707,-8.064418667753143,-6.130929790506048,8.630312330430638,-8.34869614628225,8.576713984859975
-8.920933466806334,7.259959418952949,6.928138261358626,-3.4103655817021172,2.335058274533907,0.11099332143466256,7.556190448598283,5.113549511014291,-9.069090477691619,4.722174645652924,2.545290263479904,4.485208182317075,-1.8238364062882475,-4.099877593428614,-2.617365428405507,-0.2994142032258811,9.834273826160342,4.091619509729142,-1.4105884200408259,2.3612928471215753,-8.227517805814404,-8.963051641017326,9.8328098083555,-0.5530167485165549,8.400586237694615,-2.2673979590471394,-3.049548841736325,-5.907540600464312,-1.156662376027871,0.08931234997287696,-1.9700074210870646,-7.169508062873129,9.976948070309952,6.0471372220695265,-2.057520523331881,-7.781367438393374,-6.652034237201696,2.152727828546194,-3.4982529038843175,0.18547612496995924,6.145490249749731,0.954221896577268,2.594546630881725,5.284915324838334,-9.083620011799853,8.057726925400758,-4.624784713615937,-3.6775742762002928,8.264060384790032,-4.013790251930431,-6.822176313471926,8.730008522617524,3.9005664208429565,8.571025033253086,-5.364349437430049,-7.158702926459791,0.9999680914082774,-8.65629405667721,1.7103204314720415,-8.907035085769833,3.370928049321961,7.598135672770759,4.7980346004158605,-1.340501168293697,-9.970841736158969,5.2318630631970215,5.820703954042987,-3.130948646751235,-1.2271834855580916,1.5543323939206815,3.271022684542203,6.033903192377817,-5.475891277507361,-3.71054366681121,-5.522969612813062,4.006979652025409,-8.645730874506993,0.7928501787486475,-5.890694188332992,-8.863436634411856,7.795992703256388,-2.9554338994930234,7.988316124837894,-3.0206856913272944,3.9149483763024726,3.2827224590044004,2.4650997977792137,-8.288240756317698,-8.750393681741214,5.345010456266088,-2.1185107195396924,-2.5833512180513534,-6.017090707736328,-9.214216557486623,5.3803528495605235,6.959747804115299,7.356772348828301,7.127736427040325,3.5824599905646366,0.12602460858300546
7.7518433449361694,4.611944414678305,2.602058235118758,-5.341166376193809,-1.9912063163469025,-9.452508072404797,-6.766104848663071,5.354911471489967,-1.7850653335041287,8.877195279346978,-6.398052434475168,-1.2483698854591907,-7.340949966813712,2.6997044745073335,-5.335476051021262,-5.8036830265162624,-1.9773249294160955,0.9858667898795925,-9.32659951682769,-9.770905890336001,0.9380346109508757,9.387478566400986,-0.393905722545,3.715561814895935,0.5365110355685907,4.372337352341633,-3.0146020974229444,-7.244734684399385,-1.508054354406429,1.1738101332175432,-6.107640717433613,4.446456023482694,3.4522208688189373,6.131208129745239,-7.202487213045023,2.6546410051779983,-1.6147711291851685,6.4338911306052395,2.3008964755801244,1.4792021249721081,0.07713813161176297,6.941405659892045,0.14991391144644162,-2.898552812370056,-0.7975108364569614,-2.274942671047981,-1.3844462922298462,8.940125014352734,9.762079284564766,6.166194147667277,1.7904773573518682,-5.94524007090079,1.3985288481353813,-2.9741653982397276,-2.176835027734265,-6.983467348436179,-1.292224889017664,-8.658721420710407,3.4464640811170995,2.976004069091779,-2.2753320882373407,0.9448642142297281,-9.0606721098858,-2.4097091294834616,9.95334876135469,-5.295454183005899,-1.4981624744645714,1.4146054557576253,2.266051058540599,-8.473422791969208,-4.662504103831142,2.502445387413834,-2.151354979252906,-3.0049779141969113,-2.1792511619065262,-0.6338902417157968,0.562177056424142,6.940792383225908,-9.722363031347667,-9.501779158891386,-2.530025412980848,-3.755501736310798,-4.78988719700796,-6.148533598156574,-4.039566499259337,4.693056643724379,6.193518970338843,0.5549769112740837,2.0331292634536364,5.013680367871567,5.140098411129397,7.657880757011796,-6.5733417287668905,-3.3334788280280447,9.991450349990892,-6.462135788563272,5.282866945950651,6.721256535918844,-4.700952759230148,1.1326610571822666
-4.5055290451103165,0.41527114693143474,9.52375918786269,-0.4661650984905421,-8.75308166849697,1.719919353747958,-6.8555426982713,4.967744608635217,-3.194739797561203,4.548263978163494,-0.48623742336042675,8.190661348533762,-0.3387810194372758,-6.343747392271988,-1.0173486484708363,-3.496677168452573,1.1153508315490068,-2.073981097766861,0.5572656172983681,-3.588543662726722,-9.64624980051304,-5.973423768657469,9.20684863716977,6.922939632533467,-1.1770397137464954,-4.306036699349947,-3.148070682368216,5.092809941602292,-7.466620204526722,-8.240008522391381,3.03039724329318,6.4415745079543925,-4.541723995817007,6.940603000719662,-8.141345031038332,-2.158189431400464,-2.9269731012150064,2.9805752542730914,-5.3835319432311035,-6.554496741640008,7.4951500812403395,1.3781386915838496,7.899578401859298,-9.373834900225242,-1.2922716040645472,3.968204183948769,9.53852439638084,3.5657907426989777,9.239916907010887,7.443377283886143,1.9674377852367684,4.76258289738176,3.964040574704361,-5.2652189916481795,-6.6994932285904385,-7.715179765533183,-9.675488001276298,-4.217626722223054,-4.725072649391859,-3.1922686605236343,3.263211115319816,-0.38202224188008493,2.160904597196973,-8.907642924971789,-9.594233897155888,3.373454809953653,-2.743985929133559,2.3967032321206787,6.272152575961819,-0.5404813452947934,8.055297496089704,-6.60421633323931,9.665836935685036,-5.3210656672242,-7.38750840057018,-0.11266401630032874,4.235292477624945,4.135439172582334,7.27502916426679,-9.377124220844253,-0.10307092217258784,9.396130065932248,5.34799294230119,3.1184454708231453,-8.291949952741788,-4.8082082718835295,5.59487337922101,4.260825417376314,0.3989155764505661,3.9153286510629997,0.15108760528755738,3.1924694600698516,-6.376966214202893,1.0738162248975929,-4.855942076194095,-5.976215481905774,3.888266417700253,-8.194284720809925,-9.846597857324772,-8.759137417654356
-5.5583114229550645,0.5116762168779871,-4.651033660475967,7.4229449023478296,7.245079352354786,6.871113354574671,2.0375914329244242,-7.166495798217776,7.6295091282115415,-4.298677853414041,-4.121870471599484,0.7546795603381895,1.5393088482183899,5.6818762181343665,8.209573587190949,9.406382648913002,0.4573008595088357,5.6613102091147915,4.657252711406013,3.0612958877652616,-2.429094355978245,1.384408449094959,-8.649274994065392,-2.3030114023052306,5.189079789164758,5.791516115014373,-4.763156552813827,1.9522552585557111,-2.1689479729032417,-9.034235183824599,1.544030043039177,-8.16863857123707,-1.0751505092481395,5.1599717039988136,-8.523838586004297,-8.935988077734327,-2.368926436245234,-5.26939870929694,-9.506282819986572,-6.953303194697666,-8.010871059965996,2.8819606485107094,-2.7068022156255234,-3.55887440902176,-1.600711068574313,0.28133886742561387,2.043079416238882,-4.9076711580239145,8.863820752151657,-4.831112263937736,7.254102961534159,-8.994351739837365,-5.005748940062313,2.986108581168434,-9.011609655615642,2.4496833599112477,-4.912078323325016,-8.272632149224947,5.253940150419538,-3.4575329947978783,3.196359573307335,1.1690864818971587,-4.613686573105252,-8.014739272019682,-3.3311729555666876,-8.141628978448272,-5.320135633302572,9.429992756131004,4.212469473833057,-3.8049972044362113,9.635993357895199,5.419830604967897,6.038843997629876,-1.231752918419751,5.89865830510935,0.39424393283637116,4.380019429159841,-3.079733941053635,1.8450472631236075,-7.079858422027236,9.167421117215135,8.234081548010735,1.3828545847075357,-1.8838210106572095,-2.321255893343192,7.604504491194785,3.4285647635552046,-1.0053937771860113,3.9035693544835084,-0.8114775882647791,2.385397679632458,4.5996497039484225,-2.439236159903418,-6.165054222527528,6.182628385723465,-2.211982036069003,6.430230046186509,0.6153670439067138,-3.7502186045570323,-2.6410359679224467
-3.0433685156898527,-0.3581780849129057,-6.386365507167371,-0.925604716914119,-6.656889847241809,3.579718168737518,7.74343943018728,4.330151171711172,-8.761234106759959,1.5315661571611052,-4.2185928916180115,6.353480907935985,-8.106857209162552,0.3997610809565284,-4.778562207642187,7.454469626705002,7.725748839610713,1.4214847282673997,-3.5636433690702995,4.486942252307555,2.292199371818569,-2.7512753729744404,-0.26919676981638396,2.6619518408348046,-2.399177266747543,9.019679998294535,8.012886290304099,0.4436552034092234,-6.4226785195112,9.60128796381623,9.495271520467202,-7.826221652857659,-8.335021817917028,-0.5173429954207247,2.11129618373157,1.4291873948461653,-4.735859926712269,-3.5968719150982125,8.14859352452536,-7.744785655667177,-5.942951353056049,8.729187168618115,-3.321089327625666,-4.119920285306202,-3.1759698792284974,-3.2656395013742205,9.497330187465835,3.3802351130912136,9.150020561145592,0.64143301529516,-7.468094963145795,9.886803002017743,-5.669111765487848,-5.473173390690729,2.108583899414878,-3.09670821276735,5.3757267074631105,-0.8268645502584171,-5.824545509805114,-7.293883529821919,-2.7493669118335458,7.804097678541655,7.894816996766984,6.147906119776806,4.86034096197743,-0.807620543878798,9.015223885082573,9.357143974828055,1.5334690575090288,3.622456021909162,-5.7248284002181045,8.579829577851484,8.141374808075458,1.5177373206918414,-9.201202066545518,2.5235924968005854,-7.5861492857497215,-4.223937983883057,-4.570546039357611,-6.537671443826314,-3.892577816619278,3.7113761149450415,1.2158772320811213,-3.1244402456686586,9.411859071663638,4.809409295409349,7.056978750051574,1.1637219744283396,-4.940416198662718,1.9775579762962465,5.420968273458907,-9.090129635918512,-7.2074643787711645,-7.461241676852297,0.9913230638138355,-5.673302491910839,-1.5612744099348816,-0.9699537903557172,0.4637500447285028,-4.4731840902693225
-6.82477317188297,-5.110072776860726,-1.9117629587137852,-2.7908717920898045,0.01787173561431743,-5.216434652275694,2.4684555458697854,2.673970221555429,-3.9241899444177797,-8.270343135373286,5.977790473200786,-7.282277929111496,-8.202453828076184,7.281737232044932,-9.262687303940517,-6.037079694587016,6.660298450068048,-3.445791626956929,2.6759316538854208,3.3390953133872614,-3.4143859773867247,2.339418631671135,1.7347605347642592,-2.538409166016013,9.541326524550115,-5.9976401641700905,-7.412490191464314,8.524783886043018,-0.4353678739684206,-1.8966277173382018,-7.73861951759931,8.157055137100812,5.2509862092824235,-6.4013248493050305,1.354373793954478,-6.5251070813403445,-3.125263354889622,3.2454102809519014,-2.8151823601581487,-6.463894792419804,-8.123475430255462,-7.8439993035706435,0.6729298456495592,9.405012082800482,1.4827811287131922,2.873485380211264,5.458130700283013,-6.227234363842671,4.08699889068969,-0.6825926582384678,-7.647102901493801,-1.2295971912824264,3.341114499992642,-3.1502869947686367,0.4555107776884455,6.343591857402576,4.223640820806818,-8.424640686368619,0.653902445577895,-0.4894651086559847,-7.037749486176754,-0.21183681894037143,-0.1453904552464369,-3.3250852954873578,4.330370519728051,5.056274749354765,-9.224839355666393,-0.87803488676788,7.24194092037931,5.423786058939095,-2.455413120846881,-7.372952077419197,3.634510725529335,4.117485981303982,-9.672523857073152,4.092268702041682,-6.083195344327188,-2.5091910214586566,1.4928862916579195,4.270094911538463,5.958749384820582,2.3812006035155235,1.1036439766165387,-3.498885119792929,-8.826592719525122,-8.023580427038809,-6.687992758351323,-4.8005894935383715,-6.892675195062655,-5.206589902960868,4.018444880471714,6.836874201785129,-0.04524806430789674,-8.657758280513114,8.389424966779277,-0.1252621244272092,-4.266702226775263,-8.515380432401509,3.560069217540555,5.676499805798327
-3.960800887553204,3.3677808555648383,-7.302847694095815,2.737781151424075,4.41656013254657,5.0650120580227345,-9.2640449182223,3.107336206660385,2.9274670986950575,-7.771462299242547,-3.8943822720370864,3.1705519166443903,8.170157498038943,-7.984828777695318,2.3486256294261842,-1.8544324205591316,2.1553935557236166,1.4288900110461373,2.8867425791702157,6.038815706432569,4.9373743864851765,8.369923442604687,4.660638356625583,-9.54650082734711,3.231630581483669,-1.6259400562078081,-0.5095903395754853,1.2983457884687404,2.357804619370391,7.222600965551905,-1.3912321984561,9.915033456805258,-4.766685364277496,-7.313072837054293,-0.14436983997645925,-2.926858039295162,4.4078254230872815,-1.926471269028145,7.825443058000687,9.341396359884925,-7.213262414256496,-1.2099689021128484,7.977998543757682,-3.802106475839717,0.98032998280223,5.92258413311869,-6.08084853781008,-2.5642580319370527,2.0384175920304024,-4.855581318456981,3.338010748247406,-9.571449778022874,6.124039402727394,3.202373710273145,-5.612458713795991,-0.9331717791670808,-6.66549899224372,-4.390096893044402,8.087273900098012,3.5481640757464596,3.8554863323102424,0.5161721607647412,9.01729512281311,-7.145310311412452,-0.34851784592434853,-4.412423912255196,4.996013143321408,8.812922412397494,-8.765074611416384,0.7640046047599736,-1.832409064614474,7.521802409306769,2.441929262686058,-5.319692943943233,-0.1855646679677374,7.18661982405218,-1.8552210377536422,-3.704964831578037,-7.513366016676571,-1.8099604621366527,-9.607818471133925,0.02050547882942233,2.5825703814630945,-7.318521141994266,-5.882902691151505,8.56227713890696,-2.915580791040986,-9.682084975021947,6.998554400534005,3.771858379488373,6.5076723385801785,-9.49405965345539,6.023377336700101,3.9060550597265085,1.5925180600408453,9.671074731604808,4.153841319582604,7.489045969449901,-5.053923401493128,-0.5098128321156121
-1.3881846311299881,7.327339560167047,-8.317444830244114,3.8192728719631486,2.3256841826962305,7.02065690547083,-5.826120605146183,3.415538189862291,0.6794301515956711,-3.2206181461473875,4.312638579475447,8.612786676729726,2.249027582820551,-8.331323754787478,1.6854828431512452,0.38995336851165874,-0.915653759056605,-6.329624343929224,9.06132910858161,5.456028941831404,1.1745103720075782,-7.682513195137215,2.561400623055869,0.512313722808976,2.5715652360342425,-9.305365293865824,-9.393151283917746,0.692267593143729,7.59947171055045,-9.236453818755068,8.138811744138096,2.224796474352843,6.3552361419213526,5.754801693587446,8.297138480080818,0.3348044965860968,4.739162131610325,5.7592517032988155,3.7571107552170506,1.7850355094911272,-3.1889518943139166,-9.819739983266668,-0.7549096209048152,-8.997291712695612,-2.1191634513221107,9.252970631485098,-5.5140161540894805,-6.820098130556835,3.225573577999441,2.7989495454708457,0.681534167956956,-7.255498939070646,-2.2288696825952954,8.799943384568252,-7.307231608452001,6.140376430928104,-1.7281925335265171,6.521616072480853,-6.386941426383279,8.132124772655583,2.724682108862524,7.0515268898165075,3.754027757318674,4.71165162451171,2.6353915916844723,-6.111939125439796,-5.938636545579435,-6.465118880419389,3.6840802456945294,-6.984180528315176,2.4215088051268996,9.637920904490795,4.912068887645448,-0.8343233911255545,-9.36404687470034,8.196083597506231,-0.719216961147799,2.7806716384569405,-6.2650560692080415,9.801719571218868,-9.317555051503636,-5.4302292662378555,2.2264986861161358,1.5955459886631989,0.5870959978233419,-2.6384006821294808,-9.541195076511029,-4.149953916149709,7.138149081914214,-0.0232236101961103,-0.9218382703988599,-8.829135406252547,9.534748729653181,3.216031594240496,-1.4714557228864749,-1.4215016190803542,2.9322661276967352,0.9523606137464533,1.0093178249007906,3.742071233228984
2.1289834581509766,2.0807093494493305,-0.6519945559466898,3.919999370491354,-3.8722024340373284,-4.293346770271391,3.1778536098133863,-9.414740616928327,-8.940781307327885,-3.052918793508934,-0.2921344350255932,-5.347328778337987,-2.61460867298577,-6.844848540153339,-5.8326745846183,-1.4015669542770297,3.257698897383978,7.779866980222611,1.5206090290069518,9.433732334996353,0.9370137075737066,6.558011616707237,-9.255769247579002,9.18485866267574,-3.638716592299474,6.71795317220273,4.675634743826215,-3.292584419716831,-1.574319412736065,-2.2382654559435267,-2.790036708815709,-8.147344745257065,-6.300726163040425,4.539134547549249,-4.1173170863259445,-1.1614238688807017,-3.296415065176161,-5.10857272897095,7.522131611897699,6.28047279759862,-6.941988817707543,-1.8766630511506364,-6.986484510250506,-8.81164734029051,4.156990426793081,-4.319232802435238,9.533899166388377,5.593134390207201,4.4148690231151,6.8742112713758665,-7.118212231276251,-1.9067137348723548,-2.087981682792977,-2.1102236464799535,1.5304711534116997,-1.0101079164979527,-7.3001008538812195,-0.4927146100006503,-8.602524043438201,9.236072478446637,-4.865821724491197,7.589274150817268,5.44186029372149,-0.9179912355878486,8.835399753142315,6.972942736447894,1.194034222646458,1.1632242906053936,2.6143749363975886,3.039746491678825,7.83176488971807,-0.3336509976272506,9.443849466376456,-0.10003929694643077,-2.0557780322909736,-1.7246161171936585,6.9910425155236595,4.28501755373598,7.071188717021521,2.8195225988565316,7.320543821143751,3.044080488550147,-2.9014361802691173,0.8450054557978266,-7.556120982393104,6.488989032443111,4.42581252310697,-8.072146926110854,-6.339568638005293,-5.44269937093577,-9.930408174176746,-2.375716616317021,0.11367923518743872,-4.776633323995448,7.403678917700095,4.3466116201792975,-5.915073610293247,8.191946388956747,1.1333798238690544,7.580706494313322
-0.5779357878918923,7.486705587968707,0.30556669051165564,-5.519637287594925,-8.473358063892974,-3.1405919194272176,1.4635059760875677,2.4174057845358288,2.8436052869097406,7.23191224755913,9.761408853561065,0.9018176351736464,-5.191617983845553,1.4743124977217263,-9.536606226593483,-2.4226997340616148,-0.3171572516853143,6.380102174757816,2.725341926968765,-2.7895177780497837,3.0813304595941524,-9.08223772959144,-3.87540952954218,-1.3938641569493786,-8.445118441923976,-6.287835246249694,4.047828727268374,2.0666339449796105,-6.825001782481155,0.809390179264506,-3.545837575432005,9.211732619781028,-9.319563812209866,3.949310669917665,-4.511547682818708,3.608889218551285,-7.011437522428874,-2.183882173477885,5.801475703740602,-1.1543588019660582,-6.783039251120382,0.2679820893352254,7.467066225522544,9.322567795206748,9.608809273292547,-7.594742959073349,2.5786024180709877,3.21573178744522,3.594326583758779,-8.28895025172992,-9.995714232748034,6.460403008492204,0.14348119979456442,-0.7001326234010321,3.435636575632417,6.98426699909783,-3.2064101259426314,-7.40312725004177,-9.111894786577384,-8.975668796185854,-9.595340502001623,6.289423801659538,0.5935186160225374,7.6456107096416694,2.4531604459994583,-0.07431875356481399,0.5128194501267291,-7.397124998972277,1.7806784820559542,-2.2079020519484205,-2.774544450476231,7.9601003053200685,7.643420997149136,5.656382889433518,1.0154040097621753,3.2211400530355245,-3.737165878269959,-9.429452142939141,-8.087270209944727,4.059075204957903,2.09538695256175,-6.84335107727613,1.2992354034882077,8.069243333119939,1.6889690173677216,1.1031545829915395,-8.161098269887955,4.203107459342238,-8.007528786077229,-9.303371934351993,9.879071347768765,-6.969800781261002,3.2121979323895804,5.081699314353429,0.19762442049519002,6.925482571414097,7.607950883250201,4.153336115289935,-8.039470083480468,-4.6209288247726725
-9.326016628661367,-6.14437840363717,-5.670859550099328,-0.3196821401214933,1.2303849741466006,-8.864087462149667,-5.017584769203236,-1.2447918409194454,-7.956934219601386,-2.954550375789003,-7.672865231526346,9.60964050749267,0.06384137292275582,-5.594868129161656,-1.0408892914621468,7.1711080559026215,-4.265166832607223,-3.5785348452099957,-5.648257128215715,-3.005685263547506,-3.0362706870351523,1.6963653162431154,8.634720978248936,-4.744852343735648,3.262143243532666,8.513968601702537,9.22147081609507,-8.627981922894147,-6.59302914113725,-3.9630140439385926,-6.364525747833573,0.84386701786012,-3.7549787344868157,-2.945585034641855,0.23220107151966118,-9.779412907095843,3.05213845448446,7.15093032062542,-8.516999682342401,2.500192647128408,-5.863899663659707,-9.994270133189211,-2.457357175986856,1.139482701750138,-7.413024239772743,-6.436404492374768,4.960411113859678,-7.535006063833065,-4.644068310284403,-5.839370452017079,-0.6543258207559415,5.0387182717542345,4.105256587836921,2.159369457514668,-3.8818915435571766,-0.886233875079709,3.3256303705331742,8.895764416148001,7.681696668867616,-8.021887731104464,-1.2709041543328343,-7.9406744631676425,-9.851454996047462,-8.003130844781792,-0.7143979751005158,5.825448722379132,-6.477278489161811,2.8327920815058434,0.516335262208985,8.047250176333797,-5.775868240871686,8.237338175593848,0.7092007800336138,5.64272697468261,-2.8547016929872733,4.853111700981783,3.020646685211757,6.632123336618264,1.879449617335446,9.840537299593933,-0.9641086904928571,1.274193114538626,1.080090755749021,9.095615335448251,9.34456564800485,-2.473799887093165,0.42964355567827184,-6.798883475341537,7.151092948849595,-2.445598527638704,2.7840001982484175,8.477913274530938,9.587061601986342,7.531964136923193,-1.7800548808438155,6.534648025150421,-3.109422141875225,9.485661407336504,8.516340259001542,7.021850568187766
-1.3385035844156938,8.823044476798355,5.0612560007981156,1.859741640189032,-8.481730559769167,6.608449375516127,-0.11290843692274066,7.063450893641669,5.444263328226546,-6.922368569321065,7.146667259114167,-2.5963561087148364,4.724990558050537,-8.558288083460198,-8.76855575375149,7.365902527113512,-6.211132648896229,-9.998001675341948,2.8329806142959058,6.71123178960946,-3.4758642717817523,0.07449036848767321,-7.686607241585506,1.255843871764327,-0.6382345731382308,1.9200761654485916,-1.574737745940043,-8.907746405488979,-0.5076199652318341,-6.555251163897453,1.755218003533754,2.0387739926532795,-5.93457725065414,5.3796754544825305,9.176502166053709,-6.073442100424209,6.62589136983447,3.0777545502904076,1.0433929279819214,2.5672683884408123,-6.946944669896132,9.263712429058284,-7.647638778477573,1.8688868704118544,-7.421010825607404,-4.180441012771712,8.095527664460423,-0.48221790673015086,6.334768824503367,4.433060086508258,9.347301283587548,-2.6325761040870654,5.7497237104793,-3.347008211316986,4.101549771743294,-3.139487221701991,-8.081954229365929,5.765241571535293,-0.0059238598166171386,-1.2524576775404999,-6.421712073914472,-7.578409579403537,4.786228338404765,-9.390550997833353,6.849541409212673,2.5252573717225992,7.580813986046163,9.816234520162709,3.246304500014796,7.2223826572365155,-6.458455548263043,3.04618673664973,8.348839995033885,1.9679675437933675,0.4692497142033165,1.0314766287822685,-4.121388264161954,7.135107815017459,-2.2862479837477867,7.047639799211428,-3.2322418564823856,0.5976341708131834,-4.70269174822757,-7.522476680124388,1.4166110318693086,-2.5350609516368987,-4.803430759358971,4.030653252780095,-4.921626511159527,-2.1035236654982477,8.986817679747602,-8.904364755629961,0.4471382744399399,-0.6697803036051742,-0.3173610585044777,8.911921024918055,-6.379046868117026,5.16079892204951,-6.89819487698172,1.5168295799886202
-6.0971504859484815,6.397771022789222,-1.8752471734656844,7.457752984731947,-9.977375812675266,7.504197008085413,-9.408772972139197,1.3400776257731515,-1.6361491378417714,2.967956804539222,-8.144090827095525,1.16932497637759,-5.555063603057593,-3.9251439304485025,1.644512596244148,-3.143446953161062,5.831710860409242,5.263050646931941,-1.117034965579327,-8.688601428106955,-5.730991945814326,-1.4541248720733648,-7.414350605665591,7.137217863892232,9.088368526409262,8.055928383790537,-5.875856076860666,-5.2949976784791986,5.116241288726071,-6.139717385313932,-2.6485700629779663,5.51750460792727,-9.679194952816,-1.5904911184049837,-1.6435700686577963,-1.576154235650824,4.671445814403503,-6.28892919843421,-2.0180777436247794,-2.228624688833185,9.963866580383922,5.144300890198206,9.756454444820342,-0.9160510101153605,9.497147668056957,-6.901265567269341,-9.49512126045692,-2.76598295548371,1.4980157328367572,-8.228478987802086,-0.04978895487518287,-8.725103655280087,-4.035743935294707,-8.852579609837212,-9.03108854459987,8.72664417389094,8.514394690230713,5.082931149645413,-9.747602804588151,-7.059519942448096,6.962464073692878,-5.355345001993513,8.325208581518012,3.737824341169169,5.463386954713286,4.1626869746357915,2.0268955926935703,0.6484451052599098,4.53536462879603,6.81397881881383,-4.853008319816876,2.423387963319879,-6.84945384265135,-5.009742675629725,-5.17385317690292,8.32737601008246,-3.1251811228268718,-0.28488873954287186,-2.8160172592947097,-5.213267547834068,8.03525163743235,-3.610366501449591,-3.4196287670261345,2.2852646753081824,-1.5479964483195356,-5.439779934061637,-7.481952786692547,4.523560825194675,6.683143286821814,-0.04733974363494298,6.856828265726161,-2.9348213481302965,-9.252271288048629,1.6491009738879203,7.424436729086146,4.0479481287983905,-0.6131669262509742,-8.803148977573642,8.880092057292607,0.7550151839725228
-7.456739743519236,-4.803240324229305,3.7791852046608696,5.934460987510157,8.251558217826126,4.1246521932621185,4.8667179862226355,8.692252402162723,3.5942533419352714,2.0767031690782716,-3.201563522109705,-3.7573033752993528,-3.8680565453269633,-7.6055399997302064,-0.9650966707393636,3.805208292508272,-6.011713301452599,9.016203922785152,8.230207896989949,-3.7872142224443177,-2.5501859375340086,-8.89593588069163,-7.55712956901581,-5.163315902498291,-2.054376972828827,5.83046603506423,3.0179879993769383,4.6671752036253285,2.4699502185491617,-4.747491230068627,-4.3032242799001335,8.978716968100237,-9.293039329954611,-6.859225625587213,6.142287653604647,-8.659343864760842,7.261378690116068,-4.481526894080082,-1.0300476161263266,-3.804297609162619,4.569172876658927,-0.5960359745354094,-9.052236276882164,-3.476872394942106,-7.650702229948141,1.9970208938649154,-8.609532121966994,-9.385997158496693,5.517221239524822,6.359127206340073,3.1364390190663762,-0.023628925691594915,-2.391286100816144,-1.347285705776276,-3.1181232214652477,3.9908344241039035,1.5554690104897961,2.0281608209852653,-4.833135960407029,-8.60760879302618,3.743435948577833,1.429610517115222,6.273095256579047,-1.5555408707853324,-0.5382083118466152,-4.905218675291332,3.4027199172281026,-8.551944566298763,5.167476678455653,8.904876552366272,-3.295240004571241,-0.22189248413392448,-3.6848674139262227,8.168833036426872,-5.211373273235198,3.0613260698066362,2.7988317003028467,-6.222306592804985,-2.2776111955042104,-2.1021806329567045,5.23817571580099,-8.667508668156223,7.76457262014414,-1.151179775535077,-4.129187580772788,2.9239406918745487,-7.548709056205474,4.106071951075398,1.7358877516920739,3.2998168804621653,-3.320525206930956,-8.092168078589367,1.118629824929009,-5.224683902732563,6.1600887112469955,5.84627832633177,-5.763799930419555,2.4385020264379555,-7.617740478348849,8.085391767567927
4.97506660045123,9.425753578090646,-6.461328208258259,-2.1735345811704683,-6.1158928901224385,-8.59424594331186,-1.6605074106620954,-4.0454133271727315,-9.570036690719462,-2.233461658639939,5.216827375834171,9.3694091584969,6.748047623446617,8.272093382999923,-7.190714866385839,-7.5954265675768635,2.7372812977948424,1.7831022764121869,-0.5568067843598428,-5.284625245593313,1.2718431223746602,0.44271712644812666,-6.282122346486312,0.3150386791490689,7.408744436262648,-5.692027747061623,-4.217915420317231,3.55851592137218,-3.7512306841239003,-3.3681573104901075,-6.78966568171284,-9.790316187818842,8.871235223138406,8.5814720664747,-3.816545568734597,-0.13245288563873103,5.09788816484382,-1.9548352842362267,-8.203423710832086,1.5571309126663593,9.54725626985416,9.28004486992631,-3.8172001490184027,-2.8676065377822058,5.742468655896005,4.34148636013936,8.035475793388741,-9.125262689230034,-1.2684434869003898,-9.153986592479074,-9.329409629206516,3.173100053650465,-7.157069670107504,3.160226126177916,-5.355468308823841,1.1417614069862019,5.347679188238262,0.6814129880835686,-4.123484025762528,-3.691806933213863,-7.2745974668764735,2.422037520918664,0.529283172268812,-5.952881797339769,0.9643963373683597,-0.9028621827638297,5.883466856729541,-5.904368985760713,4.475618654306395,-5.413771096095321,-1.251222479119189,-7.453656778772093,-8.394102142737822,6.391528461046175,7.662205151369925,9.253524252704185,-7.518398778594923,-7.371027904265093,-5.265491232837687,-0.3799558921532835,1.8578725158450133,5.7435815905347365,-1.7371519893709202,0.9836736530672141,0.40530616097022865,-1.8712832422910726,-3.4011250398578197,9.60385730709303,8.40341811979765,-2.495158297842524,-6.816555945034604,-5.153063363970745,9.26679260802456,7.632357461419556,-0.7793974639464984,5.509187355586587,6.148460126055721,-0.7266144072589942,-9.841018395965603,-1.0792670884438174
-4.960682066870959,9.303543215657399,7.98610933055398,-4.7497193356088,0.09565296221611064,9.842831674356418,0.08597250839066994,-5.853114168148572,-7.185820215729242,-1.4272639795293074,-3.673426450924257,1.1284011433053838,7.14073438128576,9.884827587557858,9.338552520883148,-0.09870251301760824,-9.205765598225659,5.02110052622762,1.7033086365582903,-6.376589141822537,2.785146519143318,-7.8019871801088225,5.663542575737148,6.290250922786473,-2.757871300134777,5.205405442748976,-0.4409974635130176,1.8665633370607733,3.3662329609813586,-2.2210275385371503,-9.802047445095114,-5.231730367268117,-3.192537464298719,7.592474597245985,9.990494129988544,6.128060183708936,-2.601311448306614,9.306853934388762,8.945661318508531,-5.239478449159329,0.5839044626015557,7.673642685133643,8.166322420839943,-6.0661413705459015,-7.727986549831063,-4.4103810902083795,5.315951329933007,-5.354509774559373,-7.215641334849014,7.479731960257794,0.7634754366633434,-3.9295103391120767,-6.734868248613983,0.3613718952634759,-0.42953394684732693,3.6313418673194136,3.437048205180906,-7.958883442924076,-4.215100338842799,-0.23607542713556917,-8.11407288650307,3.433845925915284,-3.9930513506008243,9.009259006559489,-4.891224646893035,5.126444927448217,-3.504103719376797,-2.1990401413810527,-4.036157713995201,-8.813323177117045,3.9173260611703054,-0.08382609491827786,-3.442349455822802,9.575270739459892,0.3994843899868954,3.344116237063444,2.876938557615162,1.8383888591898767,-7.764273822127978,1.8174159725120447,-8.930600232746073,1.6026142220360455,-1.9151624704515129,-5.39234058183925,6.475976924998143,2.5329118537610533,7.281330660739066,-1.076679567150979,2.334315792757968,5.107792629514421,-6.5186921927044565,2.3025300434503553,-7.360201725144593,8.954482159395837,-9.342945295432415,-1.1079261760983776,9.492893783532647,6.656744516048473,8.310046262178684,7.374196825412941
-8.175527360195158,2.519401714141633,-2.8105107944682466,-3.6853427580224913,8.967857960494317,-1.6980744291386465,4.174414469268836,0.5191460497568929,-3.9468383888680814,1.7604853931651192,-2.053247113738081,-3.7139840539536673,-1.7485125046385726,-7.892346460275843,3.450488520845793,-6.958550481416945,-6.141929821964767,-1.7247108773001756,-6.95599865014705,5.628475636335523,7.249101311551666,-0.6730309049813421,9.251939537336739,-3.8046190878293595,7.585107335457813,9.003037848992527,7.677120820530689,-7.596632882745114,7.103441184955706,-1.2371765802885868,6.4242416353801985,8.569229761663298,-8.085271447647388,6.339126876187873,5.204314220511028,-7.823442879540479,-4.107791795290813,-3.894405681407167,-2.429400549975975,8.67141622135166,-1.4550109625420387,-3.119172964760695,9.374801884968637,2.195581901040846,7.52750512694006,5.173300545180478,-7.019800297987208,-0.5911359085308039,-4.23662120065795,-2.4711340693307076,4.892118424947206,4.6692230995152695,0.354483600556188,9.15211652720389,-6.735233309540732,-4.0941343272454915,-9.01389591510336,-8.326809410923445,-9.76442800222312,3.5387782558733463,1.5045503416930455,-9.136597500307422,-0.3850524189480673,-8.046584861580026,-1.8791164762929462,5.453356791298418,7.53200362357412,-1.985774835570096,-9.304505662435634,3.443827294741567,9.406385421752791,3.4505125408398722,1.9811388136190526,0.5000456186947844,8.299211095080608,-9.10289967509611,7.900517335592387,-1.348560145544571,6.401408523212847,-9.78829066598138,-9.561559918199274,-0.4167999155627218,5.43005710615677,-5.371222676698495,1.7799948442233529,-1.1494444672606097,0.9481048917042312,-2.4711339351382406,-8.693231947121454,-3.990338960909517,2.0231461041497507,-6.930472104043428,-2.689262355462965,-5.080134037420674,-2.3955256620919236,7.395945930789278,-5.810323664868711,9.813050543233992,3.3568084396733475,-3.8550888931235967
-1.5271933306032288,7.792704078854705,3.6104380760922226,7.521334389086633,4.987171637094638,-6.07970778953379,4.928875836435536,0.5255691592763672,6.710723179577659,1.4519248700802745,3.9992684924359843,2.237599031049788,3.491981757195557,7.262543946188352,-6.235629845458302,-0.4084447462390486,-3.6566320672307917,-6.016214551327188,9.71915105283017,7.963906723944216,2.4482765484059037,9.770109395345898,0.5317279348023156,7.915106871727065,-5.974706977413364,4.203161678232588,1.8283130107160694,-5.692185325108701,7.52812944236193,0.7321911047318892,-2.0359392040241993,-8.730784221618288,4.175801554787366,-7.928582544463438,-8.663853634883134,-4.098374841083732,-1.545135692499855,-1.8115237896325826,-4.074928531641704,8.037824559907502,0.7958182054283309,-3.074271000700848,-6.772135246312654,-5.457736899557477,1.3232244816645249,8.561509316445669,-3.1277832964984427,-8.158165858355538,-3.864881438150447,-6.2447905223807805,9.072694831636362,-2.4461490324252955,9.757530254271483,-1.2453481319274236,-4.3657360550312685,-9.886660906059543,4.175347960467171,6.4150818842435555,-5.499015460979855,9.290507579160447,0.08541104992606208,-9.418922229236333,-1.305691802002002,-0.6257421090096553,-4.148078049279218,6.752541560673755,3.362305460442986,6.830126893603669,4.600617030387264,-8.17990703153445,-7.979323535027154,8.771207742183712,-4.5911044443485105,2.782091008247079,0.2737605554650884,-3.759790285023308,3.7105462847700927,0.4593310771103276,2.8827163386868015,-1.1737275901178599,8.336649711897195,-9.771974033823474,-9.721298868960487,-7.703404243767801,-1.2320365273411618,-2.1957378073936606,-3.8519509752763215,6.499587966477549,-5.961504042708574,0.3056528615738703,-9.448467651665869,-7.012566711710986,-4.097976801228153,-2.4832999763793957,9.114664001032239,-1.0088810752451174,-0.7608364121592892,6.68975789900481,-3.608023518468249,9.838021140481164
-3.319670041962146,-3.0480241847789795,3.7952931033379578,7.7414251654777075,-3.1075436171196973,-2.2545568520407926,0.7898035198695457,-4.899736991502275,9.510038847764562,-0.9015885618630097,1.7736496531264834,1.7332018412710113,-4.129657802508165,2.0258155821117647,-5.205012788081138,5.967804301798276,-9.136727672458559,9.667870017212902,-3.681829574638029,-2.538437408852543,6.964689990675062,4.008363991342598,7.335625784842982,-1.3787801144287481,3.1388278812826336,1.9558934240488561,2.2087708711888467,4.225631266411668,-5.3244437287549555,9.788566479096517,-4.436550793956799,-5.497469170219089,0.3627259727028438,4.976865546550142,5.41085010196956,-8.43791908835277,-5.382769733974602,3.663077134454607,4.039858491695146,2.1173178913527924,1.1210193399634996,-9.470577398623192,-0.9840731736263066,-8.091995926284309,-3.465533547434787,7.068039440016616,-2.7416941715309173,-3.6188272697933277,6.804846030944603,6.298183752179568,0.9728791274006419,8.642594451612897,3.8586326076871362,3.6600469303214176,-6.357042844127991,9.535376052338645,2.326248306202938,-0.8772269148027831,5.6076620708266205,3.878813966290167,8.79517574440429,4.628731458451924,0.10576570921133843,8.031569784260043,3.333892886884705,-4.292789763669392,4.750948627795303,9.309631513255159,4.593380634163628,3.588578040515884,5.568693136026781,3.7980095046189692,-5.604689725953154,2.2679415914035594,-8.30390155138501,-7.308186091008708,5.487464173792807,-3.1927644926931738,4.357546688103806,-5.592932052798794,1.553355231200781,-0.47432165488298317,4.257552092559829,-8.94639309252161,2.327932685681981,6.000296978369743,-9.908862229166557,-4.634499664935117,-1.408493967954378,-3.115421998825978,3.5572608044853222,5.5572270688524625,-1.4357782954543303,5.313026641957698,9.807605874818403,5.101615807560954,6.75373225658965,8.64978678354925,0.5588913492199605,6.191027753130026
5.271183633504361,-3.4839865440452495,9.475842102219094,-4.049719070365223,-7.696535695826718,8.496559628950788,3.4211301798804676,2.1863426158303394,0.14662063429847194,-4.619661621392841,-2.635424147184575,6.1598156766119025,7.006535203721835,-2.324527807932646,0.25130547476410037,7.563842376849625,0.8319835155573507,-0.347863794555046,-6.025630498725578,1.7354741241421188,8.298169877276198,-7.719024429610572,-7.366133069247729,3.1879186824841916,7.000203163215787,7.316725962272361,-7.779710106977995,-8.111011835345337,-7.303646362031911,-4.376950773308361,-9.506476449281818,-0.551761789891378,-5.738077434912682,1.229396653676158,-7.442669047116892,7.242198746262744,0.8615727387135443,-7.999714577242544,8.190024208780066,3.9835297988268525,0.015235441003774497,9.78618519151874,4.84595738063862,3.226910405943693,-7.682218244491514,-4.874497356198109,-7.143887171744138,-0.4841853498295876,9.379010031437119,7.080325810230367,1.3616741886589683,8.700661136737239,8.279093435420084,5.420839452356487,-9.389258966616321,-3.3210904087802557,-7.337582620262834,5.26186285368421,1.0756017223827996,-9.135907455093621,-9.921902308629537,-7.371557933859898,-6.265568144871847,7.051350687612214,-5.45361257790093,8.801117536964323,-9.95932022535609,8.854337164811838,-1.7242853719610665,7.6973704030418375,5.357234659193132,4.330598860403338,-1.4962653392777412,-4.575594934672569,4.687272041950459,5.5969701333638255,-4.461509036739377,3.0099005292092134,3.8591945366187765,4.926093470663828,6.16087558864529,0.549263628139034,-0.8617913826823536,7.299965135282051,7.675035454459195,-8.201852053364856,8.961434459032805,-2.657263119914024,2.4339295343957,-9.813987179840318,-6.0586858015150025,5.125913705259961,-3.913165744034126,3.7151373709906537,5.604277846447909,-5.436172911146708,4.218554434011114,-2.5068307134302366,-4.630026369761097,0.061081755833159335
8.0510566488771,-6.725896883200546,-0.10579835352256417,-1.0141646259890624,-1.505422374993799,8.833370211870573,9.183651998984857,-6.103288399615739,3.0749067779145083,-1.8616802505814594,-6.857438673531647,8.815891571255882,-9.778397622892639,-7.659389633187541,-8.124441533285076,2.09428324966472,5.12486138455267,-0.3758881598672641,-7.406694768039294,-3.001498417792739,-2.483161931436417,-7.41887235299052,6.991333229420363,3.6250358535035883,8.63585342959923,4.482171189031892,1.6905370115444125,7.376447271077769,7.176082345255804,5.894483528899443,-0.18476324768204933,-2.0007956357254226,-6.723779958180436,-3.240924044641167,-3.479388309701328,3.6492668157039336,-1.6448651126696099,-5.268533871517935,1.2918984811672978,7.990099293232305,-9.525239835480894,6.283670688466064,3.5147403197273004,-2.7993167196203323,1.6220470855960052,-7.7066728062786805,8.168003397607439,-8.136077979720566,-4.246446704435753,5.648424244146993,-8.98211183625014,-5.82326797290817,-6.825193798831353,-0.23705606661857104,4.050086846769954,-9.42830459310623,-1.5861111089329825,-7.92802242658958,-4.4389340168408875,-5.391821865124764,1.1949015994375785,0.6402896435133734,7.742556651483664,-9.885647482168334,9.967889365132283,-5.981350580412455,-9.449335975669255,9.626769492145428,4.33126320352568,-9.580962516349704,0.20289887245314553,9.473697714584407,9.587183552370139,3.7981121713993478,6.067047917377387,7.834293610092963,3.495469488105204,5.49430783850671,-0.8629679774590322,4.921465804413284,8.0407926486252,2.3556136151149154,4.118920256966845,7.1374595400330705,2.127934362847494,8.720388656398725,0.8603655195422384,-6.765137615768464,1.7379249091864892,0.015398657411225258,4.496960764792448,-8.51294730522367,-5.432058787540413,4.507696187753954,-7.877790134859961,8.136444765962885,0.1939159143141751,-6.8887365611394475,-9.530547665356735,-0.7327455800760259
-1.723146455572957,5.137691548433471,-0.22807233139636907,8.48037615012204,-1.1127345035131153,-1.5772630701879304,-4.2278072107722835,-6.361726931486265,-7.636889498566893,7.1401147685400765,2.025041943271745,-9.765134474414339,-7.804258398203596,1.8615447391977131,-7.782378016686639,3.2859345945854805,-5.674970281650642,-9.239722056021211,7.165101825504976,-8.72009287883431,-1.233104481499982,-3.7311485659464854,-7.032314511818263,5.292757781751609,7.081801398013411,-9.077716328308114,-2.341952219660122,-8.103900289670058,-6.20145643213585,7.7134133448817614,2.458407898682795,-7.557591199233902,6.264578203344509,4.40502584223864,-3.6112274409674345,7.727914621554987,-3.039187740576339,9.784216021569645,-3.304687913877771,3.0271110359990328,9.54582966047392,-2.6918669831235897,-6.1866679524745045,2.910764809472168,-2.587777423462203,-6.863866548937613,-5.82495727609815,-9.507574855981161,-2.3140562891067917,-4.929724473706707,-9.611279817854124,-1.3633989239405615,6.111062308112963,9.746441304863993,-5.740289804277731,4.104064133813237,6.248005499871365,-1.7014784789974193,-6.046153104049661,3.5813439063173362,4.238139242897958,-4.290510256604508,-1.0464388802251268,-3.855797586507461,-0.4079779937271901,-2.908496294284209,5.412058533639602,3.86286978836398,-9.61396115222231,1.5869534573588098,-9.410704582843866,8.230253675814257,-0.8009333173024729,-8.927671975572903,-4.9066041943437755,-7.359444785478235,-0.6395005565443483,-5.911418524789774,3.479717156219815,-1.2223905269465156,-6.9329196537325855,6.59952202400461,2.3207941174449864,4.109033066086326,3.1420385486473847,-7.850933986048794,-2.0486133555884933,0.6967319432568093,-9.536927857826482,-3.813608459840161,-9.997282197561645,-3.638148173033615,6.351901045121544,5.889952022311206,0.7706447411257873,9.352333295296798,3.587001996492676,-3.8637841649189175,6.82411940455308,2.7314709892346904